sample_id,dataset,model_name,perturbation_type,true_label,pred_label,true_sg,pred_sg,true_crystal_system,pred_crystal_system,class_count_train,class_frequency_group,symmetry_level,correct,top1_prob,top2_label,top2_prob,top3_label,top3_prob,top3_hit,predictive_entropy,normalized_predictive_entropy,max_probability,gate_weight,uncertainty_source
opxrd_10,opxrd,ablation1_cnn_only,corrected_ablation_clean,147,1,148,2,trigonal,triclinic,23,Head,Medium symmetry,False,0.6103026270866394,13,0.2556772530078888,17,0.025271840393543243,False,1.335876196072431,0.2456522092056341,0.6103026270866394,,single_softmax
opxrd_23,opxrd,ablation1_cnn_only,corrected_ablation_clean,59,59,60,60,orthorhombic,orthorhombic,24,Head,Low symmetry,True,0.9912729859352112,13,0.002216723747551441,18,0.0009620123892091215,True,0.07640258557218843,0.014049553386766816,0.9912729859352112,,single_softmax
opxrd_31,opxrd,ablation1_cnn_only,corrected_ablation_clean,14,14,15,15,monoclinic,monoclinic,37,Head,Low symmetry,True,0.12231014668941498,87,0.08154065907001495,226,0.039214517921209335,True,3.9797687825356816,0.7318335310052186,0.12231014668941498,,single_softmax
opxrd_43,opxrd,ablation1_cnn_only,corrected_ablation_clean,61,61,62,62,orthorhombic,orthorhombic,29,Head,Low symmetry,True,0.8296882510185242,138,0.02070959284901619,165,0.018268413841724396,True,1.0646035419001976,0.1957683000601552,0.8296882510185242,,single_softmax
opxrd_44,opxrd,ablation1_cnn_only,corrected_ablation_clean,13,13,14,14,monoclinic,monoclinic,109,Head,Low symmetry,True,0.6610308885574341,18,0.13627587258815765,166,0.025544321164488792,True,1.6065619333170196,0.2954281911043217,0.6610308885574341,,single_softmax
opxrd_49,opxrd,ablation1_cnn_only,corrected_ablation_clean,25,25,26,26,orthorhombic,orthorhombic,5,Medium,Low symmetry,True,0.577029824256897,14,0.07145924866199493,13,0.04742627590894699,True,2.205216551650356,0.4055138636966689,0.577029824256897,,single_softmax
opxrd_51,opxrd,ablation1_cnn_only,corrected_ablation_clean,10,124,11,125,monoclinic,tetragonal,13,Head,Low symmetry,False,0.34471410512924194,13,0.09764663875102997,1,0.08437862247228622,False,2.8892383928424215,0.5312975829722728,0.34471410512924194,,single_softmax
opxrd_54,opxrd,ablation1_cnn_only,corrected_ablation_clean,1,13,2,14,triclinic,monoclinic,52,Head,Low symmetry,False,0.935846209526062,28,0.008253837004303932,1,0.0076935249380767345,True,0.44845083028600063,0.0824649301362983,0.935846209526062,,single_softmax
opxrd_56,opxrd,ablation1_cnn_only,corrected_ablation_clean,128,128,129,129,tetragonal,tetragonal,29,Head,Medium symmetry,True,0.9884865283966064,13,0.005653067491948605,1,0.0021414062939584255,True,0.0890815202551906,0.016381063091341675,0.9884865283966064,,single_softmax
opxrd_58,opxrd,ablation1_cnn_only,corrected_ablation_clean,198,198,199,199,cubic,cubic,2,Medium,High symmetry,True,0.8984820246696472,4,0.015536683611571789,202,0.01108381524682045,True,0.6532350297080958,0.12012238009037865,0.8984820246696472,,single_softmax
opxrd_59,opxrd,ablation1_cnn_only,corrected_ablation_clean,1,1,2,2,triclinic,triclinic,52,Head,Low symmetry,True,0.9504680633544922,18,0.04031981900334358,11,0.0021119515877217054,True,0.2437803204465761,0.04482838638387705,0.9504680633544922,,single_softmax
opxrd_70,opxrd,ablation1_cnn_only,corrected_ablation_clean,32,18,33,19,orthorhombic,orthorhombic,9,Head,Low symmetry,False,0.5305488705635071,13,0.15372011065483093,12,0.0675375908613205,False,1.8676978351534113,0.343448068528305,0.5305488705635071,,single_softmax
opxrd_76,opxrd,ablation1_cnn_only,corrected_ablation_clean,128,128,129,129,tetragonal,tetragonal,29,Head,Medium symmetry,True,0.9817166924476624,14,0.0015817576786503196,10,0.0012990391114726663,True,0.16222781500477057,0.029831822191076798,0.9817166924476624,,single_softmax
opxrd_78,opxrd,ablation1_cnn_only,corrected_ablation_clean,220,13,221,14,cubic,monoclinic,14,Head,High symmetry,False,0.21310387551784515,61,0.06298517435789108,226,0.04143013432621956,False,3.8297305856559865,0.7042432388530793,0.21310387551784515,,single_softmax
opxrd_81,opxrd,ablation1_cnn_only,corrected_ablation_clean,147,147,148,148,trigonal,trigonal,23,Head,Medium symmetry,True,0.8899111747741699,220,0.03520796447992325,44,0.01761581376194954,True,0.6522691119829338,0.11994475897264743,0.8899111747741699,,single_softmax
opxrd_83,opxrd,ablation1_cnn_only,corrected_ablation_clean,1,1,2,2,triclinic,triclinic,52,Head,Low symmetry,True,0.2906508147716522,18,0.181269109249115,13,0.1812061220407486,True,2.607584509055126,0.47950468555624265,0.2906508147716522,,single_softmax
opxrd_86,opxrd,ablation1_cnn_only,corrected_ablation_clean,14,13,15,14,monoclinic,monoclinic,37,Head,Low symmetry,False,0.23484165966510773,1,0.11094700545072556,14,0.09666699171066284,True,3.2382268051856364,0.5954725227843071,0.23484165966510773,,single_softmax
opxrd_88,opxrd,ablation1_cnn_only,corrected_ablation_clean,59,61,60,62,orthorhombic,orthorhombic,24,Head,Low symmetry,False,0.38891828060150146,165,0.12334174662828445,138,0.1084369570016861,False,2.3062872170247584,0.42409959215571474,0.38891828060150146,,single_softmax
opxrd_96,opxrd,ablation1_cnn_only,corrected_ablation_clean,160,160,161,161,trigonal,trigonal,2,Medium,Medium symmetry,True,0.2878674268722534,14,0.1611889898777008,1,0.12817910313606262,True,2.611056134256623,0.480143077349426,0.2878674268722534,,single_softmax
opxrd_101,opxrd,ablation1_cnn_only,corrected_ablation_clean,73,73,74,74,orthorhombic,orthorhombic,29,Head,Low symmetry,True,0.8759658336639404,14,0.11517532169818878,1,0.005445404909551144,True,0.4245629124939699,0.07807221785039366,0.8759658336639404,,single_softmax
opxrd_107,opxrd,ablation1_cnn_only,corrected_ablation_clean,87,87,88,88,tetragonal,tetragonal,11,Head,Medium symmetry,True,0.5773957967758179,14,0.27219003438949585,147,0.014470160938799381,True,1.502573283833215,0.2763058790569096,0.5773957967758179,,single_softmax
opxrd_109,opxrd,ablation1_cnn_only,corrected_ablation_clean,14,14,15,15,monoclinic,monoclinic,37,Head,Low symmetry,True,0.28144243359565735,13,0.14651595056056976,128,0.08557721972465515,True,3.1940418228469007,0.5873474146664034,0.28144243359565735,,single_softmax
opxrd_113,opxrd,ablation1_cnn_only,corrected_ablation_clean,14,14,15,15,monoclinic,monoclinic,37,Head,Low symmetry,True,0.6595930457115173,73,0.2885631024837494,1,0.008071959018707275,True,0.9738943014957748,0.1790879180260829,0.6595930457115173,,single_softmax
opxrd_128,opxrd,ablation1_cnn_only,corrected_ablation_clean,161,11,162,12,trigonal,monoclinic,2,Medium,Medium symmetry,False,0.47539740800857544,13,0.19872094690799713,12,0.04302603006362915,False,2.1283964328882545,0.3913875307768732,0.47539740800857544,,single_softmax
opxrd_129,opxrd,ablation1_cnn_only,corrected_ablation_clean,73,73,74,74,orthorhombic,orthorhombic,29,Head,Low symmetry,True,0.9903918504714966,1,0.0070442999713122845,14,0.000588260474614799,True,0.06792368136910815,0.012490380796332638,0.9903918504714966,,single_softmax
opxrd_135,opxrd,ablation1_cnn_only,corrected_ablation_clean,13,1,14,2,monoclinic,triclinic,109,Head,Low symmetry,False,0.9099327325820923,18,0.07907211780548096,13,0.003241038415580988,True,0.3646630227535617,0.06705731969653259,0.9099327325820923,,single_softmax
opxrd_140,opxrd,ablation1_cnn_only,corrected_ablation_clean,147,13,148,14,trigonal,monoclinic,23,Head,Medium symmetry,False,0.9936326146125793,32,0.0021597854793071747,35,0.001463275752030313,False,0.05222919541576021,0.009604346028947896,0.9936326146125793,,single_softmax
opxrd_155,opxrd,ablation1_cnn_only,corrected_ablation_clean,59,59,60,60,orthorhombic,orthorhombic,24,Head,Low symmetry,True,0.9895917773246765,13,0.002413507318124175,223,0.0008975956006906927,True,0.09100631070354419,0.01673500983227928,0.9895917773246765,,single_softmax
opxrd_156,opxrd,ablation1_cnn_only,corrected_ablation_clean,3,3,4,4,monoclinic,monoclinic,14,Head,Low symmetry,True,0.5860660076141357,13,0.17960670590400696,163,0.05387483909726143,True,1.719236077364295,0.3161476653242713,0.5860660076141357,,single_softmax
opxrd_158,opxrd,ablation1_cnn_only,corrected_ablation_clean,61,61,62,62,orthorhombic,orthorhombic,29,Head,Low symmetry,True,0.5358498692512512,62,0.08754102140665054,138,0.027700528502464294,True,2.3464364261801203,0.4314825681798934,0.5358498692512512,,single_softmax
opxrd_163,opxrd,ablation1_cnn_only,corrected_ablation_clean,61,13,62,14,orthorhombic,monoclinic,29,Head,Low symmetry,False,0.7500916719436646,1,0.03493404760956764,59,0.03183387592434883,False,1.4114290815754116,0.259545512559818,0.7500916719436646,,single_softmax
opxrd_168,opxrd,ablation1_cnn_only,corrected_ablation_clean,226,226,227,227,cubic,cubic,13,Head,High symmetry,True,0.4755960702896118,224,0.12380757182836533,61,0.0750741958618164,True,2.357156476273251,0.4334538616245367,0.4755960702896118,,single_softmax
opxrd_170,opxrd,ablation1_cnn_only,corrected_ablation_clean,59,59,60,60,orthorhombic,orthorhombic,24,Head,Low symmetry,True,0.9795711040496826,13,0.004883198533207178,18,0.0026409802958369255,True,0.1621377859208586,0.029815266881968994,0.9795711040496826,,single_softmax
opxrd_174,opxrd,ablation1_cnn_only,corrected_ablation_clean,197,13,198,14,cubic,monoclinic,3,Medium,High symmetry,False,0.8415090441703796,18,0.04547684267163277,32,0.01937621831893921,False,0.8472148175704184,0.15579302350008886,0.8415090441703796,,single_softmax
opxrd_178,opxrd,ablation1_cnn_only,corrected_ablation_clean,192,192,193,193,hexagonal,hexagonal,6,Head,Medium symmetry,True,0.16882777214050293,61,0.08559440076351166,62,0.06344632059335709,True,3.877035831385487,0.7129421273837925,0.16882777214050293,,single_softmax
opxrd_184,opxrd,ablation1_cnn_only,corrected_ablation_clean,13,13,14,14,monoclinic,monoclinic,109,Head,Low symmetry,True,0.9177921414375305,35,0.021464237943291664,32,0.016950184479355812,True,0.4994552571428735,0.09184405536773453,0.9177921414375305,,single_softmax
opxrd_192,opxrd,ablation1_cnn_only,corrected_ablation_clean,10,10,11,11,monoclinic,monoclinic,13,Head,Low symmetry,True,0.9848035573959351,13,0.004339692648500204,1,0.0017374942544847727,True,0.12542867725966067,0.023064885621261202,0.9848035573959351,,single_softmax
opxrd_198,opxrd,ablation1_cnn_only,corrected_ablation_clean,61,18,62,19,orthorhombic,orthorhombic,29,Head,Low symmetry,False,0.5099498629570007,4,0.11330889165401459,198,0.054833222180604935,False,2.1842563228720406,0.40165951961898644,0.5099498629570007,,single_softmax
opxrd_199,opxrd,ablation1_cnn_only,corrected_ablation_clean,18,1,19,2,orthorhombic,triclinic,27,Head,Low symmetry,False,0.2495187222957611,11,0.1401350051164627,3,0.04798421263694763,False,3.3942957740062907,0.6241718042685923,0.2495187222957611,,single_softmax
opxrd_208,opxrd,ablation1_cnn_only,corrected_ablation_clean,18,162,19,163,orthorhombic,trigonal,27,Head,Low symmetry,False,0.3406359553337097,3,0.18114717304706573,60,0.1215384304523468,False,2.5415978156303556,0.4673704944795338,0.3406359553337097,,single_softmax
opxrd_209,opxrd,ablation1_cnn_only,corrected_ablation_clean,73,73,74,74,orthorhombic,orthorhombic,29,Head,Low symmetry,True,0.8841916918754578,14,0.10716851055622101,1,0.0053426530212163925,True,0.40641768059567174,0.07473551919862442,0.8841916918754578,,single_softmax
opxrd_210,opxrd,ablation1_cnn_only,corrected_ablation_clean,138,138,139,139,tetragonal,tetragonal,11,Head,Medium symmetry,True,0.355431467294693,61,0.20196017622947693,226,0.08900690823793411,True,2.5269213526414704,0.46467166238181085,0.355431467294693,,single_softmax
opxrd_218,opxrd,ablation1_cnn_only,corrected_ablation_clean,147,13,148,14,trigonal,monoclinic,23,Head,Medium symmetry,False,0.36618345975875854,226,0.04369230195879936,32,0.0372212678194046,False,3.3257751136127487,0.61157164592204,0.36618345975875854,,single_softmax
opxrd_220,opxrd,ablation1_cnn_only,corrected_ablation_clean,165,128,166,129,trigonal,tetragonal,12,Head,Medium symmetry,False,0.1895153671503067,1,0.15001174807548523,13,0.12834931910037994,False,3.334558033606416,0.613186723506373,0.1895153671503067,,single_softmax
opxrd_231,opxrd,ablation1_cnn_only,corrected_ablation_clean,3,3,4,4,monoclinic,monoclinic,14,Head,Low symmetry,True,0.6208825707435608,1,0.09476903825998306,13,0.06475633382797241,True,1.694710182437464,0.311637636408991,0.6208825707435608,,single_softmax
opxrd_233,opxrd,ablation1_cnn_only,corrected_ablation_clean,60,13,61,14,orthorhombic,monoclinic,11,Head,Low symmetry,False,0.14061078429222107,192,0.10022256523370743,128,0.09071902185678482,False,3.6454415425161217,0.6703546115141088,0.14061078429222107,,single_softmax
opxrd_240,opxrd,ablation1_cnn_only,corrected_ablation_clean,1,1,2,2,triclinic,triclinic,52,Head,Low symmetry,True,0.3135439157485962,220,0.13804908096790314,14,0.12399405986070633,True,2.858364687950921,0.5256202650926235,0.3135439157485962,,single_softmax
opxrd_243,opxrd,ablation1_cnn_only,corrected_ablation_clean,73,73,74,74,orthorhombic,orthorhombic,29,Head,Low symmetry,True,0.9935243129730225,1,0.004398714751005173,14,0.000679911463521421,True,0.049334730590087444,0.009072087365319486,0.9935243129730225,,single_softmax
opxrd_244,opxrd,ablation1_cnn_only,corrected_ablation_clean,28,13,29,14,orthorhombic,monoclinic,4,Medium,Low symmetry,False,0.36890146136283875,1,0.3160562813282013,28,0.04036641865968704,True,2.2623879584547284,0.41602702534007513,0.36890146136283875,,single_softmax
opxrd_247,opxrd,ablation1_cnn_only,corrected_ablation_clean,18,18,19,19,orthorhombic,orthorhombic,27,Head,Low symmetry,True,0.41712039709091187,13,0.3450372517108917,1,0.13110339641571045,True,1.6041994412261922,0.29499375608478257,0.41712039709091187,,single_softmax
opxrd_260,opxrd,ablation1_cnn_only,corrected_ablation_clean,147,147,148,148,trigonal,trigonal,23,Head,Medium symmetry,True,0.9735792279243469,3,0.004586325027048588,12,0.0035248142667114735,True,0.20710715996723078,0.038084615578775086,0.9735792279243469,,single_softmax
opxrd_265,opxrd,ablation1_cnn_only,corrected_ablation_clean,165,165,166,166,trigonal,trigonal,12,Head,Medium symmetry,True,0.46765539050102234,124,0.07823041826486588,61,0.06652308255434036,True,2.476243880633884,0.45535266037232724,0.46765539050102234,,single_softmax
opxrd_266,opxrd,ablation1_cnn_only,corrected_ablation_clean,140,140,141,141,tetragonal,tetragonal,5,Medium,Medium symmetry,True,0.8965684175491333,226,0.016629066318273544,147,0.014476987533271313,True,0.6593253190815171,0.12124231399120058,0.8965684175491333,,single_softmax
opxrd_270,opxrd,ablation1_cnn_only,corrected_ablation_clean,13,13,14,14,monoclinic,monoclinic,109,Head,Low symmetry,True,0.5032268762588501,73,0.22586597502231598,1,0.07392629235982895,True,1.706419481824359,0.3137908413774588,0.5032268762588501,,single_softmax
opxrd_274,opxrd,ablation1_cnn_only,corrected_ablation_clean,163,61,164,62,trigonal,orthorhombic,4,Medium,Medium symmetry,False,0.33474886417388916,138,0.27948278188705444,139,0.14642328023910522,False,2.1387638102949023,0.39329397178622666,0.33474886417388916,,single_softmax
opxrd_275,opxrd,ablation1_cnn_only,corrected_ablation_clean,1,1,2,2,triclinic,triclinic,52,Head,Low symmetry,True,0.4373982846736908,13,0.11957620829343796,10,0.10113406181335449,True,2.328107366159849,0.42811206565886617,0.4373982846736908,,single_softmax
opxrd_277,opxrd,ablation1_cnn_only,corrected_ablation_clean,224,224,225,225,cubic,cubic,289,Head,High symmetry,True,0.5313787460327148,61,0.11256109923124313,139,0.03358979895710945,True,2.27480573130053,0.418310510398012,0.5313787460327148,,single_softmax
opxrd_289,opxrd,ablation1_cnn_only,corrected_ablation_clean,32,32,33,33,orthorhombic,orthorhombic,9,Head,Low symmetry,True,0.37252235412597656,35,0.2905777394771576,13,0.1253546178340912,True,2.0846507694739578,0.38334320833705227,0.37252235412597656,,single_softmax
opxrd_292,opxrd,ablation1_cnn_only,corrected_ablation_clean,224,13,225,14,cubic,monoclinic,289,Head,High symmetry,False,0.21388864517211914,226,0.14838872849941254,61,0.10270662605762482,False,3.2970075066547935,0.606281615136584,0.21388864517211914,,single_softmax
opxrd_294,opxrd,ablation1_cnn_only,corrected_ablation_clean,204,224,205,225,cubic,cubic,4,Medium,High symmetry,False,0.4704588055610657,13,0.12027373909950256,14,0.03138893470168114,False,2.577097869674037,0.47389854455512403,0.4704588055610657,,single_softmax
opxrd_296,opxrd,ablation1_cnn_only,corrected_ablation_clean,61,14,62,15,orthorhombic,monoclinic,29,Head,Low symmetry,False,0.21564984321594238,57,0.1652093082666397,13,0.15985026955604553,False,2.8483294476334233,0.5237749002593025,0.21564984321594238,,single_softmax
opxrd_306,opxrd,ablation1_cnn_only,corrected_ablation_clean,60,18,61,19,orthorhombic,orthorhombic,11,Head,Low symmetry,False,0.47397324442863464,147,0.1697610318660736,224,0.16381075978279114,False,1.7314049441200619,0.31838537942597617,0.47397324442863464,,single_softmax
opxrd_308,opxrd,ablation1_cnn_only,corrected_ablation_clean,32,1,33,2,orthorhombic,triclinic,9,Head,Low symmetry,False,0.41772034764289856,28,0.20611773431301117,13,0.058538228273391724,False,2.258859278341499,0.41537814180734706,0.41772034764289856,,single_softmax
opxrd_309,opxrd,ablation1_cnn_only,corrected_ablation_clean,14,18,15,19,monoclinic,orthorhombic,37,Head,Low symmetry,False,0.5963685512542725,1,0.17957764863967896,4,0.042422663420438766,False,1.704370717425935,0.31341409725843455,0.5963685512542725,,single_softmax
opxrd_314,opxrd,ablation1_cnn_only,corrected_ablation_clean,226,226,227,227,cubic,cubic,13,Head,High symmetry,True,0.23385502398014069,147,0.2336483746767044,61,0.11337248235940933,True,2.8974485115322333,0.5328073290100587,0.23385502398014069,,single_softmax
opxrd_319,opxrd,ablation1_cnn_only,corrected_ablation_clean,32,35,33,36,orthorhombic,orthorhombic,9,Head,Low symmetry,False,0.3744959235191345,32,0.31942296028137207,13,0.1077861338853836,True,2.0284659481584812,0.3730114683745099,0.3744959235191345,,single_softmax
opxrd_321,opxrd,ablation1_cnn_only,corrected_ablation_clean,175,61,176,62,hexagonal,orthorhombic,5,Head,Medium symmetry,False,0.15475070476531982,35,0.07182437926530838,147,0.06811399757862091,False,3.7429396165145654,0.6882833816661846,0.15475070476531982,,single_softmax
opxrd_323,opxrd,ablation1_cnn_only,corrected_ablation_clean,59,59,60,60,orthorhombic,orthorhombic,24,Head,Low symmetry,True,0.9701073169708252,13,0.006150146946310997,18,0.003976849373430014,True,0.22866072103542004,0.042048066614294666,0.9701073169708252,,single_softmax
opxrd_328,opxrd,ablation1_cnn_only,corrected_ablation_clean,62,12,63,13,orthorhombic,monoclinic,10,Head,Low symmetry,False,0.29290539026260376,62,0.20879928767681122,13,0.14392566680908203,True,2.3388185877582566,0.43008173564525864,0.29290539026260376,,single_softmax
opxrd_331,opxrd,ablation1_cnn_only,corrected_ablation_clean,165,165,166,166,trigonal,trigonal,12,Head,Medium symmetry,True,0.9298888444900513,13,0.021313022822141647,61,0.019045155495405197,True,0.40860096217898545,0.07513699947489241,0.9298888444900513,,single_softmax
opxrd_332,opxrd,ablation1_cnn_only,corrected_ablation_clean,73,14,74,15,orthorhombic,monoclinic,29,Head,Low symmetry,False,0.7150101661682129,73,0.2728959321975708,1,0.003809534013271332,True,0.6841704161718394,0.12581104049902378,0.7150101661682129,,single_softmax
opxrd_333,opxrd,ablation1_cnn_only,corrected_ablation_clean,13,13,14,14,monoclinic,monoclinic,109,Head,Low symmetry,True,0.20295511186122894,3,0.14332526922225952,224,0.12069263309240341,True,3.0956873121564312,0.5692611556945855,0.20295511186122894,,single_softmax
opxrd_342,opxrd,ablation1_cnn_only,corrected_ablation_clean,59,59,60,60,orthorhombic,orthorhombic,24,Head,Low symmetry,True,0.9937449097633362,13,0.0016613542102277279,18,0.0005776325706392527,True,0.05695084604106112,0.01047260306549999,0.9937449097633362,,single_softmax
opxrd_344,opxrd,ablation1_cnn_only,corrected_ablation_clean,60,60,61,61,orthorhombic,orthorhombic,11,Head,Low symmetry,True,0.8402427434921265,13,0.0198080874979496,1,0.010965662077069283,True,1.032251154440704,0.18981906952826366,0.8402427434921265,,single_softmax
opxrd_352,opxrd,ablation1_cnn_only,corrected_ablation_clean,14,13,15,14,monoclinic,monoclinic,37,Head,Low symmetry,False,0.1954202502965927,18,0.16888432204723358,59,0.15808771550655365,False,3.090967882272034,0.5683933070266463,0.1954202502965927,,single_softmax
opxrd_354,opxrd,ablation1_cnn_only,corrected_ablation_clean,61,61,62,62,orthorhombic,orthorhombic,29,Head,Low symmetry,True,0.2580873966217041,59,0.17527374625205994,226,0.05129217356443405,True,3.231091550156473,0.5941604317639618,0.2580873966217041,,single_softmax
opxrd_361,opxrd,ablation1_cnn_only,corrected_ablation_clean,1,1,2,2,triclinic,triclinic,52,Head,Low symmetry,True,0.4311063587665558,14,0.3968348205089569,13,0.06376703828573227,True,1.4519872032240062,0.2670036828704355,0.4311063587665558,,single_softmax
opxrd_363,opxrd,ablation1_cnn_only,corrected_ablation_clean,1,60,2,61,triclinic,orthorhombic,52,Head,Low symmetry,False,0.3690551817417145,13,0.28272879123687744,57,0.1474316418170929,False,1.881674740018008,0.3460182599636639,0.3690551817417145,,single_softmax
opxrd_376,opxrd,ablation1_cnn_only,corrected_ablation_clean,56,13,57,14,orthorhombic,monoclinic,2,Tail,Low symmetry,False,0.23282907903194427,62,0.16775640845298767,51,0.12600867450237274,False,3.130667768407845,0.5756936577351526,0.23282907903194427,,single_softmax
opxrd_377,opxrd,ablation1_cnn_only,corrected_ablation_clean,14,14,15,15,monoclinic,monoclinic,37,Head,Low symmetry,True,0.8013660311698914,12,0.05446228012442589,147,0.04009008780121803,True,1.0002030520105605,0.18392579350017105,0.8013660311698914,,single_softmax
opxrd_381,opxrd,ablation1_cnn_only,corrected_ablation_clean,160,13,161,14,trigonal,monoclinic,2,Medium,Medium symmetry,False,0.2679370641708374,17,0.128656804561615,11,0.07811945676803589,False,3.329143867446258,0.6121911208583437,0.2679370641708374,,single_softmax
opxrd_382,opxrd,ablation1_cnn_only,corrected_ablation_clean,14,193,15,194,monoclinic,hexagonal,37,Head,Low symmetry,False,0.14640562236309052,166,0.126158207654953,87,0.05212409421801567,False,3.5673272291612337,0.65599029115072,0.14640562236309052,,single_softmax
opxrd_398,opxrd,ablation1_cnn_only,corrected_ablation_clean,14,18,15,19,monoclinic,orthorhombic,37,Head,Low symmetry,False,0.7420218586921692,13,0.0901721641421318,1,0.06367547065019608,False,1.2345422878728545,0.22701807343028774,0.7420218586921692,,single_softmax
opxrd_405,opxrd,ablation1_cnn_only,corrected_ablation_clean,61,61,62,62,orthorhombic,orthorhombic,29,Head,Low symmetry,True,0.8900012373924255,138,0.013335314579308033,165,0.013187786564230919,True,0.7287105661834474,0.1340014598514086,0.8900012373924255,,single_softmax
opxrd_409,opxrd,ablation1_cnn_only,corrected_ablation_clean,128,128,129,129,tetragonal,tetragonal,29,Head,Medium symmetry,True,0.9923129677772522,13,0.003761021653190255,1,0.0014976669335737824,True,0.0622837337840418,0.011453259551003996,0.9923129677772522,,single_softmax
opxrd_410,opxrd,ablation1_cnn_only,corrected_ablation_clean,11,11,12,12,monoclinic,monoclinic,10,Head,Low symmetry,True,0.20493248105049133,28,0.1759420484304428,60,0.08426874876022339,True,3.1057948735316696,0.5711198195354481,0.20493248105049133,,single_softmax
opxrd_413,opxrd,ablation1_cnn_only,corrected_ablation_clean,13,1,14,2,monoclinic,triclinic,109,Head,Low symmetry,False,0.42249831557273865,13,0.250139057636261,3,0.12835155427455902,True,1.961528944038377,0.36070252613266557,0.42249831557273865,,single_softmax
opxrd_415,opxrd,ablation1_cnn_only,corrected_ablation_clean,13,13,14,14,monoclinic,monoclinic,109,Head,Low symmetry,True,0.2643950581550598,60,0.2517382502555847,14,0.0646294429898262,True,2.7199205669111586,0.5001619896289698,0.2643950581550598,,single_softmax
opxrd_420,opxrd,ablation1_cnn_only,corrected_ablation_clean,192,192,193,193,hexagonal,hexagonal,6,Head,Medium symmetry,True,0.24644096195697784,61,0.06847275048494339,62,0.05891731381416321,True,3.645110342968115,0.6702937077410683,0.24644096195697784,,single_softmax
opxrd_422,opxrd,ablation1_cnn_only,corrected_ablation_clean,87,87,88,88,tetragonal,tetragonal,11,Head,Medium symmetry,True,0.8331493139266968,13,0.040359534323215485,14,0.03235325589776039,True,0.913854874524179,0.16804736058642242,0.8331493139266968,,single_softmax
opxrd_424,opxrd,ablation1_cnn_only,corrected_ablation_clean,226,140,227,141,cubic,tetragonal,13,Head,High symmetry,False,0.6988864541053772,87,0.1398836374282837,128,0.032657332718372345,False,1.284066011575534,0.236124914447008,0.6988864541053772,,single_softmax
opxrd_427,opxrd,ablation1_cnn_only,corrected_ablation_clean,224,14,225,15,cubic,monoclinic,289,Head,High symmetry,False,0.5240027904510498,128,0.10202475637197495,140,0.05668935552239418,False,2.2026404132053843,0.40504014157923957,0.5240027904510498,,single_softmax
opxrd_428,opxrd,ablation1_cnn_only,corrected_ablation_clean,147,1,148,2,trigonal,triclinic,23,Head,Medium symmetry,False,0.4379160702228546,13,0.35362157225608826,17,0.04934760928153992,False,1.668051054138551,0.30673533050566065,0.4379160702228546,,single_softmax
opxrd_433,opxrd,ablation1_cnn_only,corrected_ablation_clean,13,13,14,14,monoclinic,monoclinic,109,Head,Low symmetry,True,0.13689257204532623,1,0.10893554985523224,124,0.07956407964229584,True,3.6341688572455366,0.668281694840737,0.13689257204532623,,single_softmax
opxrd_435,opxrd,ablation1_cnn_only,corrected_ablation_clean,139,124,140,125,tetragonal,tetragonal,6,Head,Medium symmetry,False,0.19287997484207153,138,0.16683275997638702,13,0.06989625096321106,False,3.4070829641862392,0.6265232209092004,0.19287997484207153,,single_softmax
opxrd_439,opxrd,ablation1_cnn_only,corrected_ablation_clean,147,147,148,148,trigonal,trigonal,23,Head,Medium symmetry,True,0.9871568083763123,44,0.0030243515502661467,220,0.0024498486891388893,True,0.10825037463027015,0.01990599409843933,0.9871568083763123,,single_softmax
opxrd_442,opxrd,ablation1_cnn_only,corrected_ablation_clean,120,11,121,12,tetragonal,monoclinic,2,Tail,Medium symmetry,False,0.23023657500743866,165,0.18020637333393097,61,0.16925282776355743,False,2.692507754182556,0.495121089860623,0.23023657500743866,,single_softmax
opxrd_447,opxrd,ablation1_cnn_only,corrected_ablation_clean,224,61,225,62,cubic,orthorhombic,289,Head,High symmetry,False,0.07398401945829391,226,0.04953275993466377,73,0.04556579887866974,False,4.029811188151333,0.7410357516373338,0.07398401945829391,,single_softmax
opxrd_458,opxrd,ablation1_cnn_only,corrected_ablation_clean,144,1,145,2,trigonal,triclinic,2,Medium,Medium symmetry,False,0.566644549369812,136,0.11425980925559998,60,0.03555337339639664,False,2.0665685677237087,0.3800181002017997,0.566644549369812,,single_softmax
opxrd_462,opxrd,ablation1_cnn_only,corrected_ablation_clean,87,13,88,14,tetragonal,monoclinic,11,Head,Medium symmetry,False,0.6107385158538818,60,0.09593688696622849,18,0.04051923751831055,False,1.9691254049252518,0.3620994275854285,0.6107385158538818,,single_softmax
opxrd_465,opxrd,ablation1_cnn_only,corrected_ablation_clean,62,60,63,61,orthorhombic,orthorhombic,10,Head,Low symmetry,False,0.3235224187374115,32,0.2761382758617401,13,0.10977670550346375,False,2.361637311626975,0.4342778355129593,0.3235224187374115,,single_softmax
opxrd_477,opxrd,ablation1_cnn_only,corrected_ablation_clean,13,13,14,14,monoclinic,monoclinic,109,Head,Low symmetry,True,0.9866727590560913,165,0.0011593648232519627,138,0.0011244072811678052,True,0.12043211879948432,0.022146076207802,0.9866727590560913,,single_softmax
opxrd_479,opxrd,ablation1_cnn_only,corrected_ablation_clean,147,1,148,2,trigonal,triclinic,23,Head,Medium symmetry,False,0.3966852128505707,13,0.3248693645000458,17,0.06269469112157822,False,1.9655024278781386,0.36143320393525696,0.3966852128505707,,single_softmax
opxrd_485,opxrd,ablation1_cnn_only,corrected_ablation_clean,91,124,92,125,tetragonal,tetragonal,3,Medium,Medium symmetry,False,0.6873726844787598,91,0.07746339589357376,138,0.06658496707677841,True,1.5993588194478023,0.2941036216267494,0.6873726844787598,,single_softmax
opxrd_486,opxrd,ablation1_cnn_only,corrected_ablation_clean,138,147,139,148,tetragonal,trigonal,11,Head,Medium symmetry,False,0.7499354481697083,3,0.04691755399107933,12,0.04292928799986839,False,1.3868239483852676,0.2550209126427535,0.7499354481697083,,single_softmax
opxrd_493,opxrd,ablation1_cnn_only,corrected_ablation_clean,73,73,74,74,orthorhombic,orthorhombic,29,Head,Low symmetry,True,0.8962581753730774,14,0.09531460702419281,1,0.005227393936365843,True,0.37916143568635136,0.06972341044460233,0.8962581753730774,,single_softmax
opxrd_513,opxrd,ablation1_cnn_only,corrected_ablation_clean,13,122,14,123,monoclinic,tetragonal,109,Head,Low symmetry,False,0.38411176204681396,59,0.22636350989341736,13,0.2116200029850006,True,1.841037323464414,0.33854550823550994,0.38411176204681396,,single_softmax
opxrd_514,opxrd,ablation1_cnn_only,corrected_ablation_clean,10,1,11,2,monoclinic,triclinic,13,Head,Low symmetry,False,0.48774537444114685,13,0.2622860074043274,18,0.12587973475456238,False,1.6719856422583868,0.30745885583442506,0.48774537444114685,,single_softmax
opxrd_519,opxrd,ablation1_cnn_only,corrected_ablation_clean,147,11,148,12,trigonal,monoclinic,23,Head,Medium symmetry,False,0.13957196474075317,14,0.09636195749044418,181,0.08358031511306763,False,3.42169598861311,0.6292103873877939,0.13957196474075317,,single_softmax
opxrd_526,opxrd,ablation1_cnn_only,corrected_ablation_clean,162,11,163,12,trigonal,monoclinic,4,Medium,Medium symmetry,False,0.38010209798812866,220,0.10363131761550903,1,0.09621312469244003,False,2.5465621095249285,0.46828337081188653,0.38010209798812866,,single_softmax
opxrd_527,opxrd,ablation1_cnn_only,corrected_ablation_clean,1,1,2,2,triclinic,triclinic,52,Head,Low symmetry,True,0.36677414178848267,18,0.278457909822464,3,0.0691412091255188,True,2.3673422084204767,0.4353269001678533,0.36677414178848267,,single_softmax
opxrd_529,opxrd,ablation1_cnn_only,corrected_ablation_clean,226,226,227,227,cubic,cubic,13,Head,High symmetry,True,0.14737343788146973,61,0.11926204711198807,13,0.09816641360521317,True,3.4757105383655147,0.6391430394665846,0.14737343788146973,,single_softmax
opxrd_533,opxrd,ablation1_cnn_only,corrected_ablation_clean,13,13,14,14,monoclinic,monoclinic,109,Head,Low symmetry,True,0.6254777312278748,28,0.08186887949705124,1,0.07193785905838013,True,1.7747448661645502,0.326355090712344,0.6254777312278748,,single_softmax
opxrd_536,opxrd,ablation1_cnn_only,corrected_ablation_clean,59,61,60,62,orthorhombic,orthorhombic,24,Head,Low symmetry,False,0.11971262097358704,1,0.05671481415629387,59,0.05236807465553284,True,3.8881651428220545,0.7149886792643996,0.11971262097358704,,single_softmax
opxrd_538,opxrd,ablation1_cnn_only,corrected_ablation_clean,11,13,12,14,monoclinic,monoclinic,10,Head,Low symmetry,False,0.2582995295524597,14,0.16762180626392365,1,0.08668195456266403,False,3.248276595179548,0.5973205631351385,0.2582995295524597,,single_softmax
opxrd_551,opxrd,ablation1_cnn_only,corrected_ablation_clean,224,224,225,225,cubic,cubic,289,Head,High symmetry,True,0.5786917805671692,13,0.0794747918844223,138,0.026860034093260765,True,2.239538118957021,0.4118252036674464,0.5786917805671692,,single_softmax
opxrd_553,opxrd,ablation1_cnn_only,corrected_ablation_clean,61,61,62,62,orthorhombic,orthorhombic,29,Head,Low symmetry,True,0.7735683917999268,138,0.02818286418914795,1,0.022388895973563194,True,1.3529289966404225,0.24878802234833874,0.7735683917999268,,single_softmax
opxrd_566,opxrd,ablation1_cnn_only,corrected_ablation_clean,224,224,225,225,cubic,cubic,289,Head,High symmetry,True,0.9890135526657104,32,0.0025564611423760653,3,0.002096806652843952,True,0.09353177878773819,0.017199414255372195,0.9890135526657104,,single_softmax
opxrd_572,opxrd,ablation1_cnn_only,corrected_ablation_clean,162,1,163,2,trigonal,triclinic,4,Medium,Medium symmetry,False,0.6910894513130188,73,0.2685089409351349,14,0.029791992157697678,False,0.7978298378490839,0.1467116958996804,0.6910894513130188,,single_softmax
opxrd_575,opxrd,ablation1_cnn_only,corrected_ablation_clean,13,1,14,2,monoclinic,triclinic,109,Head,Low symmetry,False,0.8421909809112549,11,0.053396038711071014,13,0.03900542110204697,True,0.7999835630529397,0.14710774109900687,0.8421909809112549,,single_softmax
opxrd_591,opxrd,ablation1_cnn_only,corrected_ablation_clean,35,35,36,36,orthorhombic,orthorhombic,6,Head,Low symmetry,True,0.501488208770752,13,0.1575922816991806,32,0.13335810601711273,True,2.04997325113228,0.3769664130805402,0.501488208770752,,single_softmax
opxrd_593,opxrd,ablation1_cnn_only,corrected_ablation_clean,13,1,14,2,monoclinic,triclinic,109,Head,Low symmetry,False,0.36084726452827454,128,0.23965266346931458,13,0.09018871933221817,True,2.4126194721429624,0.44365286622138095,0.36084726452827454,,single_softmax
opxrd_598,opxrd,ablation1_cnn_only,corrected_ablation_clean,13,13,14,14,monoclinic,monoclinic,109,Head,Low symmetry,True,0.7800979018211365,3,0.10032161325216293,1,0.025182001292705536,True,1.060969197591143,0.19509998610175244,0.7800979018211365,,single_softmax
opxrd_613,opxrd,ablation1_cnn_only,corrected_ablation_clean,122,138,123,139,tetragonal,tetragonal,3,Medium,Medium symmetry,False,0.144893079996109,13,0.07449816167354584,61,0.057189494371414185,False,3.8248654670140176,0.7033485997046606,0.144893079996109,,single_softmax
opxrd_615,opxrd,ablation1_cnn_only,corrected_ablation_clean,1,18,2,19,triclinic,orthorhombic,52,Head,Low symmetry,False,0.4796442687511444,14,0.30164244771003723,71,0.049296796321868896,False,1.5627345807760158,0.28736884697723464,0.4796442687511444,,single_softmax
opxrd_618,opxrd,ablation1_cnn_only,corrected_ablation_clean,128,128,129,129,tetragonal,tetragonal,29,Head,Medium symmetry,True,0.9922418594360352,13,0.003188543487340212,1,0.00163104641251266,True,0.06460949802635729,0.011880940743240235,0.9922418594360352,,single_softmax
opxrd_620,opxrd,ablation1_cnn_only,corrected_ablation_clean,62,13,63,14,orthorhombic,monoclinic,10,Head,Low symmetry,False,0.3805467188358307,1,0.1584281176328659,32,0.09125689417123795,False,2.489588761599985,0.4578066299097343,0.3805467188358307,,single_softmax
opxrd_621,opxrd,ablation1_cnn_only,corrected_ablation_clean,58,1,59,2,orthorhombic,triclinic,2,Tail,Low symmetry,False,0.7991233468055725,18,0.08377272635698318,13,0.08176356554031372,False,0.8308214917502262,0.15277848014959142,0.7991233468055725,,single_softmax
opxrd_622,opxrd,ablation1_cnn_only,corrected_ablation_clean,57,57,58,58,orthorhombic,orthorhombic,3,Medium,Low symmetry,True,0.7757835984230042,1,0.10203547775745392,60,0.0950009673833847,True,0.7779556746244465,0.1430570667382361,0.7757835984230042,,single_softmax
opxrd_626,opxrd,ablation1_cnn_only,corrected_ablation_clean,8,1,9,2,monoclinic,triclinic,2,Tail,Low symmetry,False,0.9076083898544312,18,0.0638832300901413,13,0.012902126647531986,False,0.43202737628722593,0.079444846561602,0.9076083898544312,,single_softmax
opxrd_630,opxrd,ablation1_cnn_only,corrected_ablation_clean,128,128,129,129,tetragonal,tetragonal,29,Head,Medium symmetry,True,0.9645227789878845,1,0.005629035644233227,13,0.003298720810562372,True,0.2805612666423096,0.051591977737791415,0.9645227789878845,,single_softmax
opxrd_634,opxrd,ablation1_cnn_only,corrected_ablation_clean,192,192,193,193,hexagonal,hexagonal,6,Head,Medium symmetry,True,0.2849249839782715,62,0.04648008570075035,61,0.04040203243494034,True,3.5926686839881534,0.6606502921156449,0.2849249839782715,,single_softmax
opxrd_671,opxrd,ablation1_cnn_only,corrected_ablation_clean,12,14,13,15,monoclinic,monoclinic,5,Medium,Low symmetry,False,0.5649263858795166,87,0.037204377353191376,1,0.03480800241231918,False,2.366681579253176,0.43520541809122804,0.5649263858795166,,single_softmax
opxrd_676,opxrd,ablation1_cnn_only,corrected_ablation_clean,13,13,14,14,monoclinic,monoclinic,109,Head,Low symmetry,True,0.8519095182418823,18,0.06971248984336853,1,0.031452637165784836,True,0.7142930378625593,0.1313502428496207,0.8519095182418823,,single_softmax
opxrd_688,opxrd,ablation1_cnn_only,corrected_ablation_clean,139,139,140,140,tetragonal,tetragonal,6,Head,Medium symmetry,True,0.4174852669239044,61,0.12177316099405289,226,0.03970992937684059,True,2.757597284332179,0.5070903029691592,0.4174852669239044,,single_softmax
opxrd_693,opxrd,ablation1_cnn_only,corrected_ablation_clean,73,13,74,14,orthorhombic,monoclinic,29,Head,Low symmetry,False,0.0984915941953659,1,0.09156793355941772,25,0.056650370359420776,False,3.890386279427961,0.7153971206422702,0.0984915941953659,,single_softmax
opxrd_704,opxrd,ablation1_cnn_only,corrected_ablation_clean,1,3,2,4,triclinic,monoclinic,52,Head,Low symmetry,False,0.41007742285728455,1,0.189125657081604,13,0.15358737111091614,True,2.3280481898535377,0.4281011838193509,0.41007742285728455,,single_softmax
opxrd_708,opxrd,ablation1_cnn_only,corrected_ablation_clean,44,44,45,45,orthorhombic,orthorhombic,3,Medium,Low symmetry,True,0.9381800889968872,147,0.04468594491481781,174,0.0057131522335112095,True,0.3168000930886243,0.05825587952878798,0.9381800889968872,,single_softmax
opxrd_711,opxrd,ablation1_cnn_only,corrected_ablation_clean,13,13,14,14,monoclinic,monoclinic,109,Head,Low symmetry,True,0.594081461429596,14,0.10438644140958786,87,0.041374195367097855,True,2.0411964165523795,0.3753524545335402,0.594081461429596,,single_softmax
opxrd_715,opxrd,ablation1_cnn_only,corrected_ablation_clean,52,1,53,2,orthorhombic,triclinic,1,Tail,Low symmetry,False,0.33821186423301697,18,0.1733139008283615,100,0.062322430312633514,False,2.831820391312634,0.5207390754059025,0.33821186423301697,,single_softmax
opxrd_717,opxrd,ablation1_cnn_only,corrected_ablation_clean,62,61,63,62,orthorhombic,orthorhombic,10,Head,Low symmetry,False,0.24013662338256836,226,0.16566021740436554,62,0.08276938647031784,True,3.1228263886725802,0.5742517185338617,0.24013662338256836,,single_softmax
opxrd_718,opxrd,ablation1_cnn_only,corrected_ablation_clean,163,13,164,14,trigonal,monoclinic,4,Medium,Medium symmetry,False,0.9744739532470703,1,0.001840771990828216,60,0.0015523851616308093,False,0.22124916686018675,0.040685167370976924,0.9744739532470703,,single_softmax
opxrd_720,opxrd,ablation1_cnn_only,corrected_ablation_clean,2,1,3,2,monoclinic,triclinic,2,Tail,Low symmetry,False,0.22011272609233856,18,0.14101620018482208,13,0.09679990261793137,False,3.3715676317723946,0.6199923613177324,0.22011272609233856,,single_softmax
opxrd_721,opxrd,ablation1_cnn_only,corrected_ablation_clean,1,1,2,2,triclinic,triclinic,52,Head,Low symmetry,True,0.6299653649330139,128,0.22126753628253937,13,0.09698504954576492,True,1.171687603140333,0.21545982259172697,0.6299653649330139,,single_softmax
opxrd_722,opxrd,ablation1_cnn_only,corrected_ablation_clean,13,18,14,19,monoclinic,orthorhombic,109,Head,Low symmetry,False,0.4402480721473694,87,0.2683321237564087,4,0.15187478065490723,False,1.6897463180200734,0.3107248390525337,0.4402480721473694,,single_softmax
opxrd_723,opxrd,ablation1_cnn_only,corrected_ablation_clean,35,35,36,36,orthorhombic,orthorhombic,6,Head,Low symmetry,True,0.5049718022346497,32,0.13455580174922943,13,0.10818883776664734,True,2.2400158334831253,0.41191304985338195,0.5049718022346497,,single_softmax
opxrd_732,opxrd,ablation1_cnn_only,corrected_ablation_clean,202,202,203,203,cubic,cubic,4,Medium,High symmetry,True,0.8341500759124756,128,0.0233478844165802,14,0.015186344273388386,True,1.0517139063813257,0.19339804490449358,0.8341500759124756,,single_softmax
opxrd_733,opxrd,ablation1_cnn_only,corrected_ablation_clean,147,147,148,148,trigonal,trigonal,23,Head,Medium symmetry,True,0.9916256070137024,44,0.0017883379478007555,220,0.0014385535614565015,True,0.07346265900842178,0.013508934834377812,0.9916256070137024,,single_softmax
opxrd_737,opxrd,ablation1_cnn_only,corrected_ablation_clean,14,14,15,15,monoclinic,monoclinic,37,Head,Low symmetry,True,0.9452759027481079,12,0.025193609297275543,13,0.00471861707046628,True,0.3435675466684312,0.06317810520061387,0.9452759027481079,,single_softmax
opxrd_741,opxrd,ablation1_cnn_only,corrected_ablation_clean,59,59,60,60,orthorhombic,orthorhombic,24,Head,Low symmetry,True,0.9890916347503662,13,0.002542325062677264,223,0.0009367956081405282,True,0.0947660920824133,0.01742639021959724,0.9890916347503662,,single_softmax
opxrd_757,opxrd,ablation1_cnn_only,corrected_ablation_clean,13,3,14,4,monoclinic,monoclinic,109,Head,Low symmetry,False,0.5858712196350098,13,0.060363732278347015,12,0.04957811161875725,True,2.1227454273086295,0.3903483760940144,0.5858712196350098,,single_softmax
opxrd_759,opxrd,ablation1_cnn_only,corrected_ablation_clean,13,13,14,14,monoclinic,monoclinic,109,Head,Low symmetry,True,0.7162482738494873,18,0.12106423079967499,1,0.04225028678774834,True,1.2091202108472725,0.2223432469738461,0.7162482738494873,,single_softmax
opxrd_764,opxrd,ablation1_cnn_only,corrected_ablation_clean,6,13,7,14,monoclinic,monoclinic,2,Tail,Low symmetry,False,0.5884351134300232,1,0.21255159378051758,59,0.09380125254392624,False,1.4297434564813083,0.2629133146578575,0.5884351134300232,,single_softmax
opxrd_786,opxrd,ablation1_cnn_only,corrected_ablation_clean,18,1,19,2,orthorhombic,triclinic,27,Head,Low symmetry,False,0.32484012842178345,3,0.19663701951503754,128,0.0896022766828537,False,2.6874743924925024,0.4941955127580981,0.32484012842178345,,single_softmax
opxrd_802,opxrd,ablation1_cnn_only,corrected_ablation_clean,13,128,14,129,monoclinic,tetragonal,109,Head,Low symmetry,False,0.39236342906951904,14,0.14708156883716583,202,0.06407488882541656,False,2.6866863757078314,0.4940506055693821,0.39236342906951904,,single_softmax
opxrd_803,opxrd,ablation1_cnn_only,corrected_ablation_clean,124,124,125,125,tetragonal,tetragonal,13,Head,Medium symmetry,True,0.9649319648742676,91,0.005812034942209721,138,0.003747156821191311,True,0.2755034912876875,0.0506619112442184,0.9649319648742676,,single_softmax
opxrd_806,opxrd,ablation1_cnn_only,corrected_ablation_clean,86,226,87,227,tetragonal,cubic,3,Medium,Medium symmetry,False,0.48346227407455444,61,0.12377872318029404,3,0.06434269994497299,False,2.3375976947500634,0.4298572275167748,0.48346227407455444,,single_softmax
opxrd_807,opxrd,ablation1_cnn_only,corrected_ablation_clean,166,138,167,139,trigonal,tetragonal,5,Medium,Medium symmetry,False,0.23042362928390503,61,0.11837731301784515,226,0.05114036798477173,False,3.3786343640482857,0.6212918517948749,0.23042362928390503,,single_softmax
opxrd_809,opxrd,ablation1_cnn_only,corrected_ablation_clean,61,226,62,227,orthorhombic,cubic,29,Head,Low symmetry,False,0.11509889364242554,13,0.10327060520648956,32,0.06743459403514862,False,3.7901509608806374,0.6969650028202939,0.11509889364242554,,single_softmax
opxrd_813,opxrd,ablation1_cnn_only,corrected_ablation_clean,13,13,14,14,monoclinic,monoclinic,109,Head,Low symmetry,True,0.42256101965904236,14,0.2497495859861374,10,0.029452765360474586,True,2.381717970648596,0.43797043686738807,0.42256101965904236,,single_softmax
opxrd_822,opxrd,ablation1_cnn_only,corrected_ablation_clean,14,18,15,19,monoclinic,orthorhombic,37,Head,Low symmetry,False,0.2760356366634369,13,0.08172120153903961,4,0.04191383719444275,False,3.47163794613131,0.6383941367745032,0.2760356366634369,,single_softmax
opxrd_823,opxrd,ablation1_cnn_only,corrected_ablation_clean,13,13,14,14,monoclinic,monoclinic,109,Head,Low symmetry,True,0.7442108988761902,1,0.10377568751573563,18,0.04643198475241661,True,1.1537685189344677,0.21216470988962602,0.7442108988761902,,single_softmax
opxrd_825,opxrd,ablation1_cnn_only,corrected_ablation_clean,3,3,4,4,monoclinic,monoclinic,14,Head,Low symmetry,True,0.33491215109825134,1,0.11597449332475662,11,0.07717442512512207,True,2.8480880313747186,0.5237305065965788,0.33491215109825134,,single_softmax
opxrd_829,opxrd,ablation1_cnn_only,corrected_ablation_clean,10,10,11,11,monoclinic,monoclinic,13,Head,Low symmetry,True,0.9877465963363647,13,0.003911586478352547,1,0.001671293517574668,True,0.10227681492345175,0.01880752543561263,0.9877465963363647,,single_softmax
opxrd_834,opxrd,ablation1_cnn_only,corrected_ablation_clean,14,1,15,2,monoclinic,triclinic,37,Head,Low symmetry,False,0.24700430035591125,62,0.09997355937957764,25,0.09979109466075897,False,3.1642088754413855,0.5818614800724443,0.24700430035591125,,single_softmax
opxrd_836,opxrd,ablation1_cnn_only,corrected_ablation_clean,11,224,12,225,monoclinic,cubic,10,Head,Low symmetry,False,0.46221843361854553,13,0.32670432329177856,11,0.03950841724872589,True,1.7852307498665958,0.3282833236612161,0.46221843361854553,,single_softmax
opxrd_838,opxrd,ablation1_cnn_only,corrected_ablation_clean,165,13,166,14,trigonal,monoclinic,12,Head,Medium symmetry,False,0.18507564067840576,14,0.12228696793317795,140,0.08456797897815704,False,3.3404197304219467,0.6142646218749961,0.18507564067840576,,single_softmax
opxrd_841,opxrd,ablation1_cnn_only,corrected_ablation_clean,200,13,201,14,cubic,monoclinic,2,Medium,High symmetry,False,0.19789926707744598,14,0.15377196669578552,147,0.0686899945139885,False,3.261075650577204,0.599674161652294,0.19789926707744598,,single_softmax
opxrd_844,opxrd,ablation1_cnn_only,corrected_ablation_clean,165,190,166,191,trigonal,hexagonal,12,Head,Medium symmetry,False,0.3546691834926605,87,0.13307513296604156,14,0.12326925992965698,False,2.522723694273557,0.4638997614716815,0.3546691834926605,,single_softmax
opxrd_845,opxrd,ablation1_cnn_only,corrected_ablation_clean,14,147,15,148,monoclinic,trigonal,37,Head,Low symmetry,False,0.3132410943508148,3,0.19037248194217682,14,0.1765436828136444,True,2.4564618467628945,0.4517149727353467,0.3132410943508148,,single_softmax
opxrd_846,opxrd,ablation1_cnn_only,corrected_ablation_clean,220,138,221,139,cubic,tetragonal,14,Head,High symmetry,False,0.13148310780525208,220,0.08068466186523438,13,0.038007430732250214,True,4.081454825130338,0.7505324202302807,0.13148310780525208,,single_softmax
opxrd_855,opxrd,ablation1_cnn_only,corrected_ablation_clean,13,162,14,163,monoclinic,trigonal,109,Head,Low symmetry,False,0.16378003358840942,13,0.14848075807094574,60,0.06082158908247948,True,3.5477875925435454,0.6523971775700435,0.16378003358840942,,single_softmax
opxrd_857,opxrd,ablation1_cnn_only,corrected_ablation_clean,224,224,225,225,cubic,cubic,289,Head,High symmetry,True,0.9981978535652161,226,0.00025249237660318613,139,0.000212649698369205,True,0.019509359431329684,0.0035875459556680813,0.9981978535652161,,single_softmax
opxrd_861,opxrd,ablation1_cnn_only,corrected_ablation_clean,224,224,225,225,cubic,cubic,289,Head,High symmetry,True,0.998336672782898,226,0.0002120688441209495,139,0.00016470463015139103,True,0.01842240064995174,0.003387666785168603,0.998336672782898,,single_softmax
opxrd_864,opxrd,ablation1_cnn_only,corrected_ablation_clean,224,224,225,225,cubic,cubic,289,Head,High symmetry,True,0.998234748840332,226,0.00024306346313096583,139,0.00021573489357251674,True,0.01915657033165733,0.0035226721133367507,0.998234748840332,,single_softmax
opxrd_867,opxrd,ablation1_cnn_only,corrected_ablation_clean,224,224,225,225,cubic,cubic,289,Head,High symmetry,True,0.9985625147819519,138,0.00015175288717728108,226,0.00014750788977835327,True,0.015697380372165285,0.0028865670175879715,0.9985625147819519,,single_softmax
opxrd_874,opxrd,ablation1_cnn_only,corrected_ablation_clean,224,224,225,225,cubic,cubic,289,Head,High symmetry,True,0.9996046423912048,226,5.976589454803616e-05,138,3.722177279996686e-05,True,0.004827748862156854,0.0008877672773611693,0.9996046423912048,,single_softmax
opxrd_875,opxrd,ablation1_cnn_only,corrected_ablation_clean,224,224,225,225,cubic,cubic,289,Head,High symmetry,True,0.9982922673225403,138,0.0001815070427255705,226,0.00017420173389837146,True,0.01840646185160713,0.0033847358241731545,0.9982922673225403,,single_softmax
opxrd_879,opxrd,ablation1_cnn_only,corrected_ablation_clean,224,224,225,225,cubic,cubic,289,Head,High symmetry,True,0.9982617497444153,226,0.00017827328701969236,138,0.00016627802688162774,True,0.018756153210633522,0.00344904002776441,0.9982617497444153,,single_softmax
opxrd_885,opxrd,ablation1_cnn_only,corrected_ablation_clean,224,224,225,225,cubic,cubic,289,Head,High symmetry,True,0.998687207698822,226,0.00019519937632139772,139,0.00011626001651166007,True,0.01477770179760279,0.002717448745801567,0.998687207698822,,single_softmax
opxrd_886,opxrd,ablation1_cnn_only,corrected_ablation_clean,224,224,225,225,cubic,cubic,289,Head,High symmetry,True,0.9996746778488159,226,5.399823567131534e-05,139,2.764609052974265e-05,True,0.004035648011177737,0.0007421090760033147,0.9996746778488159,,single_softmax
opxrd_888,opxrd,ablation1_cnn_only,corrected_ablation_clean,224,224,225,225,cubic,cubic,289,Head,High symmetry,True,0.9980816841125488,226,0.00026556002558209,139,0.00022372612147592008,True,0.020675578542012907,0.0038020001856329893,0.9980816841125488,,single_softmax
opxrd_898,opxrd,ablation1_cnn_only,corrected_ablation_clean,224,224,225,225,cubic,cubic,289,Head,High symmetry,True,0.9988388419151306,226,0.00015853125660214573,139,0.00011744999937945977,True,0.01321734514111113,0.0024305171716460902,0.9988388419151306,,single_softmax
opxrd_903,opxrd,ablation1_cnn_only,corrected_ablation_clean,224,224,225,225,cubic,cubic,289,Head,High symmetry,True,0.9994857311248779,226,8.284738578367978e-05,139,4.419222386786714e-05,True,0.006197671551114158,0.0011396802435272631,0.9994857311248779,,single_softmax
opxrd_904,opxrd,ablation1_cnn_only,corrected_ablation_clean,224,224,225,225,cubic,cubic,289,Head,High symmetry,True,0.9982764720916748,226,0.00023387510736938566,139,0.00016254793445114046,True,0.01902325442231865,0.0034981568567975666,0.9982764720916748,,single_softmax
opxrd_914,opxrd,ablation1_cnn_only,corrected_ablation_clean,224,224,225,225,cubic,cubic,289,Head,High symmetry,True,0.9984342455863953,226,0.00020734868303406984,139,0.0001531948073534295,True,0.017423561220934865,0.00320399174619337,0.9984342455863953,,single_softmax
opxrd_918,opxrd,ablation1_cnn_only,corrected_ablation_clean,224,224,225,225,cubic,cubic,289,Head,High symmetry,True,0.9990053772926331,226,0.00015354037168435752,139,8.972122304840013e-05,True,0.011430837474618753,0.002101999037759932,0.9990053772926331,,single_softmax
opxrd_920,opxrd,ablation1_cnn_only,corrected_ablation_clean,224,224,225,225,cubic,cubic,289,Head,High symmetry,True,0.9976995587348938,226,0.00031664487323723733,139,0.00020229278015904129,True,0.024785951862170006,0.004557850383222513,0.9976995587348938,,single_softmax
opxrd_923,opxrd,ablation1_cnn_only,corrected_ablation_clean,224,224,225,225,cubic,cubic,289,Head,High symmetry,True,0.997870922088623,226,0.00028390929219312966,139,0.00019818023429252207,True,0.023097743813867273,0.004247408414211028,0.997870922088623,,single_softmax
opxrd_924,opxrd,ablation1_cnn_only,corrected_ablation_clean,224,224,225,225,cubic,cubic,289,Head,High symmetry,True,0.9996180534362793,226,6.470485823228955e-05,139,3.32919298671186e-05,True,0.00469775629834864,0.0008638631456956172,0.9996180534362793,,single_softmax
opxrd_926,opxrd,ablation1_cnn_only,corrected_ablation_clean,224,224,225,225,cubic,cubic,289,Head,High symmetry,True,0.9975131750106812,226,0.0003496086283121258,139,0.0003168047114741057,True,0.026006037353258463,0.0047822100186339445,0.9975131750106812,,single_softmax
opxrd_927,opxrd,ablation1_cnn_only,corrected_ablation_clean,224,224,225,225,cubic,cubic,289,Head,High symmetry,True,0.9991046786308289,226,0.0001285278267459944,139,9.860567661235109e-05,True,0.010344126811385029,0.0019021654933225477,0.9991046786308289,,single_softmax
opxrd_932,opxrd,ablation1_cnn_only,corrected_ablation_clean,224,224,225,225,cubic,cubic,289,Head,High symmetry,True,0.9985275268554688,226,0.00019244108989369124,139,0.00015061865269672126,True,0.01642998132938077,0.003021283875433972,0.9985275268554688,,single_softmax
opxrd_934,opxrd,ablation1_cnn_only,corrected_ablation_clean,224,224,225,225,cubic,cubic,289,Head,High symmetry,True,0.9987045526504517,226,0.00018275031470693648,139,0.0001297590642934665,True,0.014606490141011126,0.002685964898864887,0.9987045526504517,,single_softmax
opxrd_943,opxrd,ablation1_cnn_only,corrected_ablation_clean,224,224,225,225,cubic,cubic,289,Head,High symmetry,True,0.9986061453819275,226,0.0001955599000211805,139,0.0001540018420200795,True,0.015495224185418809,0.0028493928288234266,0.9986061453819275,,single_softmax
opxrd_944,opxrd,ablation1_cnn_only,corrected_ablation_clean,224,224,225,225,cubic,cubic,289,Head,High symmetry,True,0.9980642199516296,226,0.0002744313969742507,139,0.00017103702703025192,True,0.02113190245408717,0.0038859128846121115,0.9980642199516296,,single_softmax
opxrd_946,opxrd,ablation1_cnn_only,corrected_ablation_clean,224,224,225,225,cubic,cubic,289,Head,High symmetry,True,0.9979982972145081,138,0.00021241283684503287,190,0.0001980828819796443,True,0.021055948024934452,0.0038719457420167305,0.9979982972145081,,single_softmax
opxrd_947,opxrd,ablation1_cnn_only,corrected_ablation_clean,224,224,225,225,cubic,cubic,289,Head,High symmetry,True,0.9986189603805542,226,0.00019116670591756701,139,0.00013487688556779176,True,0.01550645775927791,0.002851458553359784,0.9986189603805542,,single_softmax
opxrd_958,opxrd,ablation1_cnn_only,corrected_ablation_clean,224,224,225,225,cubic,cubic,289,Head,High symmetry,True,0.9983495473861694,226,0.00022433919366449118,139,0.00018324075790587813,True,0.018106047715417614,0.003329493132935354,0.9983495473861694,,single_softmax
opxrd_963,opxrd,ablation1_cnn_only,corrected_ablation_clean,224,224,225,225,cubic,cubic,289,Head,High symmetry,True,0.9983032941818237,226,0.00022790688672102988,139,0.00016385626804549247,True,0.018750786471680544,0.003448053146432214,0.9983032941818237,,single_softmax
opxrd_964,opxrd,ablation1_cnn_only,corrected_ablation_clean,224,224,225,225,cubic,cubic,289,Head,High symmetry,True,0.9988377690315247,226,0.00015748698206152767,139,0.00011830220319097862,True,0.013227077792826843,0.0024323068939290557,0.9988377690315247,,single_softmax
opxrd_965,opxrd,ablation1_cnn_only,corrected_ablation_clean,224,224,225,225,cubic,cubic,289,Head,High symmetry,True,0.9996142387390137,226,6.348155875457451e-05,139,3.2993841159623116e-05,True,0.004736284454885223,0.0008709480288589362,0.9996142387390137,,single_softmax
opxrd_974,opxrd,ablation1_cnn_only,corrected_ablation_clean,224,224,225,225,cubic,cubic,289,Head,High symmetry,True,0.9980619549751282,226,0.0002603295724838972,139,0.0001815628056647256,True,0.021189559577667244,0.0038965153639627646,0.9980619549751282,,single_softmax
opxrd_976,opxrd,ablation1_cnn_only,corrected_ablation_clean,224,224,225,225,cubic,cubic,289,Head,High symmetry,True,0.9988113641738892,226,0.00015701133816037327,139,0.00012049893848598003,True,0.01350812502489429,0.0024839882350978547,0.9988113641738892,,single_softmax
opxrd_977,opxrd,ablation1_cnn_only,corrected_ablation_clean,224,224,225,225,cubic,cubic,289,Head,High symmetry,True,0.9984225034713745,226,0.0002290508709847927,139,0.00013915404269937426,True,0.017506428995913696,0.0032192301732686898,0.9984225034713745,,single_softmax
opxrd_978,opxrd,ablation1_cnn_only,corrected_ablation_clean,224,224,225,225,cubic,cubic,289,Head,High symmetry,True,0.9963072538375854,226,0.0004952933522872627,139,0.0004689081397373229,True,0.03729702344488836,0.006858492001705215,0.9963072538375854,,single_softmax
opxrd_985,opxrd,ablation1_cnn_only,corrected_ablation_clean,224,224,225,225,cubic,cubic,289,Head,High symmetry,True,0.9981206059455872,226,0.0002701285993680358,139,0.0002650594979058951,True,0.02010956880334429,0.0036979175295121297,0.9981206059455872,,single_softmax
opxrd_986,opxrd,ablation1_cnn_only,corrected_ablation_clean,224,224,225,225,cubic,cubic,289,Head,High symmetry,True,0.9995216131210327,226,6.823416333645582e-05,138,4.492037987802178e-05,True,0.005761695109035718,0.001059509209360281,0.9995216131210327,,single_softmax
opxrd_993,opxrd,ablation1_cnn_only,corrected_ablation_clean,224,224,225,225,cubic,cubic,289,Head,High symmetry,True,0.9986206293106079,226,0.00018320855451747775,139,0.0001378068554913625,True,0.01550354813206852,0.002850923506508846,0.9986206293106079,,single_softmax
opxrd_996,opxrd,ablation1_cnn_only,corrected_ablation_clean,224,224,225,225,cubic,cubic,289,Head,High symmetry,True,0.9985349178314209,226,0.00018983408517669886,139,0.00014471470785792917,True,0.016403862506823838,0.0030164809255185353,0.9985349178314209,,single_softmax
opxrd_1002,opxrd,ablation1_cnn_only,corrected_ablation_clean,224,224,225,225,cubic,cubic,289,Head,High symmetry,True,0.9991769194602966,226,0.00012341341061983258,139,6.946567009435967e-05,True,0.0096056232155164,0.0017663632083766774,0.9991769194602966,,single_softmax
opxrd_1006,opxrd,ablation1_cnn_only,corrected_ablation_clean,224,224,225,225,cubic,cubic,289,Head,High symmetry,True,0.9995297193527222,226,6.488444341812283e-05,138,4.375604839879088e-05,True,0.005668614517229872,0.0010423927631817355,0.9995297193527222,,single_softmax
opxrd_1007,opxrd,ablation1_cnn_only,corrected_ablation_clean,224,224,225,225,cubic,cubic,289,Head,High symmetry,True,0.9995846152305603,226,7.010695844655856e-05,139,3.638943235273473e-05,True,0.005080170120329658,0.0009341846324296422,0.9995846152305603,,single_softmax
opxrd_1026,opxrd,ablation1_cnn_only,corrected_ablation_clean,224,224,225,225,cubic,cubic,289,Head,High symmetry,True,0.9993476271629333,226,0.00010475388990016654,139,5.740466804127209e-05,True,0.007734328773831626,0.0014222537654315886,0.9993476271629333,,single_softmax
opxrd_1033,opxrd,ablation1_cnn_only,corrected_ablation_clean,224,224,225,225,cubic,cubic,289,Head,High symmetry,True,0.9991650581359863,226,0.00012192878784844652,139,8.522008283762261e-05,True,0.009737045316574844,0.0017905302154379384,0.9991650581359863,,single_softmax
opxrd_1035,opxrd,ablation1_cnn_only,corrected_ablation_clean,224,224,225,225,cubic,cubic,289,Head,High symmetry,True,0.9984918832778931,226,0.00020616079564206302,139,0.00014496082440018654,True,0.016824860671253716,0.003093897627356457,0.9984918832778931,,single_softmax
opxrd_1037,opxrd,ablation1_cnn_only,corrected_ablation_clean,224,224,225,225,cubic,cubic,289,Head,High symmetry,True,0.9993430972099304,226,0.00010569246660452336,139,5.829516157973558e-05,True,0.007785981583914861,0.0014317521208524959,0.9993430972099304,,single_softmax
opxrd_1050,opxrd,ablation1_cnn_only,corrected_ablation_clean,224,224,225,225,cubic,cubic,289,Head,High symmetry,True,0.9992792010307312,226,0.00011462233669590205,139,6.406226748367772e-05,True,0.008487569956249014,0.0015607661223921456,0.9992792010307312,,single_softmax
opxrd_1052,opxrd,ablation1_cnn_only,corrected_ablation_clean,224,224,225,225,cubic,cubic,289,Head,High symmetry,True,0.9996204376220703,226,6.132144335424528e-05,139,3.233320967410691e-05,True,0.004664400415110442,0.0008577293838758023,0.9996204376220703,,single_softmax
opxrd_1058,opxrd,ablation1_cnn_only,corrected_ablation_clean,224,224,225,225,cubic,cubic,289,Head,High symmetry,True,0.9984689354896545,226,0.00020674613188020885,139,0.00015643148799426854,True,0.017016835329339407,0.0031291995505503107,0.9984689354896545,,single_softmax
opxrd_1063,opxrd,ablation1_cnn_only,corrected_ablation_clean,224,224,225,225,cubic,cubic,289,Head,High symmetry,True,0.9985324144363403,226,0.00018559144518803805,139,0.00014353504229802638,True,0.01644288070147985,0.0030236559210343214,0.9985324144363403,,single_softmax
opxrd_1083,opxrd,ablation1_cnn_only,corrected_ablation_clean,224,224,225,225,cubic,cubic,289,Head,High symmetry,True,0.9985692501068115,226,0.00019203369447495788,139,0.00014378709602169693,True,0.01602243495602048,0.0029463408026671667,0.9985692501068115,,single_softmax
opxrd_1084,opxrd,ablation1_cnn_only,corrected_ablation_clean,224,224,225,225,cubic,cubic,289,Head,High symmetry,True,0.9991414546966553,226,0.00013025458611082286,139,7.35945432097651e-05,True,0.009988357486424402,0.0018367436219686572,0.9991414546966553,,single_softmax
opxrd_1097,opxrd,ablation1_cnn_only,corrected_ablation_clean,224,224,225,225,cubic,cubic,289,Head,High symmetry,True,0.9987978935241699,226,0.0001261292927665636,138,0.00012518033327069134,True,0.01329654894601143,0.0024450818369260423,0.9987978935241699,,single_softmax
opxrd_1106,opxrd,ablation1_cnn_only,corrected_ablation_clean,224,224,225,225,cubic,cubic,289,Head,High symmetry,True,0.9988284707069397,226,0.0001346187200397253,138,0.00010880026820814237,True,0.013160050050045797,0.00241998126589508,0.9988284707069397,,single_softmax
opxrd_1108,opxrd,ablation1_cnn_only,corrected_ablation_clean,224,224,225,225,cubic,cubic,289,Head,High symmetry,True,0.9994650483131409,226,7.781094609526917e-05,138,4.660553531721234e-05,True,0.006400263071638973,0.001176934485147533,0.9994650483131409,,single_softmax
opxrd_1117,opxrd,ablation1_cnn_only,corrected_ablation_clean,224,224,225,225,cubic,cubic,289,Head,High symmetry,True,0.9983624815940857,226,0.00022297230316326022,139,0.00015592599811498076,True,0.01814614288559073,0.0033368661718146003,0.9983624815940857,,single_softmax
opxrd_1125,opxrd,ablation1_cnn_only,corrected_ablation_clean,224,224,225,225,cubic,cubic,289,Head,High symmetry,True,0.9993589520454407,226,9.965930803446099e-05,139,5.45129987585824e-05,True,0.007611277593986275,0.001399626074135612,0.9993589520454407,,single_softmax
opxrd_1136,opxrd,ablation1_cnn_only,corrected_ablation_clean,224,224,225,225,cubic,cubic,289,Head,High symmetry,True,0.9991450309753418,226,0.00013271253556013107,139,7.497135811718181e-05,True,0.00994214583885801,0.0018282458335140892,0.9991450309753418,,single_softmax
opxrd_1138,opxrd,ablation1_cnn_only,corrected_ablation_clean,224,224,225,225,cubic,cubic,289,Head,High symmetry,True,0.9975388050079346,226,0.00031724610016681254,139,0.00022282532881945372,True,0.026414119265002346,0.004857251570726477,0.9975388050079346,,single_softmax
opxrd_1141,opxrd,ablation1_cnn_only,corrected_ablation_clean,224,224,225,225,cubic,cubic,289,Head,High symmetry,True,0.9898800849914551,190,0.0009397121611982584,138,0.0008925877627916634,True,0.0919134247782898,0.01690181763761179,0.9898800849914551,,single_softmax
opxrd_1144,opxrd,ablation1_cnn_only,corrected_ablation_clean,224,224,225,225,cubic,cubic,289,Head,High symmetry,True,0.9986124038696289,226,0.00018746743444353342,139,0.00013731639774050564,True,0.015581947823070194,0.002865340304526674,0.9986124038696289,,single_softmax
opxrd_1156,opxrd,ablation1_cnn_only,corrected_ablation_clean,224,224,225,225,cubic,cubic,289,Head,High symmetry,True,0.9982782602310181,226,0.0002174573455704376,139,0.00016785973275545985,True,0.019034374618579528,0.003500201732502603,0.9982782602310181,,single_softmax
opxrd_1157,opxrd,ablation1_cnn_only,corrected_ablation_clean,224,224,225,225,cubic,cubic,289,Head,High symmetry,True,0.9993890523910522,226,8.438973600277677e-05,138,5.386997145251371e-05,True,0.007241370384160062,0.0013316044089827625,0.9993890523910522,,single_softmax
opxrd_1160,opxrd,ablation1_cnn_only,corrected_ablation_clean,224,224,225,225,cubic,cubic,289,Head,High symmetry,True,0.9982109069824219,226,0.00022970596910454333,139,0.00017050531459972262,True,0.019722255033510976,0.003626694998940024,0.9982109069824219,,single_softmax
opxrd_1163,opxrd,ablation1_cnn_only,corrected_ablation_clean,224,224,225,225,cubic,cubic,289,Head,High symmetry,True,0.9987862706184387,226,0.00016569530998822302,139,0.0001262869336642325,True,0.013731588346389701,0.0025250805599429035,0.9987862706184387,,single_softmax
opxrd_1172,opxrd,ablation1_cnn_only,corrected_ablation_clean,224,224,225,225,cubic,cubic,289,Head,High symmetry,True,0.9988493919372559,226,0.00016820391465444118,139,0.00014391084550879896,True,0.012906889514129728,0.002373427966184893,0.9988493919372559,,single_softmax
opxrd_1185,opxrd,ablation1_cnn_only,corrected_ablation_clean,224,224,225,225,cubic,cubic,289,Head,High symmetry,True,0.9973871111869812,226,0.0003405348979867995,139,0.0002423221740173176,True,0.027883075807274785,0.005127375719129769,0.9973871111869812,,single_softmax
opxrd_1186,opxrd,ablation1_cnn_only,corrected_ablation_clean,224,224,225,225,cubic,cubic,289,Head,High symmetry,True,0.9995231628417969,226,7.919359632069245e-05,139,4.1671402868814766e-05,True,0.005778157521945747,0.0010625364570289598,0.9995231628417969,,single_softmax
opxrd_0,opxrd,ablation2_cnn_augmentation,corrected_ablation_clean,224,13,225,14,cubic,monoclinic,289,Head,High symmetry,False,0.5490434169769287,68,0.15466514229774475,216,0.15157145261764526,False,1.413964494369527,0.2600117457002496,0.5490434169769287,,single_softmax
opxrd_1,opxrd,ablation2_cnn_augmentation,corrected_ablation_clean,87,87,88,88,tetragonal,tetragonal,11,Head,Medium symmetry,True,0.6456253528594971,128,0.13675090670585632,215,0.12913811206817627,True,1.2395470572516438,0.22793839273688138,0.6456253528594971,,single_softmax
opxrd_7,opxrd,ablation2_cnn_augmentation,corrected_ablation_clean,60,1,61,2,orthorhombic,triclinic,11,Head,Low symmetry,False,0.2720584571361542,14,0.09054893255233765,13,0.08928479254245758,False,2.8077986403801614,0.5163217527506304,0.2720584571361542,,single_softmax
opxrd_15,opxrd,ablation2_cnn_augmentation,corrected_ablation_clean,220,25,221,26,cubic,orthorhombic,14,Head,High symmetry,False,0.39972615242004395,62,0.3887702524662018,60,0.1312098205089569,False,1.4488562567549588,0.2664279379628705,0.39972615242004395,,single_softmax
opxrd_22,opxrd,ablation2_cnn_augmentation,corrected_ablation_clean,215,226,216,227,cubic,cubic,3,Medium,High symmetry,False,0.9477089643478394,14,0.02431720681488514,87,0.007984867319464684,False,0.3222719874607145,0.059262097728495285,0.9477089643478394,,single_softmax
opxrd_28,opxrd,ablation2_cnn_augmentation,corrected_ablation_clean,14,73,15,74,monoclinic,orthorhombic,37,Head,Low symmetry,False,0.9962456822395325,14,0.0036136205308139324,1,5.6133969337679446e-05,True,0.02569226363772726,0.004724510654997165,0.9962456822395325,,single_softmax
opxrd_32,opxrd,ablation2_cnn_augmentation,corrected_ablation_clean,13,60,14,61,monoclinic,orthorhombic,109,Head,Low symmetry,False,0.3300684094429016,1,0.23892579972743988,13,0.13846033811569214,True,2.173609024553656,0.3997016043857691,0.3300684094429016,,single_softmax
opxrd_35,opxrd,ablation2_cnn_augmentation,corrected_ablation_clean,1,13,2,14,triclinic,monoclinic,52,Head,Low symmetry,False,0.30576765537261963,1,0.2192639857530594,18,0.16935531795024872,True,2.044055100714241,0.37587813354619654,0.30576765537261963,,single_softmax
opxrd_36,opxrd,ablation2_cnn_augmentation,corrected_ablation_clean,162,162,163,163,trigonal,trigonal,4,Medium,Medium symmetry,True,0.47537800669670105,18,0.2237357348203659,60,0.18520018458366394,True,1.592997394344906,0.29293382899565296,0.47537800669670105,,single_softmax
opxrd_37,opxrd,ablation2_cnn_augmentation,corrected_ablation_clean,10,10,11,11,monoclinic,monoclinic,13,Head,Low symmetry,True,0.9999055862426758,59,2.9927698051324114e-05,1,2.4549113732064143e-05,True,0.0011465338542395028,0.00021083433857946624,0.9999055862426758,,single_softmax
opxrd_38,opxrd,ablation2_cnn_augmentation,corrected_ablation_clean,12,11,13,12,monoclinic,monoclinic,5,Medium,Low symmetry,False,0.6648943424224854,1,0.190482035279274,13,0.07507853209972382,False,1.0317812959250616,0.18973266797195104,0.6648943424224854,,single_softmax
opxrd_46,opxrd,ablation2_cnn_augmentation,corrected_ablation_clean,147,147,148,148,trigonal,trigonal,23,Head,Medium symmetry,True,0.9820725917816162,224,0.00869283452630043,3,0.0024453820660710335,True,0.12303672039302316,0.02262503236963381,0.9820725917816162,,single_softmax
opxrd_53,opxrd,ablation2_cnn_augmentation,corrected_ablation_clean,138,138,139,139,tetragonal,tetragonal,11,Head,Medium symmetry,True,0.8919766545295715,139,0.048439767211675644,220,0.011609550565481186,True,0.5921327277365169,0.10888637220955982,0.8919766545295715,,single_softmax
opxrd_61,opxrd,ablation2_cnn_augmentation,corrected_ablation_clean,13,13,14,14,monoclinic,monoclinic,109,Head,Low symmetry,True,0.6602674126625061,1,0.142593652009964,10,0.13477835059165955,True,1.14255047766332,0.2101018416168628,0.6602674126625061,,single_softmax
opxrd_68,opxrd,ablation2_cnn_augmentation,corrected_ablation_clean,59,59,60,60,orthorhombic,orthorhombic,24,Head,Low symmetry,True,0.9999885559082031,1,5.1683928177226335e-06,228,1.8494953337722109e-06,True,0.00016313442049271161,2.9998536473167796e-05,0.9999885559082031,,single_softmax
opxrd_76,opxrd,ablation2_cnn_augmentation,corrected_ablation_clean,128,128,129,129,tetragonal,tetragonal,29,Head,Medium symmetry,True,0.9999903440475464,224,2.183377318942803e-06,165,1.4775514500797726e-06,True,0.00014456034153759227,2.6582977798868648e-05,0.9999903440475464,,single_softmax
opxrd_83,opxrd,ablation2_cnn_augmentation,corrected_ablation_clean,1,35,2,36,triclinic,orthorhombic,52,Head,Low symmetry,False,0.9495055675506592,1,0.009684485383331776,18,0.009665140882134438,True,0.338857508438876,0.062311983549569426,0.9495055675506592,,single_softmax
opxrd_85,opxrd,ablation2_cnn_augmentation,corrected_ablation_clean,202,202,203,203,cubic,cubic,4,Medium,High symmetry,True,0.9991746544837952,87,0.00010538662172621116,128,0.00010500158532522619,True,0.009189276398146578,0.0016898018355613435,0.9991746544837952,,single_softmax
opxrd_94,opxrd,ablation2_cnn_augmentation,corrected_ablation_clean,14,1,15,2,monoclinic,triclinic,37,Head,Low symmetry,False,0.232182115316391,14,0.2184121012687683,11,0.21154683828353882,True,2.5160862263290023,0.4626792077490347,0.232182115316391,,single_softmax
opxrd_97,opxrd,ablation2_cnn_augmentation,corrected_ablation_clean,14,1,15,2,monoclinic,triclinic,37,Head,Low symmetry,False,0.9505986571311951,18,0.04396476969122887,11,0.001184529741294682,False,0.22861878112472245,0.042040354348931275,0.9505986571311951,,single_softmax
opxrd_98,opxrd,ablation2_cnn_augmentation,corrected_ablation_clean,1,13,2,14,triclinic,monoclinic,52,Head,Low symmetry,False,0.18531286716461182,12,0.1454126536846161,14,0.1013735830783844,False,3.1149985636396598,0.5728122718858373,0.18531286716461182,,single_softmax
opxrd_106,opxrd,ablation2_cnn_augmentation,corrected_ablation_clean,10,10,11,11,monoclinic,monoclinic,13,Head,Low symmetry,True,0.9998337030410767,1,5.902186603634618e-05,59,3.6059387639397755e-05,True,0.0019413582056038146,0.00035699336021420157,0.9998337030410767,,single_softmax
opxrd_114,opxrd,ablation2_cnn_augmentation,corrected_ablation_clean,32,128,33,129,orthorhombic,tetragonal,9,Head,Low symmetry,False,0.4973972737789154,224,0.23486840724945068,165,0.0614597387611866,False,1.7511785343451471,0.3220215143739603,0.4973972737789154,,single_softmax
opxrd_119,opxrd,ablation2_cnn_augmentation,corrected_ablation_clean,61,61,62,62,orthorhombic,orthorhombic,29,Head,Low symmetry,True,0.9839867353439331,59,0.009829497896134853,62,0.003952106926590204,True,0.10208971149304004,0.01877311927494765,0.9839867353439331,,single_softmax
opxrd_120,opxrd,ablation2_cnn_augmentation,corrected_ablation_clean,3,1,4,2,monoclinic,triclinic,14,Head,Low symmetry,False,0.9596409201622009,128,0.009838039055466652,10,0.008658510632812977,False,0.25610256894749056,0.04709430561765785,0.9596409201622009,,single_softmax
opxrd_124,opxrd,ablation2_cnn_augmentation,corrected_ablation_clean,18,202,19,203,orthorhombic,cubic,27,Head,Low symmetry,False,0.26997584104537964,87,0.10792072117328644,145,0.08406361937522888,False,3.047930505763067,0.5604792303712455,0.26997584104537964,,single_softmax
opxrd_125,opxrd,ablation2_cnn_augmentation,corrected_ablation_clean,223,61,224,62,cubic,orthorhombic,1,Tail,High symmetry,False,0.29548901319503784,13,0.22328698635101318,1,0.09746696054935455,False,2.4047983303356366,0.44221464854138276,0.29548901319503784,,single_softmax
opxrd_127,opxrd,ablation2_cnn_augmentation,corrected_ablation_clean,10,10,11,11,monoclinic,monoclinic,13,Head,Low symmetry,True,0.9998346567153931,59,6.212935113580897e-05,1,3.643740274128504e-05,True,0.0018972520307779666,0.00034888274388805213,0.9998346567153931,,single_softmax
opxrd_150,opxrd,ablation2_cnn_augmentation,corrected_ablation_clean,14,73,15,74,monoclinic,orthorhombic,37,Head,Low symmetry,False,0.9929062128067017,14,0.006784346885979176,1,0.00011399824870750308,True,0.0443150078076082,0.008149018300430615,0.9929062128067017,,single_softmax
opxrd_152,opxrd,ablation2_cnn_augmentation,corrected_ablation_clean,13,13,14,14,monoclinic,monoclinic,109,Head,Low symmetry,True,0.9630969166755676,18,0.019608965143561363,1,0.003962962422519922,True,0.2277063306821658,0.041872565247168925,0.9630969166755676,,single_softmax
opxrd_168,opxrd,ablation2_cnn_augmentation,corrected_ablation_clean,226,226,227,227,cubic,cubic,13,Head,High symmetry,True,0.6894358992576599,190,0.09343189746141434,61,0.06787805259227753,True,1.3432605475253905,0.24701010618239255,0.6894358992576599,,single_softmax
opxrd_170,opxrd,ablation2_cnn_augmentation,corrected_ablation_clean,59,59,60,60,orthorhombic,orthorhombic,24,Head,Low symmetry,True,0.9999661445617676,1,1.3056294847046956e-05,61,6.649667284364114e-06,True,0.0004439883094419539,8.164432407475662e-05,0.9999661445617676,,single_softmax
opxrd_178,opxrd,ablation2_cnn_augmentation,corrected_ablation_clean,192,192,193,193,hexagonal,hexagonal,6,Head,Medium symmetry,True,0.9637523889541626,60,0.008975067175924778,62,0.007026816718280315,True,0.25987769357221174,0.047788507450743783,0.9637523889541626,,single_softmax
opxrd_184,opxrd,ablation2_cnn_augmentation,corrected_ablation_clean,13,13,14,14,monoclinic,monoclinic,109,Head,Low symmetry,True,0.890918493270874,32,0.03130647540092468,35,0.029527779668569565,True,0.5885639612352621,0.1082301172528881,0.890918493270874,,single_softmax
opxrd_187,opxrd,ablation2_cnn_augmentation,corrected_ablation_clean,124,124,125,125,tetragonal,tetragonal,13,Head,Medium symmetry,True,0.9936518669128418,10,0.0015741238603368402,91,0.0013278871774673462,True,0.053804015023471916,0.00989393717285189,0.9936518669128418,,single_softmax
opxrd_189,opxrd,ablation2_cnn_augmentation,corrected_ablation_clean,1,165,2,166,triclinic,trigonal,52,Head,Low symmetry,False,0.15378029644489288,192,0.1138552576303482,13,0.10682076215744019,False,3.357954954416038,0.6174891471159792,0.15378029644489288,,single_softmax
opxrd_200,opxrd,ablation2_cnn_augmentation,corrected_ablation_clean,73,18,74,19,orthorhombic,orthorhombic,29,Head,Low symmetry,False,0.15753109753131866,1,0.08794277161359787,13,0.07114161550998688,False,3.3889436850920496,0.6231876169093791,0.15753109753131866,,single_softmax
opxrd_201,opxrd,ablation2_cnn_augmentation,corrected_ablation_clean,13,13,14,14,monoclinic,monoclinic,109,Head,Low symmetry,True,0.901029109954834,35,0.03013025037944317,32,0.027990901842713356,True,0.539021694267826,0.09911986634386888,0.901029109954834,,single_softmax
opxrd_203,opxrd,ablation2_cnn_augmentation,corrected_ablation_clean,70,13,71,14,orthorhombic,monoclinic,2,Tail,Low symmetry,False,0.11319219321012497,11,0.05104626715183258,1,0.04540996626019478,False,4.213803723439896,0.7748698546057577,0.11319219321012497,,single_softmax
opxrd_211,opxrd,ablation2_cnn_augmentation,corrected_ablation_clean,61,61,62,62,orthorhombic,orthorhombic,29,Head,Low symmetry,True,0.8070625066757202,13,0.09130655974149704,138,0.04595689848065376,True,0.8197026697916273,0.15073385716287727,0.8070625066757202,,single_softmax
opxrd_212,opxrd,ablation2_cnn_augmentation,corrected_ablation_clean,128,128,129,129,tetragonal,tetragonal,29,Head,Medium symmetry,True,0.9996322393417358,14,0.00010445109364809468,224,5.843533654115163e-05,True,0.004130381470848045,0.0007595294654990808,0.9996322393417358,,single_softmax
opxrd_213,opxrd,ablation2_cnn_augmentation,corrected_ablation_clean,73,1,74,2,orthorhombic,triclinic,29,Head,Low symmetry,False,0.5355790853500366,13,0.34854283928871155,3,0.04874931275844574,False,1.1437709077006575,0.2103262646103515,0.5355790853500366,,single_softmax
opxrd_231,opxrd,ablation2_cnn_augmentation,corrected_ablation_clean,3,3,4,4,monoclinic,monoclinic,14,Head,Low symmetry,True,0.982379138469696,18,0.006406600587069988,60,0.00266675534658134,True,0.1249883579281525,0.022983915979868576,0.982379138469696,,single_softmax
opxrd_232,opxrd,ablation2_cnn_augmentation,corrected_ablation_clean,147,87,148,88,trigonal,tetragonal,23,Head,Medium symmetry,False,0.28612983226776123,13,0.19298984110355377,165,0.1433713436126709,False,2.282796852106231,0.41977998525333243,0.28612983226776123,,single_softmax
opxrd_239,opxrd,ablation2_cnn_augmentation,corrected_ablation_clean,175,175,176,176,hexagonal,hexagonal,5,Head,Medium symmetry,True,0.5835903286933899,25,0.02654334343969822,60,0.023830542340874672,True,2.2767501735102553,0.41866807087097796,0.5835903286933899,,single_softmax
opxrd_247,opxrd,ablation2_cnn_augmentation,corrected_ablation_clean,18,18,19,19,orthorhombic,orthorhombic,27,Head,Low symmetry,True,0.9923205971717834,25,0.0036528471391648054,1,0.0020854680333286524,True,0.05649769125978632,0.01038927313308594,0.9923205971717834,,single_softmax
opxrd_252,opxrd,ablation2_cnn_augmentation,corrected_ablation_clean,35,35,36,36,orthorhombic,orthorhombic,6,Head,Low symmetry,True,0.9348820447921753,32,0.03217428922653198,42,0.017988312989473343,True,0.34694534882342654,0.0637992440187721,0.9348820447921753,,single_softmax
opxrd_255,opxrd,ablation2_cnn_augmentation,corrected_ablation_clean,13,60,14,61,monoclinic,orthorhombic,109,Head,Low symmetry,False,0.25534969568252563,1,0.25006547570228577,57,0.09122385084629059,False,2.553606380775198,0.46957873096573916,0.25534969568252563,,single_softmax
opxrd_264,opxrd,ablation2_cnn_augmentation,corrected_ablation_clean,59,59,60,60,orthorhombic,orthorhombic,24,Head,Low symmetry,True,0.999976634979248,1,9.538580343360081e-06,228,4.259047273080796e-06,True,0.0003133985756231173,5.7630379738829874e-05,0.999976634979248,,single_softmax
opxrd_267,opxrd,ablation2_cnn_augmentation,corrected_ablation_clean,220,220,221,221,cubic,cubic,14,Head,High symmetry,True,0.35450854897499084,14,0.1408751755952835,1,0.09752579778432846,True,2.755492665029423,0.5067032877780967,0.35450854897499084,,single_softmax
opxrd_276,opxrd,ablation2_cnn_augmentation,corrected_ablation_clean,14,13,15,14,monoclinic,monoclinic,37,Head,Low symmetry,False,0.555439829826355,59,0.1201593354344368,71,0.05336538702249527,False,1.9850793159781297,0.365033167633445,0.555439829826355,,single_softmax
opxrd_283,opxrd,ablation2_cnn_augmentation,corrected_ablation_clean,1,165,2,166,triclinic,trigonal,52,Head,Low symmetry,False,0.10094749182462692,226,0.056621253490448,192,0.04804985970258713,False,4.014643487595783,0.7382465866226453,0.10094749182462692,,single_softmax
opxrd_285,opxrd,ablation2_cnn_augmentation,corrected_ablation_clean,32,1,33,2,orthorhombic,triclinic,9,Head,Low symmetry,False,0.9790109395980835,18,0.012446139007806778,13,0.006737780757248402,False,0.12529947138081282,0.023041126151877252,0.9790109395980835,,single_softmax
opxrd_286,opxrd,ablation2_cnn_augmentation,corrected_ablation_clean,128,128,129,129,tetragonal,tetragonal,29,Head,Medium symmetry,True,0.9999616146087646,14,8.190339940483682e-06,193,5.28654800291406e-06,True,0.0005222046894908954,9.602741332477886e-05,0.9999616146087646,,single_softmax
opxrd_289,opxrd,ablation2_cnn_augmentation,corrected_ablation_clean,32,32,33,33,orthorhombic,orthorhombic,9,Head,Low symmetry,True,0.7359060049057007,42,0.10538017749786377,35,0.09937281906604767,True,1.0071546247607313,0.18520410747009863,0.7359060049057007,,single_softmax
opxrd_294,opxrd,ablation2_cnn_augmentation,corrected_ablation_clean,204,224,205,225,cubic,cubic,4,Medium,High symmetry,False,0.834276020526886,204,0.10870228707790375,165,0.01912708766758442,True,0.6997947785268722,0.1286841803462848,0.834276020526886,,single_softmax
opxrd_304,opxrd,ablation2_cnn_augmentation,corrected_ablation_clean,13,1,14,2,monoclinic,triclinic,109,Head,Low symmetry,False,0.6936641335487366,13,0.09313437342643738,11,0.07402707636356354,True,1.3687008061807484,0.2516882760306354,0.6936641335487366,,single_softmax
opxrd_309,opxrd,ablation2_cnn_augmentation,corrected_ablation_clean,14,18,15,19,monoclinic,orthorhombic,37,Head,Low symmetry,False,0.47704678773880005,1,0.24476799368858337,202,0.032939765602350235,False,2.022682137822313,0.3719478924302096,0.47704678773880005,,single_softmax
opxrd_310,opxrd,ablation2_cnn_augmentation,corrected_ablation_clean,61,61,62,62,orthorhombic,orthorhombic,29,Head,Low symmetry,True,0.8022792935371399,13,0.10654479265213013,138,0.03985555097460747,True,0.8121205334273959,0.14933958982444584,0.8022792935371399,,single_softmax
opxrd_312,opxrd,ablation2_cnn_augmentation,corrected_ablation_clean,141,163,142,164,tetragonal,trigonal,1,Tail,Medium symmetry,False,0.0442175418138504,175,0.037987254559993744,11,0.034525323659181595,False,4.481698830985122,0.8241326719217252,0.0442175418138504,,single_softmax
opxrd_314,opxrd,ablation2_cnn_augmentation,corrected_ablation_clean,226,226,227,227,cubic,cubic,13,Head,High symmetry,True,0.43779727816581726,175,0.08297945559024811,138,0.08243826031684875,True,2.6940395784291233,0.49540277465401206,0.43779727816581726,,single_softmax
opxrd_315,opxrd,ablation2_cnn_augmentation,corrected_ablation_clean,59,59,60,60,orthorhombic,orthorhombic,24,Head,Low symmetry,True,0.999750554561615,1,8.425738633377478e-05,228,4.822918708669022e-05,True,0.0027909368420258327,0.0005132210627098176,0.999750554561615,,single_softmax
opxrd_328,opxrd,ablation2_cnn_augmentation,corrected_ablation_clean,62,69,63,70,orthorhombic,orthorhombic,10,Head,Low symmetry,False,0.5220620632171631,12,0.16776397824287415,86,0.04593173786997795,False,1.9117973017605445,0.35155745129048205,0.5220620632171631,,single_softmax
opxrd_334,opxrd,ablation2_cnn_augmentation,corrected_ablation_clean,147,147,148,148,trigonal,trigonal,23,Head,Medium symmetry,True,0.995342493057251,138,0.00433322973549366,3,8.084725413937122e-05,True,0.03164126727615787,0.005818463740357479,0.995342493057251,,single_softmax
opxrd_338,opxrd,ablation2_cnn_augmentation,corrected_ablation_clean,220,70,221,71,cubic,orthorhombic,14,Head,High symmetry,False,0.6774154901504517,220,0.20247428119182587,139,0.026573864743113518,True,1.1780151797677287,0.21662339087897373,0.6774154901504517,,single_softmax
opxrd_343,opxrd,ablation2_cnn_augmentation,corrected_ablation_clean,73,64,74,65,orthorhombic,orthorhombic,29,Head,Low symmetry,False,0.4470772445201874,139,0.21384672820568085,61,0.1187090203166008,False,1.9596294878883447,0.36035323807669417,0.4470772445201874,,single_softmax
opxrd_344,opxrd,ablation2_cnn_augmentation,corrected_ablation_clean,60,62,61,63,orthorhombic,orthorhombic,11,Head,Low symmetry,False,0.6829169392585754,60,0.292967826128006,11,0.005616417620331049,True,0.7750875665315424,0.1425296547734643,0.6829169392585754,,single_softmax
opxrd_345,opxrd,ablation2_cnn_augmentation,corrected_ablation_clean,84,18,85,19,tetragonal,orthorhombic,1,Tail,Medium symmetry,False,0.46527817845344543,1,0.30415627360343933,58,0.030537601560354233,False,1.8414562880824856,0.33862255099165073,0.46527817845344543,,single_softmax
opxrd_346,opxrd,ablation2_cnn_augmentation,corrected_ablation_clean,224,224,225,225,cubic,cubic,289,Head,High symmetry,True,0.7758080959320068,61,0.1224936842918396,70,0.025386232882738113,True,0.9329036566464424,0.17155021169251178,0.7758080959320068,,single_softmax
opxrd_347,opxrd,ablation2_cnn_augmentation,corrected_ablation_clean,14,14,15,15,monoclinic,monoclinic,37,Head,Low symmetry,True,0.6868894100189209,25,0.0771716982126236,204,0.04735703021287918,True,1.5342922715201932,0.28213863468350214,0.6868894100189209,,single_softmax
opxrd_350,opxrd,ablation2_cnn_augmentation,corrected_ablation_clean,13,32,14,33,monoclinic,orthorhombic,109,Head,Low symmetry,False,0.49892061948776245,13,0.1958509087562561,3,0.08165323734283447,True,1.7520844353651448,0.32218809911252994,0.49892061948776245,,single_softmax
opxrd_352,opxrd,ablation2_cnn_augmentation,corrected_ablation_clean,14,1,15,2,monoclinic,triclinic,37,Head,Low symmetry,False,0.19756534695625305,13,0.16069954633712769,60,0.11440731585025787,False,2.9165594435615025,0.5363216087664996,0.19756534695625305,,single_softmax
opxrd_355,opxrd,ablation2_cnn_augmentation,corrected_ablation_clean,166,11,167,12,trigonal,monoclinic,5,Medium,Medium symmetry,False,0.27967578172683716,1,0.03531266376376152,14,0.03403843939304352,False,3.5339360451136113,0.6498500379196148,0.27967578172683716,,single_softmax
opxrd_357,opxrd,ablation2_cnn_augmentation,corrected_ablation_clean,3,3,4,4,monoclinic,monoclinic,14,Head,Low symmetry,True,0.8650256395339966,163,0.05754147097468376,13,0.054376184940338135,True,0.5896988957813432,0.1084388186126161,0.8650256395339966,,single_softmax
opxrd_360,opxrd,ablation2_cnn_augmentation,corrected_ablation_clean,226,3,227,4,cubic,monoclinic,13,Head,High symmetry,False,0.6531930565834045,163,0.19359908998012543,13,0.04564586654305458,False,1.1701028231779425,0.21516839985359404,0.6531930565834045,,single_softmax
opxrd_369,opxrd,ablation2_cnn_augmentation,corrected_ablation_clean,120,87,121,88,tetragonal,tetragonal,2,Tail,Medium symmetry,False,0.2268097847700119,215,0.21917231380939484,120,0.17176251113414764,True,2.5970252921677064,0.4775629674812426,0.2268097847700119,,single_softmax
opxrd_373,opxrd,ablation2_cnn_augmentation,corrected_ablation_clean,1,224,2,225,triclinic,cubic,52,Head,Low symmetry,False,0.5211897492408752,14,0.07461101561784744,165,0.06797974556684494,False,2.2016369749096003,0.4048556208617617,0.5211897492408752,,single_softmax
opxrd_379,opxrd,ablation2_cnn_augmentation,corrected_ablation_clean,71,71,72,72,orthorhombic,orthorhombic,6,Head,Low symmetry,True,0.9983226656913757,13,0.001186346635222435,204,0.00019284468726255,True,0.014363132694042739,0.0026412142740313968,0.9983226656913757,,single_softmax
opxrd_381,opxrd,ablation2_cnn_augmentation,corrected_ablation_clean,160,11,161,12,trigonal,monoclinic,2,Medium,Medium symmetry,False,0.810435950756073,17,0.06642965227365494,13,0.05455441027879715,False,0.8652537575633493,0.15911017629764576,0.810435950756073,,single_softmax
opxrd_392,opxrd,ablation2_cnn_augmentation,corrected_ablation_clean,28,11,29,12,orthorhombic,monoclinic,4,Medium,Low symmetry,False,0.2883962392807007,197,0.16396823525428772,13,0.08368448913097382,False,2.771619407418792,0.5096688095134835,0.2883962392807007,,single_softmax
opxrd_408,opxrd,ablation2_cnn_augmentation,corrected_ablation_clean,1,1,2,2,triclinic,triclinic,52,Head,Low symmetry,True,0.732900083065033,59,0.12511271238327026,13,0.06857948750257492,True,1.0515769220398505,0.19337285506563812,0.732900083065033,,single_softmax
opxrd_410,opxrd,ablation2_cnn_augmentation,corrected_ablation_clean,11,226,12,227,monoclinic,cubic,10,Head,Low symmetry,False,0.4164159297943115,11,0.21147266030311584,32,0.12420103698968887,True,1.9206478292056892,0.35318496110458536,0.4164159297943115,,single_softmax
opxrd_415,opxrd,ablation2_cnn_augmentation,corrected_ablation_clean,13,60,14,61,monoclinic,orthorhombic,109,Head,Low symmetry,False,0.34405994415283203,61,0.31788375973701477,87,0.06480022519826889,False,1.9407298149894323,0.35687780643525036,0.34405994415283203,,single_softmax
opxrd_429,opxrd,ablation2_cnn_augmentation,corrected_ablation_clean,140,226,141,227,tetragonal,cubic,5,Medium,Medium symmetry,False,0.8241099715232849,11,0.040992412716150284,62,0.022294098511338234,False,0.953638919859634,0.17536318720008992,0.8241099715232849,,single_softmax
opxrd_433,opxrd,ablation2_cnn_augmentation,corrected_ablation_clean,13,13,14,14,monoclinic,monoclinic,109,Head,Low symmetry,True,0.1858271211385727,11,0.1447274535894394,10,0.10837467014789581,True,2.921550409244484,0.5372393897328036,0.1858271211385727,,single_softmax
opxrd_435,opxrd,ablation2_cnn_augmentation,corrected_ablation_clean,139,139,140,140,tetragonal,tetragonal,6,Head,Medium symmetry,True,0.5427321791648865,138,0.09667916595935822,124,0.08993028849363327,True,1.935057956406514,0.35583481712584264,0.5427321791648865,,single_softmax
opxrd_464,opxrd,ablation2_cnn_augmentation,corrected_ablation_clean,73,73,74,74,orthorhombic,orthorhombic,29,Head,Low symmetry,True,0.9999830722808838,14,1.505320324213244e-05,1,1.1942038327106275e-06,True,0.000212166218779449,3.901491808538196e-05,0.9999830722808838,,single_softmax
opxrd_467,opxrd,ablation2_cnn_augmentation,corrected_ablation_clean,59,59,60,60,orthorhombic,orthorhombic,24,Head,Low symmetry,True,0.9999889135360718,1,4.800509032065747e-06,228,1.747370902194234e-06,True,0.000158024008883181,2.90587907800248e-05,0.9999889135360718,,single_softmax
opxrd_482,opxrd,ablation2_cnn_augmentation,corrected_ablation_clean,13,14,14,15,monoclinic,monoclinic,109,Head,Low symmetry,False,0.8100968599319458,204,0.10738499462604523,224,0.019501877948641777,False,0.849372919426883,0.1561898735152998,0.8100968599319458,,single_softmax
opxrd_496,opxrd,ablation2_cnn_augmentation,corrected_ablation_clean,147,147,148,148,trigonal,trigonal,23,Head,Medium symmetry,True,0.9999821186065674,138,8.09493849374121e-06,224,5.851895821251674e-06,True,0.00023762154759786544,4.369585916261992e-05,0.9999821186065674,,single_softmax
opxrd_503,opxrd,ablation2_cnn_augmentation,corrected_ablation_clean,13,13,14,14,monoclinic,monoclinic,109,Head,Low symmetry,True,0.9581983685493469,35,0.011850469745695591,32,0.010562969371676445,True,0.2659528503069655,0.04890565863402742,0.9581983685493469,,single_softmax
opxrd_507,opxrd,ablation2_cnn_augmentation,corrected_ablation_clean,86,204,87,205,tetragonal,cubic,3,Medium,Medium symmetry,False,0.06425460427999496,185,0.06280285120010376,192,0.05720975622534752,False,3.843933176494484,0.7068549313333992,0.06425460427999496,,single_softmax
opxrd_511,opxrd,ablation2_cnn_augmentation,corrected_ablation_clean,18,1,19,2,orthorhombic,triclinic,27,Head,Low symmetry,False,0.5736267566680908,18,0.21543776988983154,60,0.06801401823759079,True,1.4579559054896478,0.268101258305911,0.5736267566680908,,single_softmax
opxrd_512,opxrd,ablation2_cnn_augmentation,corrected_ablation_clean,73,73,74,74,orthorhombic,orthorhombic,29,Head,Low symmetry,True,0.9985822439193726,14,0.0013789879158139229,1,1.684170820226427e-05,True,0.010990488424998014,0.0020210239315495127,0.9985822439193726,,single_softmax
opxrd_513,opxrd,ablation2_cnn_augmentation,corrected_ablation_clean,13,13,14,14,monoclinic,monoclinic,109,Head,Low symmetry,True,0.5260960459709167,122,0.2438686192035675,59,0.18648704886436462,True,1.245167291097736,0.2289718888532161,0.5260960459709167,,single_softmax
opxrd_519,opxrd,ablation2_cnn_augmentation,corrected_ablation_clean,147,11,148,12,trigonal,monoclinic,23,Head,Medium symmetry,False,0.2891414165496826,181,0.18331460654735565,62,0.11902432143688202,False,2.515195673453099,0.46251544535696326,0.2891414165496826,,single_softmax
opxrd_529,opxrd,ablation2_cnn_augmentation,corrected_ablation_clean,226,226,227,227,cubic,cubic,13,Head,High symmetry,True,0.36740532517433167,61,0.2365296185016632,70,0.11751753836870193,True,2.0207924820982432,0.37160040655942256,0.36740532517433167,,single_softmax
opxrd_531,opxrd,ablation2_cnn_augmentation,corrected_ablation_clean,13,51,14,52,monoclinic,orthorhombic,109,Head,Low symmetry,False,0.9335654377937317,56,0.021857332438230515,13,0.013310895301401615,True,0.4152638515253572,0.0763622278998326,0.9335654377937317,,single_softmax
opxrd_535,opxrd,ablation2_cnn_augmentation,corrected_ablation_clean,163,197,164,198,trigonal,cubic,4,Medium,Medium symmetry,False,0.67374187707901,11,0.05858158320188522,12,0.056304674595594406,False,1.5162459010715619,0.27882011551092967,0.67374187707901,,single_softmax
opxrd_536,opxrd,ablation2_cnn_augmentation,corrected_ablation_clean,59,61,60,62,orthorhombic,orthorhombic,24,Head,Low symmetry,False,0.0710974931716919,166,0.05207136645913124,163,0.04865109547972679,False,4.010829852742972,0.7375453032032305,0.0710974931716919,,single_softmax
opxrd_540,opxrd,ablation2_cnn_augmentation,corrected_ablation_clean,193,193,194,194,hexagonal,hexagonal,4,Medium,Medium symmetry,True,0.11555305123329163,13,0.060010720044374466,163,0.04093709960579872,True,4.075081228539576,0.7493603894030906,0.11555305123329163,,single_softmax
opxrd_542,opxrd,ablation2_cnn_augmentation,corrected_ablation_clean,57,57,58,58,orthorhombic,orthorhombic,3,Medium,Low symmetry,True,0.9959024786949158,60,0.0029329487588256598,1,0.0009998736204579473,True,0.03001144203719389,0.005518757695929321,0.9959024786949158,,single_softmax
opxrd_544,opxrd,ablation2_cnn_augmentation,corrected_ablation_clean,87,87,88,88,tetragonal,tetragonal,11,Head,Medium symmetry,True,0.9406635761260986,32,0.02001943252980709,226,0.01542746089398861,True,0.3186976206773813,0.05860481294460695,0.9406635761260986,,single_softmax
opxrd_545,opxrd,ablation2_cnn_augmentation,corrected_ablation_clean,13,13,14,14,monoclinic,monoclinic,109,Head,Low symmetry,True,0.9998328685760498,32,3.477392237982713e-05,61,3.1596860935678706e-05,True,0.002073093064696845,0.0003812178798671,0.9998328685760498,,single_softmax
opxrd_553,opxrd,ablation2_cnn_augmentation,corrected_ablation_clean,61,61,62,62,orthorhombic,orthorhombic,29,Head,Low symmetry,True,0.978602409362793,62,0.00977508258074522,59,0.0060979765839874744,True,0.14130377914356984,0.025984133572989333,0.978602409362793,,single_softmax
opxrd_557,opxrd,ablation2_cnn_augmentation,corrected_ablation_clean,62,69,63,70,orthorhombic,orthorhombic,10,Head,Low symmetry,False,0.6849572658538818,13,0.07286813110113144,12,0.06522481143474579,False,1.4789383058616137,0.2719596794836854,0.6849572658538818,,single_softmax
opxrd_558,opxrd,ablation2_cnn_augmentation,corrected_ablation_clean,14,165,15,166,monoclinic,trigonal,37,Head,Low symmetry,False,0.34720078110694885,13,0.2732125520706177,1,0.1031712144613266,False,1.9359580511543082,0.3560003341579899,0.34720078110694885,,single_softmax
opxrd_560,opxrd,ablation2_cnn_augmentation,corrected_ablation_clean,128,44,129,45,tetragonal,orthorhombic,29,Head,Medium symmetry,False,0.2025858759880066,13,0.14005911350250244,145,0.12685568630695343,False,2.9024263966991404,0.5337227046204767,0.2025858759880066,,single_softmax
opxrd_561,opxrd,ablation2_cnn_augmentation,corrected_ablation_clean,61,61,62,62,orthorhombic,orthorhombic,29,Head,Low symmetry,True,0.8717221021652222,59,0.11289801448583603,62,0.008704318664968014,True,0.45801396882372053,0.08422348090293165,0.8717221021652222,,single_softmax
opxrd_564,opxrd,ablation2_cnn_augmentation,corrected_ablation_clean,91,124,92,125,tetragonal,tetragonal,3,Medium,Medium symmetry,False,0.717070996761322,91,0.0976172536611557,139,0.0383647158741951,True,1.389653457982698,0.25554122678984353,0.717070996761322,,single_softmax
opxrd_576,opxrd,ablation2_cnn_augmentation,corrected_ablation_clean,175,175,176,176,hexagonal,hexagonal,5,Head,Medium symmetry,True,0.968397855758667,73,0.00974524486809969,14,0.008761477656662464,True,0.21613925704976789,0.0397455139528971,0.968397855758667,,single_softmax
opxrd_586,opxrd,ablation2_cnn_augmentation,corrected_ablation_clean,61,12,62,13,orthorhombic,monoclinic,29,Head,Low symmetry,False,0.29547515511512756,175,0.1163453608751297,14,0.0847695991396904,False,2.7964667037241737,0.5142379404315652,0.29547515511512756,,single_softmax
opxrd_588,opxrd,ablation2_cnn_augmentation,corrected_ablation_clean,1,1,2,2,triclinic,triclinic,52,Head,Low symmetry,True,0.9943665862083435,18,0.0015737207140773535,13,0.0011876337230205536,True,0.04716524869624884,0.008673144692622757,0.9943665862083435,,single_softmax
opxrd_600,opxrd,ablation2_cnn_augmentation,corrected_ablation_clean,13,18,14,19,monoclinic,orthorhombic,109,Head,Low symmetry,False,0.18069693446159363,59,0.15156790614128113,35,0.12030791491270065,False,3.0050405255938,0.5525922582009629,0.18069693446159363,,single_softmax
opxrd_608,opxrd,ablation2_cnn_augmentation,corrected_ablation_clean,18,3,19,4,orthorhombic,monoclinic,27,Head,Low symmetry,False,0.2649083137512207,11,0.1376277208328247,28,0.13232634961605072,False,2.6508663900037006,0.4874637237551807,0.2649083137512207,,single_softmax
opxrd_613,opxrd,ablation2_cnn_augmentation,corrected_ablation_clean,122,13,123,14,tetragonal,monoclinic,3,Medium,Medium symmetry,False,0.3432610332965851,61,0.2332001030445099,192,0.04179685190320015,False,2.518832765901271,0.4631842646664213,0.3432610332965851,,single_softmax
opxrd_618,opxrd,ablation2_cnn_augmentation,corrected_ablation_clean,128,128,129,129,tetragonal,tetragonal,29,Head,Medium symmetry,True,0.9999839067459106,13,8.720886398805305e-06,1,6.032059900462627e-06,True,0.00021052068024085413,3.871232254656833e-05,0.9999839067459106,,single_softmax
opxrd_619,opxrd,ablation2_cnn_augmentation,corrected_ablation_clean,13,13,14,14,monoclinic,monoclinic,109,Head,Low symmetry,True,0.43334686756134033,11,0.09114215523004532,224,0.07780619710683823,True,2.4315365905001434,0.4471315058811852,0.43334686756134033,,single_softmax
opxrd_624,opxrd,ablation2_cnn_augmentation,corrected_ablation_clean,13,25,14,26,monoclinic,orthorhombic,109,Head,Low symmetry,False,0.23281145095825195,166,0.08818494528532028,73,0.08390948176383972,False,3.237442239834775,0.5953282502744203,0.23281145095825195,,single_softmax
opxrd_627,opxrd,ablation2_cnn_augmentation,corrected_ablation_clean,73,73,74,74,orthorhombic,orthorhombic,29,Head,Low symmetry,True,0.9961258769035339,14,0.0037370361387729645,1,5.391975719248876e-05,True,0.02634495041099515,0.004844532217058041,0.9961258769035339,,single_softmax
opxrd_629,opxrd,ablation2_cnn_augmentation,corrected_ablation_clean,128,128,129,129,tetragonal,tetragonal,29,Head,Medium symmetry,True,0.9999802112579346,13,1.051036269927863e-05,1,7.640467629244085e-06,True,0.000254539730203499,4.680691761626788e-05,0.9999802112579346,,single_softmax
opxrd_631,opxrd,ablation2_cnn_augmentation,corrected_ablation_clean,165,165,166,166,trigonal,trigonal,12,Head,Medium symmetry,True,0.9659050107002258,192,0.006595098879188299,59,0.006474175490438938,True,0.23415600661666036,0.043058586187303335,0.9659050107002258,,single_softmax
opxrd_632,opxrd,ablation2_cnn_augmentation,corrected_ablation_clean,165,165,166,166,trigonal,trigonal,12,Head,Medium symmetry,True,0.9996587038040161,138,7.495584577554837e-05,61,4.7831126721575856e-05,True,0.003950525542889749,0.0007264560368598228,0.9996587038040161,,single_softmax
opxrd_633,opxrd,ablation2_cnn_augmentation,corrected_ablation_clean,197,226,198,227,cubic,cubic,3,Medium,High symmetry,False,0.9359413981437683,14,0.022297438234090805,87,0.006894814316183329,False,0.4201402646590495,0.07725894397487967,0.9359413981437683,,single_softmax
opxrd_634,opxrd,ablation2_cnn_augmentation,corrected_ablation_clean,192,192,193,193,hexagonal,hexagonal,6,Head,Medium symmetry,True,0.9809796214103699,60,0.00684194965288043,62,0.0032061459496617317,True,0.1433678525958977,0.026363692850276996,0.9809796214103699,,single_softmax
opxrd_635,opxrd,ablation2_cnn_augmentation,corrected_ablation_clean,1,165,2,166,triclinic,trigonal,52,Head,Low symmetry,False,0.1103314757347107,192,0.0683346763253212,226,0.06529249250888824,False,3.787908134739703,0.6965525729873464,0.1103314757347107,,single_softmax
opxrd_642,opxrd,ablation2_cnn_augmentation,corrected_ablation_clean,139,139,140,140,tetragonal,tetragonal,6,Head,Medium symmetry,True,0.9426852464675903,62,0.007669335696846247,138,0.004169947933405638,True,0.41649803922426165,0.07658918076844547,0.9426852464675903,,single_softmax
opxrd_646,opxrd,ablation2_cnn_augmentation,corrected_ablation_clean,18,18,19,19,orthorhombic,orthorhombic,27,Head,Low symmetry,True,0.8387686014175415,13,0.023976735770702362,32,0.022196870297193527,True,0.8814326178310927,0.16208528190914281,0.8387686014175415,,single_softmax
opxrd_651,opxrd,ablation2_cnn_augmentation,corrected_ablation_clean,13,13,14,14,monoclinic,monoclinic,109,Head,Low symmetry,True,0.9637494087219238,32,0.013961123302578926,3,0.005688247736543417,True,0.2268074526948851,0.041707271963232116,0.9637494087219238,,single_softmax
opxrd_666,opxrd,ablation2_cnn_augmentation,corrected_ablation_clean,13,59,14,60,monoclinic,orthorhombic,109,Head,Low symmetry,False,0.7702680230140686,1,0.10035080462694168,13,0.0888374075293541,True,0.8626694080549261,0.15863494426044789,0.7702680230140686,,single_softmax
opxrd_667,opxrd,ablation2_cnn_augmentation,corrected_ablation_clean,1,1,2,2,triclinic,triclinic,52,Head,Low symmetry,True,0.7532221674919128,18,0.14718328416347504,13,0.025126231834292412,True,0.992647754648458,0.18253646154436354,0.7532221674919128,,single_softmax
opxrd_670,opxrd,ablation2_cnn_augmentation,corrected_ablation_clean,14,160,15,161,monoclinic,trigonal,37,Head,Low symmetry,False,0.8063170313835144,2,0.06919467449188232,18,0.026542210951447487,False,0.9325919235800537,0.17149288758069217,0.8063170313835144,,single_softmax
opxrd_676,opxrd,ablation2_cnn_augmentation,corrected_ablation_clean,13,13,14,14,monoclinic,monoclinic,109,Head,Low symmetry,True,0.6052913665771484,71,0.1675575226545334,1,0.10307127237319946,True,1.4091482967684104,0.25912610256642954,0.6052913665771484,,single_softmax
opxrd_677,opxrd,ablation2_cnn_augmentation,corrected_ablation_clean,18,18,19,19,orthorhombic,orthorhombic,27,Head,Low symmetry,True,0.8957436680793762,1,0.08438025414943695,13,0.016850212588906288,True,0.4005991493396101,0.07366555847802328,0.8957436680793762,,single_softmax
opxrd_683,opxrd,ablation2_cnn_augmentation,corrected_ablation_clean,1,1,2,2,triclinic,triclinic,52,Head,Low symmetry,True,0.9851674437522888,11,0.01423652283847332,13,0.00039398312219418585,True,0.08031356235259828,0.014768736862813669,0.9851674437522888,,single_softmax
opxrd_691,opxrd,ablation2_cnn_augmentation,corrected_ablation_clean,25,25,26,26,orthorhombic,orthorhombic,5,Medium,Low symmetry,True,0.9079377055168152,12,0.03013055957853794,202,0.01663670875132084,True,0.5214788137024164,0.09589393314781859,0.9079377055168152,,single_softmax
opxrd_695,opxrd,ablation2_cnn_augmentation,corrected_ablation_clean,147,147,148,148,trigonal,trigonal,23,Head,Medium symmetry,True,0.9999775886535645,138,1.7078940800274722e-05,224,2.7091884930996457e-06,True,0.0002823848826048703,5.192731965889366e-05,0.9999775886535645,,single_softmax
opxrd_707,opxrd,ablation2_cnn_augmentation,corrected_ablation_clean,190,190,191,191,hexagonal,hexagonal,5,Head,Medium symmetry,True,0.9957835674285889,70,0.0011480530956760049,224,0.0010164035484194756,True,0.03786719472987273,0.006963339918146742,0.9957835674285889,,single_softmax
opxrd_708,opxrd,ablation2_cnn_augmentation,corrected_ablation_clean,44,44,45,45,orthorhombic,orthorhombic,3,Medium,Low symmetry,True,0.9999669790267944,147,2.8559727070387453e-05,2,2.4304536054842174e-06,True,0.000391680522212983,7.202552591873479e-05,0.9999669790267944,,single_softmax
opxrd_710,opxrd,ablation2_cnn_augmentation,corrected_ablation_clean,8,13,9,14,monoclinic,monoclinic,2,Tail,Low symmetry,False,0.5934943556785583,202,0.08602400124073029,11,0.0684310793876648,False,1.98390225599805,0.3648167198927605,0.5934943556785583,,single_softmax
opxrd_727,opxrd,ablation2_cnn_augmentation,corrected_ablation_clean,1,1,2,2,triclinic,triclinic,52,Head,Low symmetry,True,0.3896668553352356,14,0.1828027367591858,204,0.058486662805080414,True,2.373701906373041,0.43649637519594436,0.3896668553352356,,single_softmax
opxrd_730,opxrd,ablation2_cnn_augmentation,corrected_ablation_clean,13,13,14,14,monoclinic,monoclinic,109,Head,Low symmetry,True,0.8142067790031433,8,0.028729641810059547,161,0.018885379657149315,True,1.1213871504086477,0.20621015007423563,0.8142067790031433,,single_softmax
opxrd_735,opxrd,ablation2_cnn_augmentation,corrected_ablation_clean,61,62,62,63,orthorhombic,orthorhombic,29,Head,Low symmetry,False,0.33919981122016907,25,0.2462805211544037,139,0.13830752670764923,False,2.0937442471907146,0.3850153939011421,0.33919981122016907,,single_softmax
opxrd_738,opxrd,ablation2_cnn_augmentation,corrected_ablation_clean,60,1,61,2,orthorhombic,triclinic,11,Head,Low symmetry,False,0.5961146950721741,13,0.13923293352127075,18,0.05116916447877884,False,1.7987900333464772,0.33077671934554026,0.5961146950721741,,single_softmax
opxrd_740,opxrd,ablation2_cnn_augmentation,corrected_ablation_clean,3,1,4,2,monoclinic,triclinic,14,Head,Low symmetry,False,0.17817874252796173,18,0.09383546561002731,11,0.0649147555232048,False,3.5076474069175108,0.6450158608687276,0.17817874252796173,,single_softmax
opxrd_742,opxrd,ablation2_cnn_augmentation,corrected_ablation_clean,220,220,221,221,cubic,cubic,14,Head,High symmetry,True,0.9994563460350037,60,0.00022758790873922408,136,0.00011831429583253339,True,0.0056607979195532065,0.0010409553811149017,0.9994563460350037,,single_softmax
opxrd_743,opxrd,ablation2_cnn_augmentation,corrected_ablation_clean,71,71,72,72,orthorhombic,orthorhombic,6,Head,Low symmetry,True,0.9935088157653809,13,0.0028425438795238733,11,0.0010189705062657595,True,0.054196565900143476,0.009966122746906949,0.9935088157653809,,single_softmax
opxrd_745,opxrd,ablation2_cnn_augmentation,corrected_ablation_clean,73,73,74,74,orthorhombic,orthorhombic,29,Head,Low symmetry,True,0.9942704439163208,14,0.005499836523085833,1,8.45879185362719e-05,True,0.036894952228429326,0.006784555747079563,0.9942704439163208,,single_softmax
opxrd_749,opxrd,ablation2_cnn_augmentation,corrected_ablation_clean,62,51,63,52,orthorhombic,orthorhombic,10,Head,Low symmetry,False,0.7284417748451233,13,0.0796927735209465,56,0.04585244506597519,False,1.370621827499701,0.2520415296721924,0.7284417748451233,,single_softmax
opxrd_752,opxrd,ablation2_cnn_augmentation,corrected_ablation_clean,35,35,36,36,orthorhombic,orthorhombic,6,Head,Low symmetry,True,0.935735821723938,32,0.03143740072846413,42,0.01813628524541855,True,0.34193181211138485,0.06287731250081592,0.935735821723938,,single_softmax
opxrd_755,opxrd,ablation2_cnn_augmentation,corrected_ablation_clean,4,3,5,4,monoclinic,monoclinic,3,Medium,Low symmetry,False,0.21623480319976807,18,0.059180617332458496,32,0.05438242852687836,False,3.5991360373668777,0.6618395637336796,0.21623480319976807,,single_softmax
opxrd_756,opxrd,ablation2_cnn_augmentation,corrected_ablation_clean,166,166,167,167,trigonal,trigonal,5,Medium,Medium symmetry,True,0.1404903084039688,61,0.05265633761882782,229,0.049245111644268036,True,3.952876090181083,0.7268882753686429,0.1404903084039688,,single_softmax
opxrd_760,opxrd,ablation2_cnn_augmentation,corrected_ablation_clean,13,10,14,11,monoclinic,monoclinic,109,Head,Low symmetry,False,0.29047396779060364,13,0.18387505412101746,59,0.11716549843549728,True,2.4120956147634316,0.44355653489743885,0.29047396779060364,,single_softmax
opxrd_773,opxrd,ablation2_cnn_augmentation,corrected_ablation_clean,165,165,166,166,trigonal,trigonal,12,Head,Medium symmetry,True,0.5978052616119385,215,0.08732665330171585,224,0.05657011270523071,True,1.8960622708463588,0.34866396077290784,0.5978052616119385,,single_softmax
opxrd_779,opxrd,ablation2_cnn_augmentation,corrected_ablation_clean,1,13,2,14,triclinic,monoclinic,52,Head,Low symmetry,False,0.7107775211334229,197,0.1153971254825592,35,0.058229345828294754,False,1.1966399851478788,0.22004827755717815,0.7107775211334229,,single_softmax
opxrd_781,opxrd,ablation2_cnn_augmentation,corrected_ablation_clean,73,73,74,74,orthorhombic,orthorhombic,29,Head,Low symmetry,True,0.9985872507095337,14,0.0013741349102929235,1,1.6888772734091617e-05,True,0.010956516262120367,0.0020147768430192107,0.9985872507095337,,single_softmax
opxrd_782,opxrd,ablation2_cnn_augmentation,corrected_ablation_clean,12,18,13,19,monoclinic,orthorhombic,5,Medium,Low symmetry,False,0.18621207773685455,3,0.13671985268592834,197,0.07630913704633713,False,3.1871798780185676,0.5860855822365098,0.18621207773685455,,single_softmax
opxrd_787,opxrd,ablation2_cnn_augmentation,corrected_ablation_clean,216,216,217,217,cubic,cubic,2,Medium,High symmetry,True,0.9244098663330078,13,0.016193104907870293,224,0.0048502422869205475,True,0.5211950643505856,0.09584175491802241,0.9244098663330078,,single_softmax
opxrd_797,opxrd,ablation2_cnn_augmentation,corrected_ablation_clean,11,163,12,164,monoclinic,trigonal,10,Head,Low symmetry,False,0.14669066667556763,165,0.14246001839637756,175,0.102187380194664,False,3.1113885045202103,0.5721484236934202,0.14669066667556763,,single_softmax
opxrd_801,opxrd,ablation2_cnn_augmentation,corrected_ablation_clean,87,87,88,88,tetragonal,tetragonal,11,Head,Medium symmetry,True,0.9090610146522522,226,0.02956232614815235,32,0.024347014725208282,True,0.44851587913597557,0.08247689186879238,0.9090610146522522,,single_softmax
opxrd_803,opxrd,ablation2_cnn_augmentation,corrected_ablation_clean,124,124,125,125,tetragonal,tetragonal,13,Head,Medium symmetry,True,0.9968957901000977,91,0.0011880348902195692,10,0.000525501265656203,True,0.027862415438929904,0.00512357651592378,0.9968957901000977,,single_softmax
opxrd_805,opxrd,ablation2_cnn_augmentation,corrected_ablation_clean,138,138,139,139,tetragonal,tetragonal,11,Head,Medium symmetry,True,0.5927554368972778,13,0.11126521974802017,192,0.08609581738710403,True,1.7071881623157756,0.31393219284509094,0.5927554368972778,,single_softmax
opxrd_808,opxrd,ablation2_cnn_augmentation,corrected_ablation_clean,128,14,129,15,tetragonal,monoclinic,29,Head,Medium symmetry,False,0.26026609539985657,1,0.13322319090366364,215,0.07405111938714981,False,3.065826287066357,0.5637700579386046,0.26026609539985657,,single_softmax
opxrd_809,opxrd,ablation2_cnn_augmentation,corrected_ablation_clean,61,163,62,164,orthorhombic,trigonal,29,Head,Low symmetry,False,0.096306711435318,3,0.08835304528474808,147,0.0381275899708271,False,4.152714882657036,0.7636363220821292,0.096306711435318,,single_softmax
opxrd_816,opxrd,ablation2_cnn_augmentation,corrected_ablation_clean,13,13,14,14,monoclinic,monoclinic,109,Head,Low symmetry,True,0.6896509528160095,1,0.1825941503047943,32,0.017451561987400055,True,1.2236496326379427,0.2250150398928698,0.6896509528160095,,single_softmax
opxrd_817,opxrd,ablation2_cnn_augmentation,corrected_ablation_clean,13,25,14,26,monoclinic,orthorhombic,109,Head,Low symmetry,False,0.13016103208065033,14,0.11227085441350937,73,0.07962928712368011,False,3.461128367695794,0.6364615466377114,0.13016103208065033,,single_softmax
opxrd_818,opxrd,ablation2_cnn_augmentation,corrected_ablation_clean,190,190,191,191,hexagonal,hexagonal,5,Head,Medium symmetry,True,0.9953522682189941,70,0.0015523550100624561,224,0.0010314419632777572,True,0.04012402076429421,0.007378344169871851,0.9953522682189941,,single_softmax
opxrd_823,opxrd,ablation2_cnn_augmentation,corrected_ablation_clean,13,175,14,176,monoclinic,hexagonal,109,Head,Low symmetry,False,0.2787373661994934,13,0.23543083667755127,59,0.07387024909257889,True,2.548049213829291,0.4685568321242147,0.2787373661994934,,single_softmax
opxrd_824,opxrd,ablation2_cnn_augmentation,corrected_ablation_clean,13,13,14,14,monoclinic,monoclinic,109,Head,Low symmetry,True,0.9967468976974487,18,0.001422520843334496,0,0.0005882444093003869,True,0.028008872228159728,0.005150508228557965,0.9967468976974487,,single_softmax
opxrd_826,opxrd,ablation2_cnn_augmentation,corrected_ablation_clean,124,124,125,125,tetragonal,tetragonal,13,Head,Medium symmetry,True,0.9969894289970398,91,0.000862743763718754,13,0.0007032919093035161,True,0.02697389208085839,0.00496018732875,0.9969894289970398,,single_softmax
opxrd_831,opxrd,ablation2_cnn_augmentation,corrected_ablation_clean,222,163,223,164,cubic,trigonal,1,Tail,High symmetry,False,0.18603378534317017,165,0.13965705037117004,166,0.12331435829401016,False,3.1423574657108944,0.5778432581067153,0.18603378534317017,,single_softmax
opxrd_833,opxrd,ablation2_cnn_augmentation,corrected_ablation_clean,138,138,139,139,tetragonal,tetragonal,11,Head,Medium symmetry,True,0.8136947154998779,139,0.045883871614933014,224,0.02346198819577694,True,0.9657137179152873,0.17758360315390656,0.8136947154998779,,single_softmax
opxrd_836,opxrd,ablation2_cnn_augmentation,corrected_ablation_clean,11,1,12,2,monoclinic,triclinic,10,Head,Low symmetry,False,0.5567004680633545,13,0.2740633487701416,11,0.13396187126636505,True,1.1108346998815144,0.20426967625477183,0.5567004680633545,,single_softmax
opxrd_850,opxrd,ablation2_cnn_augmentation,corrected_ablation_clean,18,1,19,2,orthorhombic,triclinic,27,Head,Low symmetry,False,0.6959608197212219,13,0.12790043652057648,128,0.02645420841872692,False,1.3431724355769679,0.2469939034123671,0.6959608197212219,,single_softmax
opxrd_862,opxrd,ablation2_cnn_augmentation,corrected_ablation_clean,224,224,225,225,cubic,cubic,289,Head,High symmetry,True,0.9999994039535522,50,5.329616783456004e-07,62,2.9676533230826863e-08,True,9.429808809822821e-06,1.734032969020828e-06,0.9999994039535522,,single_softmax
opxrd_866,opxrd,ablation2_cnn_augmentation,corrected_ablation_clean,224,224,225,225,cubic,cubic,289,Head,High symmetry,True,0.9999995231628418,50,4.2289448742849345e-07,62,1.1945891387199481e-08,True,7.034990253412491e-06,1.2936534856836252e-06,0.9999995231628418,,single_softmax
opxrd_871,opxrd,ablation2_cnn_augmentation,corrected_ablation_clean,224,224,225,225,cubic,cubic,289,Head,High symmetry,True,0.9999992847442627,50,6.983389653214545e-07,62,2.0661993005433033e-08,True,1.1170143448750433e-05,2.0540604162248334e-06,0.9999992847442627,,single_softmax
opxrd_875,opxrd,ablation2_cnn_augmentation,corrected_ablation_clean,224,224,225,225,cubic,cubic,289,Head,High symmetry,True,0.9999878406524658,50,1.1557905054360162e-05,62,2.95085982315868e-07,True,0.00015365135020396057,2.8254709333098228e-05,0.9999878406524658,,single_softmax
opxrd_883,opxrd,ablation2_cnn_augmentation,corrected_ablation_clean,224,224,225,225,cubic,cubic,289,Head,High symmetry,True,0.9999995231628418,50,4.762522394230473e-07,62,1.3877446747301292e-08,True,7.823579818484495e-06,1.4386660021024328e-06,0.9999995231628418,,single_softmax
opxrd_885,opxrd,ablation2_cnn_augmentation,corrected_ablation_clean,224,224,225,225,cubic,cubic,289,Head,High symmetry,True,0.9999927282333374,50,6.5355438891856465e-06,62,2.509967202968255e-07,True,9.802063750363318e-05,1.8024863547464966e-05,0.9999927282333374,,single_softmax
opxrd_886,opxrd,ablation2_cnn_augmentation,corrected_ablation_clean,224,224,225,225,cubic,cubic,289,Head,High symmetry,True,0.9999998807907104,50,9.757867047710533e-08,62,1.900109625196933e-09,True,1.7453441855181933e-06,3.209486449846926e-07,0.9999998807907104,,single_softmax
opxrd_898,opxrd,ablation2_cnn_augmentation,corrected_ablation_clean,224,224,225,225,cubic,cubic,289,Head,High symmetry,True,0.9999982118606567,50,1.6422260387116694e-06,62,8.013235230919236e-08,True,2.741652015013336e-05,5.041581520362592e-06,0.9999982118606567,,single_softmax
opxrd_901,opxrd,ablation2_cnn_augmentation,corrected_ablation_clean,224,224,225,225,cubic,cubic,289,Head,High symmetry,True,0.9999994039535522,50,5.409603431871801e-07,62,4.564259370454238e-08,True,9.936117266205262e-06,1.8271372486056536e-06,0.9999994039535522,,single_softmax
opxrd_904,opxrd,ablation2_cnn_augmentation,corrected_ablation_clean,224,224,225,225,cubic,cubic,289,Head,High symmetry,True,0.9999885559082031,50,9.69994562183274e-06,62,4.898506631434429e-07,True,0.00015129164332477636,2.7820786481823838e-05,0.9999885559082031,,single_softmax
opxrd_907,opxrd,ablation2_cnn_augmentation,corrected_ablation_clean,224,224,225,225,cubic,cubic,289,Head,High symmetry,True,0.9999555349349976,50,3.977783126174472e-05,138,1.5354721654148307e-06,True,0.000515193784290408,9.473818880225608e-05,0.9999555349349976,,single_softmax
opxrd_910,opxrd,ablation2_cnn_augmentation,corrected_ablation_clean,224,224,225,225,cubic,cubic,289,Head,High symmetry,True,0.9999992847442627,50,6.403803354260162e-07,62,1.5659953334079546e-08,True,1.0368966991964225e-05,1.9067333157407379e-06,0.9999992847442627,,single_softmax
opxrd_913,opxrd,ablation2_cnn_augmentation,corrected_ablation_clean,224,224,225,225,cubic,cubic,289,Head,High symmetry,True,0.9999983310699463,50,1.5623809304088354e-06,62,4.131254272010665e-08,True,2.3731421117198787e-05,4.3639343542229236e-06,0.9999983310699463,,single_softmax
opxrd_917,opxrd,ablation2_cnn_augmentation,corrected_ablation_clean,224,224,225,225,cubic,cubic,289,Head,High symmetry,True,0.999996542930603,50,3.0354115096997702e-06,62,1.4178515073126619e-07,True,5.009643780416857e-05,9.212156527759112e-06,0.999996542930603,,single_softmax
opxrd_927,opxrd,ablation2_cnn_augmentation,corrected_ablation_clean,224,224,225,225,cubic,cubic,289,Head,High symmetry,True,0.9999995231628418,50,4.4474984406406293e-07,62,2.6802744912401977e-08,True,7.986569815688445e-06,1.468637980800225e-06,0.9999995231628418,,single_softmax
opxrd_930,opxrd,ablation2_cnn_augmentation,corrected_ablation_clean,224,224,225,225,cubic,cubic,289,Head,High symmetry,True,0.999716579914093,50,0.00024910588399507105,138,9.56179792410694e-06,True,0.002779729948780516,0.000511160244430296,0.999716579914093,,single_softmax
opxrd_935,opxrd,ablation2_cnn_augmentation,corrected_ablation_clean,224,224,225,225,cubic,cubic,289,Head,High symmetry,True,0.9999991655349731,50,7.715824494880508e-07,62,2.205145044342771e-08,True,1.2470658186609065e-05,2.2932100615278454e-06,0.9999991655349731,,single_softmax
opxrd_938,opxrd,ablation2_cnn_augmentation,corrected_ablation_clean,224,224,225,225,cubic,cubic,289,Head,High symmetry,True,0.9999960660934448,50,3.452373448453727e-06,62,1.6924424528497184e-07,True,5.6133631943074346e-05,1.0322326827960417e-05,0.9999960660934448,,single_softmax
opxrd_943,opxrd,ablation2_cnn_augmentation,corrected_ablation_clean,224,224,225,225,cubic,cubic,289,Head,High symmetry,True,0.9999972581863403,50,2.045356723101577e-06,62,4.36380446444673e-07,True,3.9991680270758246e-05,7.354008281037203e-06,0.9999972581863403,,single_softmax
opxrd_944,opxrd,ablation2_cnn_augmentation,corrected_ablation_clean,224,224,225,225,cubic,cubic,289,Head,High symmetry,True,0.9999806880950928,50,1.6477672033943236e-05,62,7.166918862822058e-07,True,0.00024451147599551654,4.4962837447829115e-05,0.9999806880950928,,single_softmax
opxrd_950,opxrd,ablation2_cnn_augmentation,corrected_ablation_clean,224,224,225,225,cubic,cubic,289,Head,High symmetry,True,0.9999934434890747,50,5.540510301216273e-06,62,4.20386385258098e-07,True,9.061311315447503e-05,1.6662705342636407e-05,0.9999934434890747,,single_softmax
opxrd_958,opxrd,ablation2_cnn_augmentation,corrected_ablation_clean,224,224,225,225,cubic,cubic,289,Head,High symmetry,True,0.9999969005584717,50,2.2242229533731006e-06,62,5.538323648579535e-07,True,4.596447152062654e-05,8.452335633502935e-06,0.9999969005584717,,single_softmax
opxrd_965,opxrd,ablation2_cnn_augmentation,corrected_ablation_clean,224,224,225,225,cubic,cubic,289,Head,High symmetry,True,0.9999997615814209,50,1.9140829010666494e-07,62,3.771646994721323e-09,True,3.3062851901831737e-06,6.079876740226978e-07,0.9999997615814209,,single_softmax
opxrd_970,opxrd,ablation2_cnn_augmentation,corrected_ablation_clean,224,224,225,225,cubic,cubic,289,Head,High symmetry,True,0.9999967813491821,50,2.734718691499438e-06,62,1.935542854880623e-07,True,4.59985458340526e-05,8.45860150633972e-06,0.9999967813491821,,single_softmax
opxrd_983,opxrd,ablation2_cnn_augmentation,corrected_ablation_clean,224,224,225,225,cubic,cubic,289,Head,High symmetry,True,0.9999983310699463,50,1.5885945003901725e-06,62,5.478129239122609e-08,True,2.5071010762402936e-05,4.610269423850549e-06,0.9999983310699463,,single_softmax
opxrd_986,opxrd,ablation2_cnn_augmentation,corrected_ablation_clean,224,224,225,225,cubic,cubic,289,Head,High symmetry,True,0.9999997615814209,50,2.66608935817203e-07,62,5.678795211849774e-09,True,4.42515365814879e-06,8.137346674749071e-07,0.9999997615814209,,single_softmax
opxrd_994,opxrd,ablation2_cnn_augmentation,corrected_ablation_clean,224,224,225,225,cubic,cubic,289,Head,High symmetry,True,0.9999926090240479,50,6.3869429141050205e-06,62,3.2260038551612524e-07,True,0.00010101811834445899,1.8576065666916833e-05,0.9999926090240479,,single_softmax
opxrd_998,opxrd,ablation2_cnn_augmentation,corrected_ablation_clean,224,224,225,225,cubic,cubic,289,Head,High symmetry,True,0.9999854564666748,50,1.1965809790126514e-05,62,8.338051884493325e-07,True,0.00019047886301111583,3.502686374922195e-05,0.9999854564666748,,single_softmax
opxrd_1005,opxrd,ablation2_cnn_augmentation,corrected_ablation_clean,224,224,225,225,cubic,cubic,289,Head,High symmetry,True,0.9999746084213257,50,2.0632924133678898e-05,62,1.0054566246253671e-06,True,0.00032007772824518604,5.885859879240438e-05,0.9999746084213257,,single_softmax
opxrd_1015,opxrd,ablation2_cnn_augmentation,corrected_ablation_clean,224,224,225,225,cubic,cubic,289,Head,High symmetry,True,0.9999988079071045,50,1.1546700307007995e-06,62,4.373240969357539e-08,True,1.814806713943466e-05,3.3372200198801798e-06,0.9999988079071045,,single_softmax
opxrd_1016,opxrd,ablation2_cnn_augmentation,corrected_ablation_clean,224,224,225,225,cubic,cubic,289,Head,High symmetry,True,0.9999973773956299,50,2.5348872441099957e-06,62,6.58780692219807e-08,True,3.717900358356999e-05,6.836789511797664e-06,0.9999973773956299,,single_softmax
opxrd_1024,opxrd,ablation2_cnn_augmentation,corrected_ablation_clean,224,224,225,225,cubic,cubic,289,Head,High symmetry,True,0.9999990463256836,50,8.799419219940319e-07,62,7.015197667215034e-08,True,1.5733177089098123e-05,2.8931496205437798e-06,0.9999990463256836,,single_softmax
opxrd_1027,opxrd,ablation2_cnn_augmentation,corrected_ablation_clean,224,224,225,225,cubic,cubic,289,Head,High symmetry,True,0.999993085861206,50,5.827949735248694e-06,62,4.0511318388780637e-07,True,9.460651833012754e-05,1.739704644889792e-05,0.999993085861206,,single_softmax
opxrd_1037,opxrd,ablation2_cnn_augmentation,corrected_ablation_clean,224,224,225,225,cubic,cubic,289,Head,High symmetry,True,0.9999990463256836,50,9.074743729797774e-07,62,2.7476152908434415e-08,True,1.4570010280344262e-05,2.6792566736635726e-06,0.9999990463256836,,single_softmax
opxrd_1039,opxrd,ablation2_cnn_augmentation,corrected_ablation_clean,224,224,225,225,cubic,cubic,289,Head,High symmetry,True,0.9999978542327881,50,1.7883742202684516e-06,62,1.6445598305381282e-07,True,3.154134933391196e-05,5.800089984373089e-06,0.9999978542327881,,single_softmax
opxrd_1054,opxrd,ablation2_cnn_augmentation,corrected_ablation_clean,224,224,225,225,cubic,cubic,289,Head,High symmetry,True,0.9999771118164062,50,1.8461798390490003e-05,62,1.2088107723684516e-06,True,0.00028988208626492634,5.330596885361101e-05,0.9999771118164062,,single_softmax
opxrd_1058,opxrd,ablation2_cnn_augmentation,corrected_ablation_clean,224,224,225,225,cubic,cubic,289,Head,High symmetry,True,0.9999953508377075,50,3.896418093063403e-06,62,4.0141790691450296e-07,True,6.63207422321653e-05,1.219561879565482e-05,0.9999953508377075,,single_softmax
opxrd_1061,opxrd,ablation2_cnn_augmentation,corrected_ablation_clean,224,224,225,225,cubic,cubic,289,Head,High symmetry,True,0.999984622001648,50,1.3269624105305411e-05,62,5.632309694192372e-07,True,0.00019695167369776124,3.621713890317646e-05,0.999984622001648,,single_softmax
opxrd_1067,opxrd,ablation2_cnn_augmentation,corrected_ablation_clean,224,224,225,225,cubic,cubic,289,Head,High symmetry,True,0.9999881982803345,50,9.936221431416925e-06,62,4.946944045514101e-07,True,0.00015547802983502146,2.8590614627466322e-05,0.9999881982803345,,single_softmax
opxrd_1068,opxrd,ablation2_cnn_augmentation,corrected_ablation_clean,224,224,225,225,cubic,cubic,289,Head,High symmetry,True,0.9999958276748657,50,3.790861683228286e-06,62,1.3769722784218175e-07,True,5.778395769253408e-05,1.0625802679581735e-05,0.9999958276748657,,single_softmax
opxrd_1072,opxrd,ablation2_cnn_augmentation,corrected_ablation_clean,224,224,225,225,cubic,cubic,289,Head,High symmetry,True,0.999993085861206,50,5.834539933857741e-06,62,4.428331124017859e-07,True,9.511784104312652e-05,1.7491072792382828e-05,0.999993085861206,,single_softmax
opxrd_1079,opxrd,ablation2_cnn_augmentation,corrected_ablation_clean,224,224,225,225,cubic,cubic,289,Head,High symmetry,True,0.9999978542327881,50,2.0158786355750635e-06,62,6.769992211275166e-08,True,3.1358564341617146e-05,5.7664779346196245e-06,0.9999978542327881,,single_softmax
opxrd_1081,opxrd,ablation2_cnn_augmentation,corrected_ablation_clean,224,224,225,225,cubic,cubic,289,Head,High symmetry,True,0.9999996423721313,50,4.032560241284955e-07,62,9.172239856525266e-09,True,6.580620329766752e-06,1.2101001026168911e-06,0.9999996423721313,,single_softmax
opxrd_1082,opxrd,ablation2_cnn_augmentation,corrected_ablation_clean,224,224,225,225,cubic,cubic,289,Head,High symmetry,True,0.9999994039535522,50,5.957036819381756e-07,62,1.759081413865715e-08,True,9.738596613880602e-06,1.790815481102088e-06,0.9999994039535522,,single_softmax
opxrd_1083,opxrd,ablation2_cnn_augmentation,corrected_ablation_clean,224,224,225,225,cubic,cubic,289,Head,High symmetry,True,0.9999961853027344,50,3.3907754186657257e-06,62,1.7096121496251726e-07,True,5.563589795454232e-05,1.0230799294017448e-05,0.9999961853027344,,single_softmax
opxrd_1084,opxrd,ablation2_cnn_augmentation,corrected_ablation_clean,224,224,225,225,cubic,cubic,289,Head,High symmetry,True,0.9999985694885254,50,1.3964804566057865e-06,62,4.6424499799968544e-08,True,2.1917433973296667e-05,4.030363061703228e-06,0.9999985694885254,,single_softmax
opxrd_1087,opxrd,ablation2_cnn_augmentation,corrected_ablation_clean,224,224,225,225,cubic,cubic,289,Head,High symmetry,True,0.9999983310699463,50,1.337993467132037e-06,62,1.8885826591485966e-07,True,2.515323626388655e-05,4.625389744245416e-06,0.9999983310699463,,single_softmax
opxrd_1091,opxrd,ablation2_cnn_augmentation,corrected_ablation_clean,224,224,225,225,cubic,cubic,289,Head,High symmetry,True,0.9999904632568359,50,8.134652489388827e-06,62,4.0973546333589184e-07,True,0.00012786978019033851,2.351377626665365e-05,0.9999904632568359,,single_softmax
opxrd_1092,opxrd,ablation2_cnn_augmentation,corrected_ablation_clean,224,224,225,225,cubic,cubic,289,Head,High symmetry,True,0.9999967813491821,50,3.1163008316070773e-06,62,1.0210767698026757e-07,True,4.563021824156701e-05,8.390870314578464e-06,0.9999967813491821,,single_softmax
opxrd_1094,opxrd,ablation2_cnn_augmentation,corrected_ablation_clean,224,224,225,225,cubic,cubic,289,Head,High symmetry,True,0.9999955892562866,50,4.023806468467228e-06,62,1.4627626399033034e-07,True,6.0962979785053576e-05,1.1210388139250027e-05,0.9999955892562866,,single_softmax
opxrd_1100,opxrd,ablation2_cnn_augmentation,corrected_ablation_clean,224,224,225,225,cubic,cubic,289,Head,High symmetry,True,0.9999996423721313,50,3.020331291736511e-07,62,3.516447932838673e-08,True,5.911575310003306e-06,1.087070447888313e-06,0.9999996423721313,,single_softmax
opxrd_1105,opxrd,ablation2_cnn_augmentation,corrected_ablation_clean,224,224,225,225,cubic,cubic,289,Head,High symmetry,True,0.9999985694885254,50,1.3691253570868867e-06,62,2.288390277271901e-08,True,2.0607066113406438e-05,3.7894015410170403e-06,0.9999985694885254,,single_softmax
opxrd_1113,opxrd,ablation2_cnn_augmentation,corrected_ablation_clean,224,224,225,225,cubic,cubic,289,Head,High symmetry,True,0.9999969005584717,50,2.7391640742280288e-06,62,1.496843395898395e-07,True,4.541172497895892e-05,8.350691926181374e-06,0.9999969005584717,,single_softmax
opxrd_1117,opxrd,ablation2_cnn_augmentation,corrected_ablation_clean,224,224,225,225,cubic,cubic,289,Head,High symmetry,True,0.9999904632568359,50,8.190224434656557e-06,62,4.137587268360221e-07,True,0.00012850456838809716,2.363050648732495e-05,0.9999904632568359,,single_softmax
opxrd_1118,opxrd,ablation2_cnn_augmentation,corrected_ablation_clean,224,224,225,225,cubic,cubic,289,Head,High symmetry,True,0.999997615814209,50,1.60613626576378e-06,62,4.5830310568817367e-07,True,3.651288477711333e-05,6.714297953911841e-06,0.999997615814209,,single_softmax
opxrd_1120,opxrd,ablation2_cnn_augmentation,corrected_ablation_clean,224,224,225,225,cubic,cubic,289,Head,High symmetry,True,0.9999843835830688,50,1.2796794180758297e-05,62,9.609703965907102e-07,True,0.0002049859995001256,3.769455865856345e-05,0.9999843835830688,,single_softmax
opxrd_1123,opxrd,ablation2_cnn_augmentation,corrected_ablation_clean,224,224,225,225,cubic,cubic,289,Head,High symmetry,True,0.9999963045120239,50,3.268723503424553e-06,62,1.567908753941083e-07,True,5.333536169993583e-05,9.807757237453175e-06,0.9999963045120239,,single_softmax
opxrd_1126,opxrd,ablation2_cnn_augmentation,corrected_ablation_clean,224,224,225,225,cubic,cubic,289,Head,High symmetry,True,0.9999924898147583,50,6.706537078571273e-06,62,2.688259144179028e-07,True,0.00010136094126272476,1.8639106843551244e-05,0.9999924898147583,,single_softmax
opxrd_1135,opxrd,ablation2_cnn_augmentation,corrected_ablation_clean,224,224,225,225,cubic,cubic,289,Head,High symmetry,True,0.9999933242797852,50,5.6788107940519694e-06,62,3.366540397564677e-07,True,9.152598648293802e-05,1.683057220823454e-05,0.9999933242797852,,single_softmax
opxrd_1138,opxrd,ablation2_cnn_augmentation,corrected_ablation_clean,224,224,225,225,cubic,cubic,289,Head,High symmetry,True,0.9999748468399048,50,2.0273835616535507e-05,62,1.1875864629473654e-06,True,0.00031504887832442893,5.7933851352162856e-05,0.9999748468399048,,single_softmax
opxrd_1140,opxrd,ablation2_cnn_augmentation,corrected_ablation_clean,224,224,225,225,cubic,cubic,289,Head,High symmetry,True,0.9999828338623047,50,1.4075056242290884e-05,62,9.459558327762352e-07,True,0.0002221310832044782,4.08473416045973e-05,0.9999828338623047,,single_softmax
opxrd_1142,opxrd,ablation2_cnn_augmentation,corrected_ablation_clean,224,224,225,225,cubic,cubic,289,Head,High symmetry,True,0.9999716281890869,50,2.6693373001762666e-05,62,4.641752013867517e-07,True,0.0003356837503058324,6.172836607127413e-05,0.9999716281890869,,single_softmax
opxrd_1145,opxrd,ablation2_cnn_augmentation,corrected_ablation_clean,224,224,225,225,cubic,cubic,289,Head,High symmetry,True,0.9999843835830688,50,1.3497174222720787e-05,62,5.828619009662361e-07,True,0.00020178246236175556,3.710546516499975e-05,0.9999843835830688,,single_softmax
opxrd_1152,opxrd,ablation2_cnn_augmentation,corrected_ablation_clean,224,224,225,225,cubic,cubic,289,Head,High symmetry,True,0.9999992847442627,50,6.90033914452215e-07,62,3.673779147561618e-08,True,1.1985430606480107e-05,2.20398231169846e-06,0.9999992847442627,,single_softmax
opxrd_1175,opxrd,ablation2_cnn_augmentation,corrected_ablation_clean,224,224,225,225,cubic,cubic,289,Head,High symmetry,True,0.9999970197677612,50,2.508016905267141e-06,62,2.640180412072368e-07,True,4.288083303900522e-05,7.885290118634943e-06,0.9999970197677612,,single_softmax
opxrd_1180,opxrd,ablation2_cnn_augmentation,corrected_ablation_clean,224,224,225,225,cubic,cubic,289,Head,High symmetry,True,0.9999953508377075,50,3.94690005123266e-06,62,2.4344393523278995e-07,True,6.501081811317646e-05,1.1954738873797223e-05,0.9999953508377075,,single_softmax
opxrd_1183,opxrd,ablation2_cnn_augmentation,corrected_ablation_clean,224,224,225,225,cubic,cubic,289,Head,High symmetry,True,0.9999963045120239,50,3.2691161777620437e-06,62,1.5930935148844583e-07,True,5.31005445371842e-05,9.764577072285976e-06,0.9999963045120239,,single_softmax
opxrd_1185,opxrd,ablation2_cnn_augmentation,corrected_ablation_clean,224,224,225,225,cubic,cubic,289,Head,High symmetry,True,0.9999591112136841,50,3.21490406349767e-05,62,1.623011485207826e-06,True,0.0005005010643407555,9.203636723714142e-05,0.9999591112136841,,single_softmax
opxrd_1188,opxrd,ablation2_cnn_augmentation,corrected_ablation_clean,224,224,225,225,cubic,cubic,289,Head,High symmetry,True,0.9999970197677612,50,2.6557399905868806e-06,62,1.2437324414804607e-07,True,4.3218681035462005e-05,7.947416464586247e-06,0.9999970197677612,,single_softmax
opxrd_1190,opxrd,ablation2_cnn_augmentation,corrected_ablation_clean,224,224,225,225,cubic,cubic,289,Head,High symmetry,True,0.9999979734420776,50,1.925965989357792e-06,62,6.654135376038539e-08,True,3.0108751185687672e-05,5.536651724862314e-06,0.9999979734420776,,single_softmax
opxrd_aug_source_715_label_52,opxrd,ablation2_cnn_augmentation,corrected_ablation_clean,52,52,53,53,orthorhombic,orthorhombic,1,Tail,Low symmetry,True,0.9937558174133301,100,0.0009399367263540626,13,0.00047786280629225075,True,0.05893748908672507,0.01083792378496874,0.9937558174133301,,single_softmax
opxrd_0,opxrd,ablation3_cnn_aug_peaks_concat,corrected_ablation_clean,224,216,225,217,cubic,cubic,289,Head,High symmetry,False,0.7245238423347473,13,0.14009416103363037,68,0.09120436012744904,False,0.9706669281560237,0.1784944413302842,0.7245238423347473,,single_softmax
opxrd_1,opxrd,ablation3_cnn_aug_peaks_concat,corrected_ablation_clean,87,87,88,88,tetragonal,tetragonal,11,Head,Medium symmetry,True,0.9934925436973572,120,0.0023851096630096436,215,0.002051401184871793,True,0.05010213099335833,0.009213203439520845,0.9934925436973572,,single_softmax
opxrd_7,opxrd,ablation3_cnn_aug_peaks_concat,corrected_ablation_clean,60,1,61,2,orthorhombic,triclinic,11,Head,Low symmetry,False,0.5209444761276245,128,0.21487119793891907,28,0.08059946447610855,False,1.5751730579332197,0.2896561393189984,0.5209444761276245,,single_softmax
opxrd_15,opxrd,ablation3_cnn_aug_peaks_concat,corrected_ablation_clean,220,62,221,63,cubic,orthorhombic,14,Head,High symmetry,False,0.5091586709022522,25,0.17121665179729462,139,0.10071717202663422,False,1.8378150764011434,0.337952974202771,0.5091586709022522,,single_softmax
opxrd_22,opxrd,ablation3_cnn_aug_peaks_concat,corrected_ablation_clean,215,226,216,227,cubic,cubic,3,Medium,High symmetry,False,0.9885878562927246,138,0.0025441169273108244,14,0.002049223054200411,False,0.09127837344767922,0.016785039029846998,0.9885878562927246,,single_softmax
opxrd_28,opxrd,ablation3_cnn_aug_peaks_concat,corrected_ablation_clean,14,73,15,74,monoclinic,orthorhombic,37,Head,Low symmetry,False,0.9951871633529663,14,0.0044321827590465546,1,0.0002098543191095814,True,0.03250037659823112,0.005976444025908585,0.9951871633529663,,single_softmax
opxrd_32,opxrd,ablation3_cnn_aug_peaks_concat,corrected_ablation_clean,13,60,14,61,monoclinic,orthorhombic,109,Head,Low symmetry,False,0.770634651184082,1,0.05802283063530922,11,0.040279608219861984,False,1.1199130660776722,0.2059390829846923,0.770634651184082,,single_softmax
opxrd_35,opxrd,ablation3_cnn_aug_peaks_concat,corrected_ablation_clean,1,13,2,14,triclinic,monoclinic,52,Head,Low symmetry,False,0.5584565997123718,1,0.21383745968341827,59,0.1411275416612625,True,1.2417999223304286,0.2283526686145958,0.5584565997123718,,single_softmax
opxrd_36,opxrd,ablation3_cnn_aug_peaks_concat,corrected_ablation_clean,162,162,163,163,trigonal,trigonal,4,Medium,Medium symmetry,True,0.4924241006374359,60,0.3346003592014313,18,0.09394359588623047,True,1.3684803796789087,0.2516477421418637,0.4924241006374359,,single_softmax
opxrd_37,opxrd,ablation3_cnn_aug_peaks_concat,corrected_ablation_clean,10,10,11,11,monoclinic,monoclinic,13,Head,Low symmetry,True,0.9997523427009583,59,0.00019971973961219192,1,2.191189196310006e-05,True,0.0025242567373115494,0.00046418167038674214,0.9997523427009583,,single_softmax
opxrd_38,opxrd,ablation3_cnn_aug_peaks_concat,corrected_ablation_clean,12,1,13,2,monoclinic,triclinic,5,Medium,Low symmetry,False,0.620499849319458,11,0.304015576839447,32,0.05736316367983818,False,0.9138200209776425,0.16804095142161318,0.620499849319458,,single_softmax
opxrd_46,opxrd,ablation3_cnn_aug_peaks_concat,corrected_ablation_clean,147,147,148,148,trigonal,trigonal,23,Head,Medium symmetry,True,0.9999814033508301,174,6.0692286751873326e-06,12,5.8483433349465486e-06,True,0.0002528175949286629,4.6490236822001e-05,0.9999814033508301,,single_softmax
opxrd_53,opxrd,ablation3_cnn_aug_peaks_concat,corrected_ablation_clean,138,138,139,139,tetragonal,tetragonal,11,Head,Medium symmetry,True,0.987079918384552,220,0.0027375223580747843,166,0.002270506462082267,True,0.10021851559807901,0.018429027953607294,0.987079918384552,,single_softmax
opxrd_61,opxrd,ablation3_cnn_aug_peaks_concat,corrected_ablation_clean,13,10,14,11,monoclinic,monoclinic,109,Head,Low symmetry,False,0.4378538429737091,13,0.2689385712146759,1,0.06704151630401611,True,1.8421638743224917,0.33875266793180736,0.4378538429737091,,single_softmax
opxrd_68,opxrd,ablation3_cnn_aug_peaks_concat,corrected_ablation_clean,59,59,60,60,orthorhombic,orthorhombic,24,Head,Low symmetry,True,0.9999997615814209,13,5.54393793095187e-08,60,4.434714995227296e-08,True,2.9087844363444467e-06,5.348918747050088e-07,0.9999997615814209,,single_softmax
opxrd_76,opxrd,ablation3_cnn_aug_peaks_concat,corrected_ablation_clean,128,128,129,129,tetragonal,tetragonal,29,Head,Medium symmetry,True,0.9999831914901733,204,8.171526133082807e-06,87,2.8290608042880194e-06,True,0.00023112117296260164,4.250051531675186e-05,0.9999831914901733,,single_softmax
opxrd_83,opxrd,ablation3_cnn_aug_peaks_concat,corrected_ablation_clean,1,2,2,3,triclinic,monoclinic,52,Head,Low symmetry,False,0.5822250843048096,18,0.17809419333934784,1,0.1269090473651886,True,1.2552581097547875,0.23082747390150576,0.5822250843048096,,single_softmax
opxrd_85,opxrd,ablation3_cnn_aug_peaks_concat,corrected_ablation_clean,202,202,203,203,cubic,cubic,4,Medium,High symmetry,True,0.9999867677688599,198,4.8518122639507055e-06,87,4.661610091716284e-06,True,0.00018312215330893773,3.3674049771296564e-05,0.9999867677688599,,single_softmax
opxrd_94,opxrd,ablation3_cnn_aug_peaks_concat,corrected_ablation_clean,14,14,15,15,monoclinic,monoclinic,37,Head,Low symmetry,True,0.606526792049408,10,0.2708631455898285,1,0.03977746143937111,True,1.206495956268349,0.22186067685490404,0.606526792049408,,single_softmax
opxrd_97,opxrd,ablation3_cnn_aug_peaks_concat,corrected_ablation_clean,14,1,15,2,monoclinic,triclinic,37,Head,Low symmetry,False,0.9972842931747437,18,0.002697455696761608,73,4.366393113741651e-06,False,0.018910495743759116,0.0034774218376567995,0.9972842931747437,,single_softmax
opxrd_98,opxrd,ablation3_cnn_aug_peaks_concat,corrected_ablation_clean,1,1,2,2,triclinic,triclinic,52,Head,Low symmetry,True,0.2585033178329468,57,0.24928440153598785,18,0.1046198233962059,True,2.406190626166243,0.44247067566999077,0.2585033178329468,,single_softmax
opxrd_106,opxrd,ablation3_cnn_aug_peaks_concat,corrected_ablation_clean,10,10,11,11,monoclinic,monoclinic,13,Head,Low symmetry,True,0.9996979236602783,59,0.00015864401939325035,1,0.00010938166087726131,True,0.003139237562396713,0.0005772695439078323,0.9996979236602783,,single_softmax
opxrd_114,opxrd,ablation3_cnn_aug_peaks_concat,corrected_ablation_clean,32,128,33,129,orthorhombic,tetragonal,9,Head,Low symmetry,False,0.227227583527565,1,0.22249586880207062,165,0.07727890461683273,False,2.746007022801943,0.5049589876881889,0.227227583527565,,single_softmax
opxrd_119,opxrd,ablation3_cnn_aug_peaks_concat,corrected_ablation_clean,61,61,62,62,orthorhombic,orthorhombic,29,Head,Low symmetry,True,0.9986749291419983,62,0.0006518235895782709,59,0.0005968423211015761,True,0.011453631453195286,0.0021061905872540947,0.9986749291419983,,single_softmax
opxrd_120,opxrd,ablation3_cnn_aug_peaks_concat,corrected_ablation_clean,3,1,4,2,monoclinic,triclinic,14,Head,Low symmetry,False,0.9817118644714355,165,0.005595060531049967,10,0.004423719365149736,False,0.1244763690370269,0.02288976713391749,0.9817118644714355,,single_softmax
opxrd_124,opxrd,ablation3_cnn_aug_peaks_concat,corrected_ablation_clean,18,87,19,88,orthorhombic,tetragonal,27,Head,Low symmetry,False,0.49968186020851135,202,0.20995786786079407,4,0.15968769788742065,False,1.5102964178003662,0.2777260742266414,0.49968186020851135,,single_softmax
opxrd_125,opxrd,ablation3_cnn_aug_peaks_concat,corrected_ablation_clean,223,204,224,205,cubic,cubic,1,Tail,High symmetry,False,0.8450745344161987,192,0.02665182389318943,224,0.02445276640355587,False,0.9078477019285826,0.16694271090142435,0.8450745344161987,,single_softmax
opxrd_127,opxrd,ablation3_cnn_aug_peaks_concat,corrected_ablation_clean,10,10,11,11,monoclinic,monoclinic,13,Head,Low symmetry,True,0.9993651509284973,59,0.0005013833288103342,1,4.091817754670046e-05,True,0.00593350662692442,0.0010911033638638355,0.9993651509284973,,single_softmax
opxrd_150,opxrd,ablation3_cnn_aug_peaks_concat,corrected_ablation_clean,14,73,15,74,monoclinic,orthorhombic,37,Head,Low symmetry,False,0.9934804439544678,14,0.0061101545579731464,1,0.00022956494649406523,True,0.041581504415306135,0.0076463585860316865,0.9934804439544678,,single_softmax
opxrd_152,opxrd,ablation3_cnn_aug_peaks_concat,corrected_ablation_clean,13,13,14,14,monoclinic,monoclinic,109,Head,Low symmetry,True,0.9797707200050354,18,0.007935147732496262,163,0.0044865235686302185,True,0.14112554776751002,0.025951358880688072,0.9797707200050354,,single_softmax
opxrd_168,opxrd,ablation3_cnn_aug_peaks_concat,corrected_ablation_clean,226,226,227,227,cubic,cubic,13,Head,High symmetry,True,0.9926130771636963,138,0.002330879447981715,62,0.00128438719548285,True,0.061188627971319326,0.01125188223550116,0.9926130771636963,,single_softmax
opxrd_170,opxrd,ablation3_cnn_aug_peaks_concat,corrected_ablation_clean,59,59,60,60,orthorhombic,orthorhombic,24,Head,Low symmetry,True,0.9999948740005493,60,1.6758565379859647e-06,25,1.288404973820434e-06,True,7.572335852053789e-05,1.3924651373930038e-05,0.9999948740005493,,single_softmax
opxrd_178,opxrd,ablation3_cnn_aug_peaks_concat,corrected_ablation_clean,192,192,193,193,hexagonal,hexagonal,6,Head,Medium symmetry,True,0.9917266368865967,165,0.002931230468675494,45,0.001322541618719697,True,0.06861490628867772,0.012617489078559299,0.9917266368865967,,single_softmax
opxrd_184,opxrd,ablation3_cnn_aug_peaks_concat,corrected_ablation_clean,13,13,14,14,monoclinic,monoclinic,109,Head,Low symmetry,True,0.9620591998100281,35,0.013839060440659523,18,0.012667284347116947,True,0.2306303327667651,0.04241025547169385,0.9620591998100281,,single_softmax
opxrd_187,opxrd,ablation3_cnn_aug_peaks_concat,corrected_ablation_clean,124,124,125,125,tetragonal,tetragonal,13,Head,Medium symmetry,True,0.999471127986908,91,0.00017660876619629562,59,0.00010662025306373835,True,0.005628913893493991,0.0010350922768370921,0.999471127986908,,single_softmax
opxrd_189,opxrd,ablation3_cnn_aug_peaks_concat,corrected_ablation_clean,1,59,2,60,triclinic,orthorhombic,52,Head,Low symmetry,False,0.19678227603435516,91,0.16048002243041992,192,0.14308491349220276,False,2.9820832306619787,0.5483706767146187,0.19678227603435516,,single_softmax
opxrd_200,opxrd,ablation3_cnn_aug_peaks_concat,corrected_ablation_clean,73,1,74,2,orthorhombic,triclinic,29,Head,Low symmetry,False,0.41326335072517395,18,0.25731217861175537,197,0.0877893939614296,False,2.0441718795893777,0.37589960783307297,0.41326335072517395,,single_softmax
opxrd_201,opxrd,ablation3_cnn_aug_peaks_concat,corrected_ablation_clean,13,13,14,14,monoclinic,monoclinic,109,Head,Low symmetry,True,0.9000092148780823,35,0.0500173456966877,18,0.033588144928216934,True,0.4636201537139988,0.08525439357849326,0.9000092148780823,,single_softmax
opxrd_203,opxrd,ablation3_cnn_aug_peaks_concat,corrected_ablation_clean,70,87,71,88,orthorhombic,tetragonal,2,Tail,Low symmetry,False,0.09965337812900543,13,0.0461619608104229,192,0.04271634668111801,False,4.2224630656149476,0.7764622076560052,0.09965337812900543,,single_softmax
opxrd_211,opxrd,ablation3_cnn_aug_peaks_concat,corrected_ablation_clean,61,61,62,62,orthorhombic,orthorhombic,29,Head,Low symmetry,True,0.8627241849899292,138,0.052861377596855164,13,0.02851826697587967,True,0.6768064644460181,0.12445689479656262,0.8627241849899292,,single_softmax
opxrd_212,opxrd,ablation3_cnn_aug_peaks_concat,corrected_ablation_clean,128,128,129,129,tetragonal,tetragonal,29,Head,Medium symmetry,True,0.9996728897094727,204,8.944538421928883e-05,13,5.9231813793303445e-05,True,0.003745877857264752,0.0006888236902169197,0.9996728897094727,,single_softmax
opxrd_213,opxrd,ablation3_cnn_aug_peaks_concat,corrected_ablation_clean,73,1,74,2,orthorhombic,triclinic,29,Head,Low symmetry,False,0.8170464634895325,13,0.14393113553524017,18,0.017028775066137314,False,0.6361351168252508,0.11697790353690395,0.8170464634895325,,single_softmax
opxrd_231,opxrd,ablation3_cnn_aug_peaks_concat,corrected_ablation_clean,3,3,4,4,monoclinic,monoclinic,14,Head,Low symmetry,True,0.9063587784767151,18,0.026252133771777153,1,0.023965826258063316,True,0.4954209030258681,0.09110218422393096,0.9063587784767151,,single_softmax
opxrd_232,opxrd,ablation3_cnn_aug_peaks_concat,corrected_ablation_clean,147,10,148,11,trigonal,monoclinic,23,Head,Medium symmetry,False,0.2976749539375305,87,0.16903844475746155,13,0.13774926960468292,False,2.0974384097046097,0.3856947077367887,0.2976749539375305,,single_softmax
opxrd_239,opxrd,ablation3_cnn_aug_peaks_concat,corrected_ablation_clean,175,175,176,176,hexagonal,hexagonal,5,Head,Medium symmetry,True,0.8376855254173279,163,0.01873619295656681,12,0.01142766885459423,True,1.0409314819092612,0.19141528153170279,0.8376855254173279,,single_softmax
opxrd_247,opxrd,ablation3_cnn_aug_peaks_concat,corrected_ablation_clean,18,18,19,19,orthorhombic,orthorhombic,27,Head,Low symmetry,True,0.9965412020683289,1,0.001625238568522036,204,0.0005245774518698454,True,0.02983071780736568,0.005485524596601096,0.9965412020683289,,single_softmax
opxrd_252,opxrd,ablation3_cnn_aug_peaks_concat,corrected_ablation_clean,35,35,36,36,orthorhombic,orthorhombic,6,Head,Low symmetry,True,0.9482771158218384,18,0.019854186102747917,32,0.011950727552175522,True,0.29822458372841265,0.05484005781950699,0.9482771158218384,,single_softmax
opxrd_255,opxrd,ablation3_cnn_aug_peaks_concat,corrected_ablation_clean,13,60,14,61,monoclinic,orthorhombic,109,Head,Low symmetry,False,0.7028325796127319,1,0.1285962164402008,12,0.039478741586208344,False,1.2377605872069446,0.22760988152120862,0.7028325796127319,,single_softmax
opxrd_264,opxrd,ablation3_cnn_aug_peaks_concat,corrected_ablation_clean,59,59,60,60,orthorhombic,orthorhombic,24,Head,Low symmetry,True,0.9999994039535522,60,1.6849369899318845e-07,13,1.4456023222919612e-07,True,9.836243407966087e-06,1.8087715991611348e-06,0.9999994039535522,,single_softmax
opxrd_267,opxrd,ablation3_cnn_aug_peaks_concat,corrected_ablation_clean,220,220,221,221,cubic,cubic,14,Head,High symmetry,True,0.6353904604911804,1,0.29887768626213074,136,0.022172128781676292,True,0.9777723850108959,0.17980105281040973,0.6353904604911804,,single_softmax
opxrd_276,opxrd,ablation3_cnn_aug_peaks_concat,corrected_ablation_clean,14,59,15,60,monoclinic,orthorhombic,37,Head,Low symmetry,False,0.322983980178833,13,0.3107580244541168,228,0.0931493490934372,False,2.075458312677992,0.38165282166305103,0.322983980178833,,single_softmax
opxrd_283,opxrd,ablation3_cnn_aug_peaks_concat,corrected_ablation_clean,1,1,2,2,triclinic,triclinic,52,Head,Low symmetry,True,0.15204864740371704,87,0.13693606853485107,59,0.11546812206506729,True,3.1481815107474813,0.5789142327478962,0.15204864740371704,,single_softmax
opxrd_285,opxrd,ablation3_cnn_aug_peaks_concat,corrected_ablation_clean,32,1,33,2,orthorhombic,triclinic,9,Head,Low symmetry,False,0.9827014803886414,18,0.01481879036873579,13,0.0013295403914526105,False,0.09928228941961426,0.018256866768512306,0.9827014803886414,,single_softmax
opxrd_286,opxrd,ablation3_cnn_aug_peaks_concat,corrected_ablation_clean,128,128,129,129,tetragonal,tetragonal,29,Head,Medium symmetry,True,0.9999721050262451,87,9.290842172049452e-06,204,6.818354449933395e-06,True,0.0003718894421238959,6.83861747866885e-05,0.9999721050262451,,single_softmax
opxrd_289,opxrd,ablation3_cnn_aug_peaks_concat,corrected_ablation_clean,32,32,33,33,orthorhombic,orthorhombic,9,Head,Low symmetry,True,0.7869747877120972,35,0.11783093214035034,42,0.07211483269929886,True,0.7581625885125202,0.13941734672175007,0.7869747877120972,,single_softmax
opxrd_294,opxrd,ablation3_cnn_aug_peaks_concat,corrected_ablation_clean,204,204,205,205,cubic,cubic,4,Medium,High symmetry,True,0.940788984298706,224,0.019068272784352303,31,0.0057675885036587715,True,0.3968968444196669,0.07298474734791192,0.940788984298706,,single_softmax
opxrd_304,opxrd,ablation3_cnn_aug_peaks_concat,corrected_ablation_clean,13,1,14,2,monoclinic,triclinic,109,Head,Low symmetry,False,0.6801802515983582,11,0.07587303966283798,18,0.0245176013559103,False,1.677129535295788,0.30840475837559633,0.6801802515983582,,single_softmax
opxrd_309,opxrd,ablation3_cnn_aug_peaks_concat,corrected_ablation_clean,14,18,15,19,monoclinic,orthorhombic,37,Head,Low symmetry,False,0.8871022462844849,1,0.10958580672740936,4,0.0012568149250000715,False,0.374734004186569,0.06890925690834965,0.8871022462844849,,single_softmax
opxrd_310,opxrd,ablation3_cnn_aug_peaks_concat,corrected_ablation_clean,61,61,62,62,orthorhombic,orthorhombic,29,Head,Low symmetry,True,0.8680260181427002,13,0.058052144944667816,138,0.02930934727191925,True,0.6370482626291722,0.11714582050759303,0.8680260181427002,,single_softmax
opxrd_312,opxrd,ablation3_cnn_aug_peaks_concat,corrected_ablation_clean,141,163,142,164,tetragonal,trigonal,1,Tail,Medium symmetry,False,0.1699606478214264,61,0.05385736748576164,18,0.04784617945551872,False,3.6409958102250055,0.66953709267362,0.1699606478214264,,single_softmax
opxrd_314,opxrd,ablation3_cnn_aug_peaks_concat,corrected_ablation_clean,226,226,227,227,cubic,cubic,13,Head,High symmetry,True,0.9546796679496765,138,0.02676604874432087,145,0.004916015546768904,True,0.2686842771695467,0.04940793649858508,0.9546796679496765,,single_softmax
opxrd_315,opxrd,ablation3_cnn_aug_peaks_concat,corrected_ablation_clean,59,59,60,60,orthorhombic,orthorhombic,24,Head,Low symmetry,True,0.9999963045120239,228,1.1037956255677273e-06,60,1.0539675940890447e-06,True,5.8033561869051785e-05,1.0671702005858226e-05,0.9999963045120239,,single_softmax
opxrd_328,opxrd,ablation3_cnn_aug_peaks_concat,corrected_ablation_clean,62,12,63,13,orthorhombic,monoclinic,10,Head,Low symmetry,False,0.8828680515289307,69,0.08131955564022064,197,0.008835595101118088,False,0.529037342143944,0.09728385926182818,0.8828680515289307,,single_softmax
opxrd_334,opxrd,ablation3_cnn_aug_peaks_concat,corrected_ablation_clean,147,147,148,148,trigonal,trigonal,23,Head,Medium symmetry,True,0.9999817609786987,138,1.2101110769435763e-05,12,3.5912189559894614e-06,True,0.00023818286201683818,4.379907840365815e-05,0.9999817609786987,,single_softmax
opxrd_338,opxrd,ablation3_cnn_aug_peaks_concat,corrected_ablation_clean,220,70,221,71,cubic,orthorhombic,14,Head,High symmetry,False,0.9734652638435364,220,0.017311297357082367,139,0.0026144934818148613,True,0.15554527158395048,0.02860297960876012,0.9734652638435364,,single_softmax
opxrd_343,opxrd,ablation3_cnn_aug_peaks_concat,corrected_ablation_clean,73,64,74,65,orthorhombic,orthorhombic,29,Head,Low symmetry,False,0.6167334318161011,139,0.2758033275604248,61,0.02527754381299019,False,1.1638702215116334,0.2140222963651653,0.6167334318161011,,single_softmax
opxrd_344,opxrd,ablation3_cnn_aug_peaks_concat,corrected_ablation_clean,60,60,61,61,orthorhombic,orthorhombic,11,Head,Low symmetry,True,0.9995090961456299,62,9.857863915385678e-05,25,7.528424612246454e-05,True,0.005668112179555288,0.0010423003890830788,0.9995090961456299,,single_softmax
opxrd_345,opxrd,ablation3_cnn_aug_peaks_concat,corrected_ablation_clean,84,18,85,19,tetragonal,orthorhombic,1,Tail,Medium symmetry,False,0.7381018996238708,1,0.10470336675643921,204,0.04584050923585892,False,1.211207557886448,0.22272708599505173,0.7381018996238708,,single_softmax
opxrd_346,opxrd,ablation3_cnn_aug_peaks_concat,corrected_ablation_clean,224,224,225,225,cubic,cubic,289,Head,High symmetry,True,0.9842525124549866,220,0.005191258154809475,70,0.0049468339420855045,True,0.11055760970822448,0.02033026799127654,0.9842525124549866,,single_softmax
opxrd_347,opxrd,ablation3_cnn_aug_peaks_concat,corrected_ablation_clean,14,14,15,15,monoclinic,monoclinic,37,Head,Low symmetry,True,0.8574975728988647,204,0.036230746656656265,71,0.01669134572148323,True,0.775751890636734,0.14265181630650806,0.8574975728988647,,single_softmax
opxrd_350,opxrd,ablation3_cnn_aug_peaks_concat,corrected_ablation_clean,13,32,14,33,monoclinic,orthorhombic,109,Head,Low symmetry,False,0.6279179453849792,18,0.07312074303627014,28,0.06393460184335709,False,1.6987607779403375,0.3123824941561421,0.6279179453849792,,single_softmax
opxrd_352,opxrd,ablation3_cnn_aug_peaks_concat,corrected_ablation_clean,14,18,15,19,monoclinic,orthorhombic,37,Head,Low symmetry,False,0.28222158551216125,59,0.2648485004901886,60,0.11876968294382095,False,2.2483127437345876,0.41343875585731027,0.28222158551216125,,single_softmax
opxrd_355,opxrd,ablation3_cnn_aug_peaks_concat,corrected_ablation_clean,166,204,167,205,trigonal,cubic,5,Medium,Medium symmetry,False,0.455802321434021,1,0.09979643672704697,4,0.07630749046802521,False,2.4666803627050453,0.45359403984004737,0.455802321434021,,single_softmax
opxrd_357,opxrd,ablation3_cnn_aug_peaks_concat,corrected_ablation_clean,3,3,4,4,monoclinic,monoclinic,14,Head,Low symmetry,True,0.5543552041053772,163,0.28306424617767334,13,0.1011413186788559,True,1.1955994810024355,0.21985694085788873,0.5543552041053772,,single_softmax
opxrd_360,opxrd,ablation3_cnn_aug_peaks_concat,corrected_ablation_clean,226,163,227,164,cubic,trigonal,13,Head,High symmetry,False,0.43478670716285706,3,0.37581920623779297,13,0.09236395359039307,False,1.3888223238695518,0.2553883908222286,0.43478670716285706,,single_softmax
opxrd_369,opxrd,ablation3_cnn_aug_peaks_concat,corrected_ablation_clean,120,120,121,121,tetragonal,tetragonal,2,Tail,Medium symmetry,True,0.7336049675941467,87,0.22545094788074493,215,0.021829621866345406,True,0.7568851791760647,0.13918244589300352,0.7336049675941467,,single_softmax
opxrd_373,opxrd,ablation3_cnn_aug_peaks_concat,corrected_ablation_clean,1,14,2,15,triclinic,monoclinic,52,Head,Low symmetry,False,0.3613514006137848,1,0.06584548950195312,162,0.061810120940208435,True,2.830278682938782,0.5204555730356222,0.3613514006137848,,single_softmax
opxrd_379,opxrd,ablation3_cnn_aug_peaks_concat,corrected_ablation_clean,71,71,72,72,orthorhombic,orthorhombic,6,Head,Low symmetry,True,0.9981454610824585,13,0.0009408861515112221,185,0.000640781014226377,True,0.015941262847860342,0.002931414189142619,0.9981454610824585,,single_softmax
opxrd_381,opxrd,ablation3_cnn_aug_peaks_concat,corrected_ablation_clean,160,17,161,18,trigonal,orthorhombic,2,Medium,Medium symmetry,False,0.44306832551956177,11,0.32324299216270447,1,0.07191585749387741,False,1.4858739257650733,0.27323505990928515,0.44306832551956177,,single_softmax
opxrd_392,opxrd,ablation3_cnn_aug_peaks_concat,corrected_ablation_clean,28,197,29,198,orthorhombic,cubic,4,Medium,Low symmetry,False,0.8627393841743469,11,0.03585853427648544,13,0.03394581004977226,False,0.74633216743946,0.13724186887359732,0.8627393841743469,,single_softmax
opxrd_408,opxrd,ablation3_cnn_aug_peaks_concat,corrected_ablation_clean,1,1,2,2,triclinic,triclinic,52,Head,Low symmetry,True,0.9986937642097473,162,0.0005044472636654973,18,0.00025051573175005615,True,0.012528749708850269,0.002303892421776966,0.9986937642097473,,single_softmax
opxrd_410,opxrd,ablation3_cnn_aug_peaks_concat,corrected_ablation_clean,11,11,12,12,monoclinic,monoclinic,10,Head,Low symmetry,True,0.30111515522003174,32,0.17735056579113007,60,0.08322685956954956,True,2.540406173917121,0.4671513653264744,0.30111515522003174,,single_softmax
opxrd_415,opxrd,ablation3_cnn_aug_peaks_concat,corrected_ablation_clean,13,60,14,61,monoclinic,orthorhombic,109,Head,Low symmetry,False,0.33400648832321167,61,0.25455787777900696,87,0.14219403266906738,False,2.261845958609845,0.41592735782621704,0.33400648832321167,,single_softmax
opxrd_429,opxrd,ablation3_cnn_aug_peaks_concat,corrected_ablation_clean,140,226,141,227,tetragonal,cubic,5,Medium,Medium symmetry,False,0.9682315587997437,14,0.024652233347296715,87,0.0036953638773411512,False,0.17118352771689896,0.03147867436137031,0.9682315587997437,,single_softmax
opxrd_433,opxrd,ablation3_cnn_aug_peaks_concat,corrected_ablation_clean,13,14,14,15,monoclinic,monoclinic,109,Head,Low symmetry,False,0.6531528830528259,13,0.0859542042016983,10,0.04536020755767822,True,1.5845648488414446,0.291383181234848,0.6531528830528259,,single_softmax
opxrd_435,opxrd,ablation3_cnn_aug_peaks_concat,corrected_ablation_clean,139,139,140,140,tetragonal,tetragonal,6,Head,Medium symmetry,True,0.36211323738098145,91,0.17874711751937866,59,0.09781011193990707,True,2.2969193383948756,0.42237694743177495,0.36211323738098145,,single_softmax
opxrd_464,opxrd,ablation3_cnn_aug_peaks_concat,corrected_ablation_clean,73,73,74,74,orthorhombic,orthorhombic,29,Head,Low symmetry,True,0.9997887015342712,14,0.0001623951829969883,1,3.1952054996509105e-05,True,0.0021682635657339685,0.0003987186362243971,0.9997887015342712,,single_softmax
opxrd_467,opxrd,ablation3_cnn_aug_peaks_concat,corrected_ablation_clean,59,59,60,60,orthorhombic,orthorhombic,24,Head,Low symmetry,True,0.9999997615814209,13,9.794021593734215e-08,60,5.401266989224496e-08,True,4.138873149246355e-06,7.610909871165341e-07,0.9999997615814209,,single_softmax
opxrd_482,opxrd,ablation3_cnn_aug_peaks_concat,corrected_ablation_clean,13,14,14,15,monoclinic,monoclinic,109,Head,Low symmetry,False,0.5157507061958313,204,0.4549918472766876,18,0.009688508696854115,False,0.8740883532906822,0.16073475645278187,0.5157507061958313,,single_softmax
opxrd_496,opxrd,ablation3_cnn_aug_peaks_concat,corrected_ablation_clean,147,147,148,148,trigonal,trigonal,23,Head,Medium symmetry,True,0.9999997615814209,12,2.4349935756617924e-07,174,1.1664138988010109e-08,True,4.450160490326392e-06,8.183331351979817e-07,0.9999997615814209,,single_softmax
opxrd_503,opxrd,ablation3_cnn_aug_peaks_concat,corrected_ablation_clean,13,13,14,14,monoclinic,monoclinic,109,Head,Low symmetry,True,0.9982613921165466,35,0.0006322552799247205,1,0.0005052411579526961,True,0.0157746505095594,0.0029007761037385398,0.9982613921165466,,single_softmax
opxrd_507,opxrd,ablation3_cnn_aug_peaks_concat,corrected_ablation_clean,86,226,87,227,tetragonal,cubic,3,Medium,Medium symmetry,False,0.07911234349012375,71,0.06247595697641373,192,0.062102310359478,False,3.7805524619205904,0.6951999496802456,0.07911234349012375,,single_softmax
opxrd_511,opxrd,ablation3_cnn_aug_peaks_concat,corrected_ablation_clean,18,1,19,2,orthorhombic,triclinic,27,Head,Low symmetry,False,0.6425292491912842,60,0.1187625527381897,204,0.05967807397246361,False,1.441593077423257,0.2650923231402283,0.6425292491912842,,single_softmax
opxrd_512,opxrd,ablation3_cnn_aug_peaks_concat,corrected_ablation_clean,73,73,74,74,orthorhombic,orthorhombic,29,Head,Low symmetry,True,0.9973310232162476,14,0.0024716483894735575,1,0.00011144518794026226,True,0.019514476490440337,0.0035884869237599324,0.9973310232162476,,single_softmax
opxrd_513,opxrd,ablation3_cnn_aug_peaks_concat,corrected_ablation_clean,13,13,14,14,monoclinic,monoclinic,109,Head,Low symmetry,True,0.49100935459136963,59,0.4638800323009491,60,0.011163207702338696,True,0.9384083259152795,0.17256245681733087,0.49100935459136963,,single_softmax
opxrd_519,opxrd,ablation3_cnn_aug_peaks_concat,corrected_ablation_clean,147,181,148,182,trigonal,hexagonal,23,Head,Medium symmetry,False,0.4988000690937042,11,0.20657281577587128,13,0.08116012066602707,False,1.9207065109218693,0.3531957519946858,0.4988000690937042,,single_softmax
opxrd_529,opxrd,ablation3_cnn_aug_peaks_concat,corrected_ablation_clean,226,226,227,227,cubic,cubic,13,Head,High symmetry,True,0.8964680433273315,220,0.04869123548269272,140,0.008570031262934208,True,0.5553916965851662,0.10213012077147149,0.8964680433273315,,single_softmax
opxrd_531,opxrd,ablation3_cnn_aug_peaks_concat,corrected_ablation_clean,13,51,14,52,monoclinic,orthorhombic,109,Head,Low symmetry,False,0.9629074335098267,1,0.02965499646961689,56,0.003497776575386524,False,0.19235815546336654,0.035372443933969724,0.9629074335098267,,single_softmax
opxrd_535,opxrd,ablation3_cnn_aug_peaks_concat,corrected_ablation_clean,163,197,164,198,trigonal,cubic,4,Medium,Medium symmetry,False,0.35539510846138,11,0.2993696630001068,165,0.15721406042575836,False,1.6767147593656166,0.30832848587080025,0.35539510846138,,single_softmax
opxrd_536,opxrd,ablation3_cnn_aug_peaks_concat,corrected_ablation_clean,59,175,60,176,orthorhombic,hexagonal,24,Head,Low symmetry,False,0.35015901923179626,163,0.05114816129207611,71,0.02970520593225956,False,3.293106646667336,0.6055642920219585,0.35015901923179626,,single_softmax
opxrd_540,opxrd,ablation3_cnn_aug_peaks_concat,corrected_ablation_clean,193,193,194,194,hexagonal,hexagonal,4,Medium,Medium symmetry,True,0.6620752215385437,166,0.03814456984400749,45,0.026629410684108734,True,1.921116300628211,0.3532711075904877,0.6620752215385437,,single_softmax
opxrd_542,opxrd,ablation3_cnn_aug_peaks_concat,corrected_ablation_clean,57,57,58,58,orthorhombic,orthorhombic,3,Medium,Low symmetry,True,0.9999998807907104,1,1.6077420639248885e-07,60,3.940452586448373e-08,True,3.4195991921792892e-06,6.288248107320102e-07,0.9999998807907104,,single_softmax
opxrd_544,opxrd,ablation3_cnn_aug_peaks_concat,corrected_ablation_clean,87,87,88,88,tetragonal,tetragonal,11,Head,Medium symmetry,True,0.994967520236969,14,0.0020995193626731634,32,0.0010570359881967306,True,0.04114804300737311,0.00756665003760692,0.994967520236969,,single_softmax
opxrd_545,opxrd,ablation3_cnn_aug_peaks_concat,corrected_ablation_clean,13,13,14,14,monoclinic,monoclinic,109,Head,Low symmetry,True,0.999916672706604,32,3.4002670872723684e-05,12,1.4641238522017375e-05,True,0.0010320564840257164,0.00018978327188649916,0.999916672706604,,single_softmax
opxrd_553,opxrd,ablation3_cnn_aug_peaks_concat,corrected_ablation_clean,61,61,62,62,orthorhombic,orthorhombic,29,Head,Low symmetry,True,0.9957647323608398,62,0.0035875060129910707,226,0.00018375551735516638,True,0.030715288380514023,0.0056481869122640685,0.9957647323608398,,single_softmax
opxrd_557,opxrd,ablation3_cnn_aug_peaks_concat,corrected_ablation_clean,62,12,63,13,orthorhombic,monoclinic,10,Head,Low symmetry,False,0.7577624917030334,69,0.2101709395647049,13,0.00753300916403532,False,0.73695286042274,0.1355171226012637,0.7577624917030334,,single_softmax
opxrd_558,opxrd,ablation3_cnn_aug_peaks_concat,corrected_ablation_clean,14,11,15,12,monoclinic,monoclinic,37,Head,Low symmetry,False,0.6628201007843018,13,0.29491522908210754,28,0.017498444765806198,False,0.8414548818685861,0.15473383782540018,0.6628201007843018,,single_softmax
opxrd_560,opxrd,ablation3_cnn_aug_peaks_concat,corrected_ablation_clean,128,147,129,148,tetragonal,trigonal,29,Head,Medium symmetry,False,0.5602450370788574,145,0.29627975821495056,13,0.07985235005617142,False,1.1693059277386773,0.2150218599828059,0.5602450370788574,,single_softmax
opxrd_561,opxrd,ablation3_cnn_aug_peaks_concat,corrected_ablation_clean,61,61,62,62,orthorhombic,orthorhombic,29,Head,Low symmetry,True,0.9164833426475525,59,0.07154065370559692,25,0.002423517871648073,True,0.3544973384839211,0.06518796772644271,0.9164833426475525,,single_softmax
opxrd_564,opxrd,ablation3_cnn_aug_peaks_concat,corrected_ablation_clean,91,91,92,92,tetragonal,tetragonal,3,Medium,Medium symmetry,True,0.5075047016143799,124,0.4567148685455322,59,0.010741614736616611,True,0.9207978819401252,0.1693240994902765,0.5075047016143799,,single_softmax
opxrd_576,opxrd,ablation3_cnn_aug_peaks_concat,corrected_ablation_clean,175,175,176,176,hexagonal,hexagonal,5,Head,Medium symmetry,True,0.9977881908416748,14,0.0007901592762209475,73,0.00045606630737893283,True,0.021015640034870397,0.0038645335680166358,0.9977881908416748,,single_softmax
opxrd_586,opxrd,ablation3_cnn_aug_peaks_concat,corrected_ablation_clean,61,12,62,13,orthorhombic,monoclinic,29,Head,Low symmetry,False,0.5505399703979492,175,0.11267566680908203,202,0.08983587473630905,False,1.7915952344502055,0.32945367889549276,0.5505399703979492,,single_softmax
opxrd_588,opxrd,ablation3_cnn_aug_peaks_concat,corrected_ablation_clean,1,1,2,2,triclinic,triclinic,52,Head,Low symmetry,True,0.9927398562431335,10,0.002421013079583645,136,0.0008863052353262901,True,0.06060697563199419,0.011144923085719963,0.9927398562431335,,single_softmax
opxrd_600,opxrd,ablation3_cnn_aug_peaks_concat,corrected_ablation_clean,13,59,14,60,monoclinic,orthorhombic,109,Head,Low symmetry,False,0.1508161574602127,166,0.12483701854944229,3,0.11604420095682144,False,3.050865341717757,0.5610189128193985,0.1508161574602127,,single_softmax
opxrd_608,opxrd,ablation3_cnn_aug_peaks_concat,corrected_ablation_clean,18,18,19,19,orthorhombic,orthorhombic,27,Head,Low symmetry,True,0.5577519536018372,1,0.19274120032787323,3,0.10957082360982895,True,1.5232889351294734,0.28011524815939154,0.5577519536018372,,single_softmax
opxrd_613,opxrd,ablation3_cnn_aug_peaks_concat,corrected_ablation_clean,122,13,123,14,tetragonal,monoclinic,3,Medium,Medium symmetry,False,0.1982799768447876,138,0.09605619311332703,226,0.06503482908010483,False,3.484284023190029,0.6407196043413275,0.1982799768447876,,single_softmax
opxrd_618,opxrd,ablation3_cnn_aug_peaks_concat,corrected_ablation_clean,128,128,129,129,tetragonal,tetragonal,29,Head,Medium symmetry,True,0.9999970197677612,1,2.719603344303323e-06,13,1.5114275697669655e-07,True,4.1956958927616704e-05,7.71540033606547e-06,0.9999970197677612,,single_softmax
opxrd_619,opxrd,ablation3_cnn_aug_peaks_concat,corrected_ablation_clean,13,60,14,61,monoclinic,orthorhombic,109,Head,Low symmetry,False,0.4229239225387573,59,0.1564997285604477,13,0.09270808100700378,True,2.13446565449826,0.3925035905592391,0.4229239225387573,,single_softmax
opxrd_624,opxrd,ablation3_cnn_aug_peaks_concat,corrected_ablation_clean,13,25,14,26,monoclinic,orthorhombic,109,Head,Low symmetry,False,0.2865811288356781,31,0.18143534660339355,14,0.15586480498313904,False,2.614073881068575,0.4806980061469888,0.2865811288356781,,single_softmax
opxrd_627,opxrd,ablation3_cnn_aug_peaks_concat,corrected_ablation_clean,73,73,74,74,orthorhombic,orthorhombic,29,Head,Low symmetry,True,0.9953283071517944,14,0.004350218456238508,1,0.0001805688807507977,True,0.0314704112838061,0.005787045295968222,0.9953283071517944,,single_softmax
opxrd_629,opxrd,ablation3_cnn_aug_peaks_concat,corrected_ablation_clean,128,128,129,129,tetragonal,tetragonal,29,Head,Medium symmetry,True,0.9999988079071045,1,1.0728941788329394e-06,13,5.924097834508757e-08,True,1.747146859929141e-05,3.212801359962322e-06,0.9999988079071045,,single_softmax
opxrd_631,opxrd,ablation3_cnn_aug_peaks_concat,corrected_ablation_clean,165,165,166,166,trigonal,trigonal,12,Head,Medium symmetry,True,0.9993641972541809,192,0.000171081701410003,1,0.00016894025611691177,True,0.006450546817522891,0.0011861810854686076,0.9993641972541809,,single_softmax
opxrd_632,opxrd,ablation3_cnn_aug_peaks_concat,corrected_ablation_clean,165,165,166,166,trigonal,trigonal,12,Head,Medium symmetry,True,0.999885082244873,138,4.9899055738933384e-05,163,2.1200685296207666e-05,True,0.0013590752822287924,0.00024991825330658986,0.999885082244873,,single_softmax
opxrd_633,opxrd,ablation3_cnn_aug_peaks_concat,corrected_ablation_clean,197,226,198,227,cubic,cubic,3,Medium,High symmetry,False,0.9802449345588684,138,0.005106900352984667,62,0.003798058954998851,False,0.14817487143417368,0.027247648115583306,0.9802449345588684,,single_softmax
opxrd_634,opxrd,ablation3_cnn_aug_peaks_concat,corrected_ablation_clean,192,192,193,193,hexagonal,hexagonal,6,Head,Medium symmetry,True,0.9971133470535278,165,0.001076000975444913,45,0.00043706418364308774,True,0.02682272425779506,0.004932389311384699,0.9971133470535278,,single_softmax
opxrd_635,opxrd,ablation3_cnn_aug_peaks_concat,corrected_ablation_clean,1,192,2,193,triclinic,hexagonal,52,Head,Low symmetry,False,0.14529657363891602,87,0.1240563690662384,59,0.08007138222455978,False,3.398936002312372,0.6250250886806948,0.14529657363891602,,single_softmax
opxrd_642,opxrd,ablation3_cnn_aug_peaks_concat,corrected_ablation_clean,139,139,140,140,tetragonal,tetragonal,6,Head,Medium symmetry,True,0.9980060458183289,60,0.00038382899947464466,226,0.0003099833847954869,True,0.020179858838502377,0.003710843055449706,0.9980060458183289,,single_softmax
opxrd_646,opxrd,ablation3_cnn_aug_peaks_concat,corrected_ablation_clean,18,18,19,19,orthorhombic,orthorhombic,27,Head,Low symmetry,True,0.9951938986778259,61,0.0009172396385110915,87,0.0008163588936440647,True,0.0427527164186375,0.007861730951309544,0.9951938986778259,,single_softmax
opxrd_651,opxrd,ablation3_cnn_aug_peaks_concat,corrected_ablation_clean,13,13,14,14,monoclinic,monoclinic,109,Head,Low symmetry,True,0.9904788732528687,18,0.002940966049209237,35,0.0027913423255085945,True,0.07109571157744554,0.013073680529224084,0.9904788732528687,,single_softmax
opxrd_666,opxrd,ablation3_cnn_aug_peaks_concat,corrected_ablation_clean,13,59,14,60,monoclinic,orthorhombic,109,Head,Low symmetry,False,0.8616192936897278,204,0.055623237043619156,166,0.024164730682969093,False,0.6429454978378872,0.11823025397641693,0.8616192936897278,,single_softmax
opxrd_667,opxrd,ablation3_cnn_aug_peaks_concat,corrected_ablation_clean,1,1,2,2,triclinic,triclinic,52,Head,Low symmetry,True,0.8417906761169434,18,0.09904702007770538,162,0.0432785265147686,True,0.609518338128763,0.11208338523651559,0.8417906761169434,,single_softmax
opxrd_670,opxrd,ablation3_cnn_aug_peaks_concat,corrected_ablation_clean,14,160,15,161,monoclinic,trigonal,37,Head,Low symmetry,False,0.5010375380516052,18,0.21012429893016815,13,0.09590265899896622,False,1.7266858001451209,0.3175175833334849,0.5010375380516052,,single_softmax
opxrd_676,opxrd,ablation3_cnn_aug_peaks_concat,corrected_ablation_clean,13,59,14,60,monoclinic,orthorhombic,109,Head,Low symmetry,False,0.3199121952056885,1,0.2887828052043915,18,0.16864679753780365,False,1.8712994134826428,0.34411035720131533,0.3199121952056885,,single_softmax
opxrd_677,opxrd,ablation3_cnn_aug_peaks_concat,corrected_ablation_clean,18,1,19,2,orthorhombic,triclinic,27,Head,Low symmetry,False,0.8824484348297119,18,0.11078154295682907,13,0.0047615934163331985,True,0.3935045717720356,0.07236094757322585,0.8824484348297119,,single_softmax
opxrd_683,opxrd,ablation3_cnn_aug_peaks_concat,corrected_ablation_clean,1,1,2,2,triclinic,triclinic,52,Head,Low symmetry,True,0.49776551127433777,11,0.49600082635879517,62,0.002918422920629382,True,0.7370661196195244,0.13553794965992733,0.49776551127433777,,single_softmax
opxrd_691,opxrd,ablation3_cnn_aug_peaks_concat,corrected_ablation_clean,25,25,26,26,orthorhombic,orthorhombic,5,Medium,Low symmetry,True,0.8201279044151306,12,0.08404932916164398,197,0.06865891814231873,True,0.7268101348029374,0.13365199246181175,0.8201279044151306,,single_softmax
opxrd_695,opxrd,ablation3_cnn_aug_peaks_concat,corrected_ablation_clean,147,147,148,148,trigonal,trigonal,23,Head,Medium symmetry,True,1.0,12,3.495538436482093e-08,174,7.754418440697464e-09,True,8.220590627170525e-07,1.5116717061631637e-07,1.0,,single_softmax
opxrd_707,opxrd,ablation3_cnn_aug_peaks_concat,corrected_ablation_clean,190,190,191,191,hexagonal,hexagonal,5,Head,Medium symmetry,True,0.9996331930160522,139,0.00017127404862549156,165,7.18328301445581e-05,True,0.004030486359508057,0.0007411599078546982,0.9996331930160522,,single_softmax
opxrd_708,opxrd,ablation3_cnn_aug_peaks_concat,corrected_ablation_clean,44,44,45,45,orthorhombic,orthorhombic,3,Medium,Low symmetry,True,0.9999905824661255,174,9.327191037300508e-06,147,1.462056644641052e-07,True,0.00012013028935761033,2.2090573258189125e-05,0.9999905824661255,,single_softmax
opxrd_710,opxrd,ablation3_cnn_aug_peaks_concat,corrected_ablation_clean,8,13,9,14,monoclinic,monoclinic,2,Tail,Low symmetry,False,0.9058923125267029,14,0.043379321694374084,145,0.028894886374473572,False,0.4600987627501213,0.08460685043617473,0.9058923125267029,,single_softmax
opxrd_727,opxrd,ablation3_cnn_aug_peaks_concat,corrected_ablation_clean,1,1,2,2,triclinic,triclinic,52,Head,Low symmetry,True,0.1864173263311386,161,0.18577823042869568,14,0.15577195584774017,True,2.7807897520187366,0.511355130009931,0.1864173263311386,,single_softmax
opxrd_730,opxrd,ablation3_cnn_aug_peaks_concat,corrected_ablation_clean,13,161,14,162,monoclinic,trigonal,109,Head,Low symmetry,False,0.5902764201164246,8,0.1738295555114746,14,0.03278045356273651,False,1.8021067278612364,0.33138662117417245,0.5902764201164246,,single_softmax
opxrd_735,opxrd,ablation3_cnn_aug_peaks_concat,corrected_ablation_clean,61,163,62,164,orthorhombic,trigonal,29,Head,Low symmetry,False,0.35593757033348083,139,0.11621172726154327,229,0.10973384976387024,False,2.3432685161321904,0.4309000260969319,0.35593757033348083,,single_softmax
opxrd_738,opxrd,ablation3_cnn_aug_peaks_concat,corrected_ablation_clean,60,13,61,14,orthorhombic,monoclinic,11,Head,Low symmetry,False,0.8142244815826416,1,0.16486895084381104,18,0.0068626259453594685,False,0.603021650516876,0.11088871939167827,0.8142244815826416,,single_softmax
opxrd_740,opxrd,ablation3_cnn_aug_peaks_concat,corrected_ablation_clean,3,1,4,2,monoclinic,triclinic,14,Head,Low symmetry,False,0.310518354177475,18,0.13661693036556244,13,0.09398390352725983,False,2.5611386242565017,0.4709638235790345,0.310518354177475,,single_softmax
opxrd_742,opxrd,ablation3_cnn_aug_peaks_concat,corrected_ablation_clean,220,220,221,221,cubic,cubic,14,Head,High symmetry,True,0.9999978542327881,136,1.0482294783287216e-06,60,6.090338047215482e-07,True,3.393710767968533e-05,6.240642284123893e-06,0.9999978542327881,,single_softmax
opxrd_743,opxrd,ablation3_cnn_aug_peaks_concat,corrected_ablation_clean,71,71,72,72,orthorhombic,orthorhombic,6,Head,Low symmetry,True,0.9974461793899536,185,0.0011137544643133879,204,0.00026302546029910445,True,0.02346522796702817,0.004314984507218333,0.9974461793899536,,single_softmax
opxrd_745,opxrd,ablation3_cnn_aug_peaks_concat,corrected_ablation_clean,73,73,74,74,orthorhombic,orthorhombic,29,Head,Low symmetry,True,0.9941990375518799,14,0.005436547566205263,1,0.0002019461098825559,True,0.03768183254391274,0.006929253952233034,0.9941990375518799,,single_softmax
opxrd_749,opxrd,ablation3_cnn_aug_peaks_concat,corrected_ablation_clean,62,51,63,52,orthorhombic,orthorhombic,10,Head,Low symmetry,False,0.7348621487617493,13,0.11934919655323029,1,0.08341667801141739,False,1.0442048646572581,0.19201721882647996,0.7348621487617493,,single_softmax
opxrd_752,opxrd,ablation3_cnn_aug_peaks_concat,corrected_ablation_clean,35,35,36,36,orthorhombic,orthorhombic,6,Head,Low symmetry,True,0.9517217874526978,18,0.016780050471425056,13,0.01107605267316103,True,0.2805217231783283,0.05158470615131116,0.9517217874526978,,single_softmax
opxrd_755,opxrd,ablation3_cnn_aug_peaks_concat,corrected_ablation_clean,4,13,5,14,monoclinic,monoclinic,3,Medium,Low symmetry,False,0.1909896433353424,3,0.13196901977062225,18,0.08550158143043518,False,3.320779813497373,0.6106530679036616,0.1909896433353424,,single_softmax
opxrd_756,opxrd,ablation3_cnn_aug_peaks_concat,corrected_ablation_clean,166,166,167,167,trigonal,trigonal,5,Medium,Medium symmetry,True,0.19635829329490662,138,0.05313022807240486,61,0.051736924797296524,True,3.6410972209271524,0.6695557409309157,0.19635829329490662,,single_softmax
opxrd_760,opxrd,ablation3_cnn_aug_peaks_concat,corrected_ablation_clean,13,59,14,60,monoclinic,orthorhombic,109,Head,Low symmetry,False,0.44558385014533997,60,0.13664430379867554,13,0.08477890491485596,True,2.0547798028043807,0.3778502824393805,0.44558385014533997,,single_softmax
opxrd_773,opxrd,ablation3_cnn_aug_peaks_concat,corrected_ablation_clean,165,13,166,14,trigonal,monoclinic,12,Head,Medium symmetry,False,0.36381787061691284,165,0.31125009059906006,128,0.04980523884296417,True,2.0502215822904315,0.3770120783134367,0.36381787061691284,,single_softmax
opxrd_779,opxrd,ablation3_cnn_aug_peaks_concat,corrected_ablation_clean,1,197,2,198,triclinic,cubic,52,Head,Low symmetry,False,0.5538592338562012,12,0.06902681291103363,163,0.050441816449165344,False,2.00581625965407,0.368846452158721,0.5538592338562012,,single_softmax
opxrd_781,opxrd,ablation3_cnn_aug_peaks_concat,corrected_ablation_clean,73,73,74,74,orthorhombic,orthorhombic,29,Head,Low symmetry,True,0.9973025321960449,14,0.002499338937923312,1,0.00011165689647896215,True,0.01969071274195025,0.0036208947356910185,0.9973025321960449,,single_softmax
opxrd_782,opxrd,ablation3_cnn_aug_peaks_concat,corrected_ablation_clean,12,12,13,13,monoclinic,monoclinic,5,Medium,Low symmetry,True,0.933253288269043,14,0.0231917891651392,18,0.010379517450928688,True,0.40275479147910576,0.07406195617968213,0.933253288269043,,single_softmax
opxrd_787,opxrd,ablation3_cnn_aug_peaks_concat,corrected_ablation_clean,216,216,217,217,cubic,cubic,2,Medium,High symmetry,True,0.9905449151992798,13,0.0029959024395793676,14,0.001674273400567472,True,0.07734682729257371,0.01422318853747819,0.9905449151992798,,single_softmax
opxrd_797,opxrd,ablation3_cnn_aug_peaks_concat,corrected_ablation_clean,11,163,12,164,monoclinic,trigonal,10,Head,Low symmetry,False,0.4794144034385681,165,0.10224111378192902,175,0.10018301755189896,False,2.061360622652623,0.37906041923114153,0.4794144034385681,,single_softmax
opxrd_801,opxrd,ablation3_cnn_aug_peaks_concat,corrected_ablation_clean,87,87,88,88,tetragonal,tetragonal,11,Head,Medium symmetry,True,0.9860289692878723,14,0.008099034428596497,32,0.00223988713696599,True,0.0954077653666534,0.017544386528181265,0.9860289692878723,,single_softmax
opxrd_803,opxrd,ablation3_cnn_aug_peaks_concat,corrected_ablation_clean,124,124,125,125,tetragonal,tetragonal,13,Head,Medium symmetry,True,0.9994949102401733,91,0.0002701885823626071,59,0.0001119825174100697,True,0.0051102256415774434,0.0009397114957834863,0.9994949102401733,,single_softmax
opxrd_805,opxrd,ablation3_cnn_aug_peaks_concat,corrected_ablation_clean,138,138,139,139,tetragonal,tetragonal,11,Head,Medium symmetry,True,0.8922272324562073,139,0.01783825270831585,220,0.01565116085112095,True,0.6639735591877332,0.12209707168084825,0.8922272324562073,,single_softmax
opxrd_808,opxrd,ablation3_cnn_aug_peaks_concat,corrected_ablation_clean,128,1,129,2,tetragonal,triclinic,29,Head,Medium symmetry,False,0.36116814613342285,175,0.26073157787323,204,0.07152820378541946,False,2.329886587215743,0.4284392438691903,0.36116814613342285,,single_softmax
opxrd_809,opxrd,ablation3_cnn_aug_peaks_concat,corrected_ablation_clean,61,163,62,164,orthorhombic,trigonal,29,Head,Low symmetry,False,0.14018119871616364,18,0.10280155390501022,32,0.09329773485660553,False,3.1142165341907693,0.572668465699045,0.14018119871616364,,single_softmax
opxrd_816,opxrd,ablation3_cnn_aug_peaks_concat,corrected_ablation_clean,13,1,14,2,monoclinic,triclinic,109,Head,Low symmetry,False,0.7148817777633667,13,0.12501820921897888,28,0.058748990297317505,True,1.1787771729939474,0.2167635126357433,0.7148817777633667,,single_softmax
opxrd_817,opxrd,ablation3_cnn_aug_peaks_concat,corrected_ablation_clean,13,14,14,15,monoclinic,monoclinic,109,Head,Low symmetry,False,0.22964809834957123,31,0.09956430643796921,25,0.07948623597621918,False,3.2594465309867537,0.5993745853684805,0.22964809834957123,,single_softmax
opxrd_818,opxrd,ablation3_cnn_aug_peaks_concat,corrected_ablation_clean,190,190,191,191,hexagonal,hexagonal,5,Head,Medium symmetry,True,0.9997755885124207,139,0.00010115942131960765,165,5.330839121597819e-05,True,0.0025539864403701334,0.00046964861953730007,0.9997755885124207,,single_softmax
opxrd_823,opxrd,ablation3_cnn_aug_peaks_concat,corrected_ablation_clean,13,175,14,176,monoclinic,hexagonal,109,Head,Low symmetry,False,0.6108162999153137,13,0.10277379304170609,71,0.06613656878471375,True,1.7480603653872362,0.32144811910317156,0.6108162999153137,,single_softmax
opxrd_824,opxrd,ablation3_cnn_aug_peaks_concat,corrected_ablation_clean,13,13,14,14,monoclinic,monoclinic,109,Head,Low symmetry,True,0.9412701725959778,18,0.021314024925231934,28,0.014698512852191925,True,0.34111072883289956,0.06272632476565398,0.9412701725959778,,single_softmax
opxrd_826,opxrd,ablation3_cnn_aug_peaks_concat,corrected_ablation_clean,124,124,125,125,tetragonal,tetragonal,13,Head,Medium symmetry,True,0.9956746697425842,91,0.0031924331560730934,59,0.000899924139957875,True,0.031392004700812305,0.005772627230592614,0.9956746697425842,,single_softmax
opxrd_831,opxrd,ablation3_cnn_aug_peaks_concat,corrected_ablation_clean,222,165,223,166,cubic,trigonal,1,Tail,High symmetry,False,0.2992143929004669,163,0.2718600928783417,166,0.054779257625341415,False,2.505005165200857,0.4606415285430764,0.2992143929004669,,single_softmax
opxrd_833,opxrd,ablation3_cnn_aug_peaks_concat,corrected_ablation_clean,138,138,139,139,tetragonal,tetragonal,11,Head,Medium symmetry,True,0.9678534269332886,224,0.009927556850016117,220,0.006725705694407225,True,0.21455846763836461,0.03945482503101812,0.9678534269332886,,single_softmax
opxrd_836,opxrd,ablation3_cnn_aug_peaks_concat,corrected_ablation_clean,11,1,12,2,monoclinic,triclinic,10,Head,Low symmetry,False,0.8240735530853271,18,0.09840859472751617,13,0.058772407472133636,False,0.6621804786764286,0.12176734487668739,0.8240735530853271,,single_softmax
opxrd_850,opxrd,ablation3_cnn_aug_peaks_concat,corrected_ablation_clean,18,1,19,2,orthorhombic,triclinic,27,Head,Low symmetry,False,0.5274767279624939,4,0.17078661918640137,13,0.1331121325492859,False,1.477613510582623,0.27171606492719724,0.5274767279624939,,single_softmax
opxrd_862,opxrd,ablation3_cnn_aug_peaks_concat,corrected_ablation_clean,224,224,225,225,cubic,cubic,289,Head,High symmetry,True,1.0,205,1.2921861358705655e-09,50,1.2753539890830723e-10,True,2.9628238812556955e-08,5.448291047160858e-09,1.0,,single_softmax
opxrd_866,opxrd,ablation3_cnn_aug_peaks_concat,corrected_ablation_clean,224,224,225,225,cubic,cubic,289,Head,High symmetry,True,1.0,50,5.429616201091392e-10,205,2.663652458323451e-11,True,1.2321926678715454e-08,2.2658600543939738e-09,1.0,,single_softmax
opxrd_871,opxrd,ablation3_cnn_aug_peaks_concat,corrected_ablation_clean,224,224,225,225,cubic,cubic,289,Head,High symmetry,True,0.9999998807907104,50,7.610488239606639e-08,226,2.2770185736931126e-10,True,1.3744233373370573e-06,2.527405834412535e-07,0.9999998807907104,,single_softmax
opxrd_875,opxrd,ablation3_cnn_aug_peaks_concat,corrected_ablation_clean,224,224,225,225,cubic,cubic,289,Head,High symmetry,True,0.9999994039535522,50,6.365377771544445e-07,226,1.2007332905739077e-09,True,9.737946343857653e-06,1.7906959039525082e-06,0.9999994039535522,,single_softmax
opxrd_883,opxrd,ablation3_cnn_aug_peaks_concat,corrected_ablation_clean,224,224,225,225,cubic,cubic,289,Head,High symmetry,True,1.0,50,8.65418958717612e-10,205,3.9529129969295695e-11,True,1.9157460069426382e-08,3.522835725840083e-09,1.0,,single_softmax
opxrd_885,opxrd,ablation3_cnn_aug_peaks_concat,corrected_ablation_clean,224,224,225,225,cubic,cubic,289,Head,High symmetry,True,1.0,205,1.4220826738409187e-09,50,5.518229102829952e-12,True,2.91103973157084e-08,5.353065974588114e-09,1.0,,single_softmax
opxrd_886,opxrd,ablation3_cnn_aug_peaks_concat,corrected_ablation_clean,224,224,225,225,cubic,cubic,289,Head,High symmetry,True,1.0,50,2.8851121491868525e-09,226,1.2314789812895022e-11,True,5.7268408349278573e-08,1.0530999107590874e-08,1.0,,single_softmax
opxrd_898,opxrd,ablation3_cnn_aug_peaks_concat,corrected_ablation_clean,224,224,225,225,cubic,cubic,289,Head,High symmetry,True,1.0,205,3.163754147550435e-09,50,4.6915148849135946e-11,True,6.309456810398465e-08,1.160236262101851e-08,1.0,,single_softmax
opxrd_901,opxrd,ablation3_cnn_aug_peaks_concat,corrected_ablation_clean,224,224,225,225,cubic,cubic,289,Head,High symmetry,True,1.0,50,2.829514178515069e-09,205,2.562721590493311e-09,True,1.1271672479789248e-07,2.0727304328375406e-08,1.0,,single_softmax
opxrd_904,opxrd,ablation3_cnn_aug_peaks_concat,corrected_ablation_clean,224,224,225,225,cubic,cubic,289,Head,High symmetry,True,1.0,205,5.1975472814547174e-09,50,4.5856863445381535e-11,True,1.0026130453984952e-07,1.8436896345982576e-08,1.0,,single_softmax
opxrd_907,opxrd,ablation3_cnn_aug_peaks_concat,corrected_ablation_clean,224,224,225,225,cubic,cubic,289,Head,High symmetry,True,0.9999994039535522,50,6.486010875050852e-07,190,4.265201969388954e-09,True,1.0009655246206786e-05,1.8406600341010505e-06,0.9999994039535522,,single_softmax
opxrd_910,opxrd,ablation3_cnn_aug_peaks_concat,corrected_ablation_clean,224,224,225,225,cubic,cubic,289,Head,High symmetry,True,1.0,50,8.760357717019218e-11,205,3.060983758129687e-11,True,2.7794065046690914e-09,5.111007667925033e-10,1.0,,single_softmax
opxrd_913,opxrd,ablation3_cnn_aug_peaks_concat,corrected_ablation_clean,224,224,225,225,cubic,cubic,289,Head,High symmetry,True,1.0,50,4.89375082679544e-08,226,1.85115381357015e-10,True,8.306011533481116e-07,1.5273796246134197e-07,1.0,,single_softmax
opxrd_917,opxrd,ablation3_cnn_aug_peaks_concat,corrected_ablation_clean,224,224,225,225,cubic,cubic,289,Head,High symmetry,True,1.0,205,1.1735506788568273e-08,50,4.228522740290508e-11,True,2.1538160285456715e-07,3.960619009383577e-08,1.0,,single_softmax
opxrd_927,opxrd,ablation3_cnn_aug_peaks_concat,corrected_ablation_clean,224,224,225,225,cubic,cubic,289,Head,High symmetry,True,1.0,205,1.1523957343939628e-09,50,1.524536885622041e-10,True,2.7646034076267365e-08,5.083786481543906e-09,1.0,,single_softmax
opxrd_930,opxrd,ablation3_cnn_aug_peaks_concat,corrected_ablation_clean,224,224,225,225,cubic,cubic,289,Head,High symmetry,True,0.9999988079071045,50,1.1864026419061702e-06,190,4.6154521982089136e-08,True,1.8523450201448954e-05,3.4062486310294026e-06,0.9999988079071045,,single_softmax
opxrd_935,opxrd,ablation3_cnn_aug_peaks_concat,corrected_ablation_clean,224,224,225,225,cubic,cubic,289,Head,High symmetry,True,1.0,205,3.608943005550813e-11,50,3.019263658532445e-11,True,1.6007645517611444e-09,2.943621195694027e-10,1.0,,single_softmax
opxrd_938,opxrd,ablation3_cnn_aug_peaks_concat,corrected_ablation_clean,224,224,225,225,cubic,cubic,289,Head,High symmetry,True,1.0,205,4.96174834552221e-09,50,8.295737707886275e-11,True,9.688587466912995e-08,1.781619376351363e-08,1.0,,single_softmax
opxrd_943,opxrd,ablation3_cnn_aug_peaks_concat,corrected_ablation_clean,224,224,225,225,cubic,cubic,289,Head,High symmetry,True,1.0,50,3.0713341203636446e-08,205,1.763856616321391e-08,True,9.154359591698775e-07,1.6833810379847968e-07,1.0,,single_softmax
opxrd_944,opxrd,ablation3_cnn_aug_peaks_concat,corrected_ablation_clean,224,224,225,225,cubic,cubic,289,Head,High symmetry,True,1.0,205,1.1721704495926133e-08,50,1.920785796041824e-12,True,2.1410917040882054e-07,3.93722044578303e-08,1.0,,single_softmax
opxrd_950,opxrd,ablation3_cnn_aug_peaks_concat,corrected_ablation_clean,224,224,225,225,cubic,cubic,289,Head,High symmetry,True,1.0,205,5.06917308129573e-09,50,6.315727940631177e-10,True,1.1059002284526838e-07,2.033622839295562e-08,1.0,,single_softmax
opxrd_958,opxrd,ablation3_cnn_aug_peaks_concat,corrected_ablation_clean,224,224,225,225,cubic,cubic,289,Head,High symmetry,True,0.9999998807907104,50,1.0008148620954671e-07,205,1.2665072546269585e-08,True,2.1819597686604487e-06,4.012372098141582e-07,0.9999998807907104,,single_softmax
opxrd_965,opxrd,ablation3_cnn_aug_peaks_concat,corrected_ablation_clean,224,224,225,225,cubic,cubic,289,Head,High symmetry,True,1.0,50,1.5291183874666103e-09,205,1.1999177693122753e-11,True,3.153396679412416e-08,5.798732420540637e-09,1.0,,single_softmax
opxrd_970,opxrd,ablation3_cnn_aug_peaks_concat,corrected_ablation_clean,224,224,225,225,cubic,cubic,289,Head,High symmetry,True,1.0,205,7.443368144066653e-09,50,5.977353056962897e-10,True,1.5261484705516108e-07,2.8064108370898443e-08,1.0,,single_softmax
opxrd_983,opxrd,ablation3_cnn_aug_peaks_concat,corrected_ablation_clean,224,224,225,225,cubic,cubic,289,Head,High symmetry,True,1.0,205,9.640677145483778e-11,50,1.459330052633323e-11,True,2.5869217548340867e-09,4.757050436151745e-10,1.0,,single_softmax
opxrd_986,opxrd,ablation3_cnn_aug_peaks_concat,corrected_ablation_clean,224,224,225,225,cubic,cubic,289,Head,High symmetry,True,1.0,50,2.1570823349748025e-08,226,7.657888212442288e-11,True,3.833876662607413e-07,7.050056545362459e-08,1.0,,single_softmax
opxrd_994,opxrd,ablation3_cnn_aug_peaks_concat,corrected_ablation_clean,224,224,225,225,cubic,cubic,289,Head,High symmetry,True,1.0,205,4.458180491440089e-09,50,5.207226663750397e-11,True,8.698778152917123e-08,1.59960487127202e-08,1.0,,single_softmax
opxrd_998,opxrd,ablation3_cnn_aug_peaks_concat,corrected_ablation_clean,224,224,225,225,cubic,cubic,289,Head,High symmetry,True,1.0,205,9.111825072238844e-09,50,2.9730229389457463e-10,True,1.753782778706773e-07,3.225004048449678e-08,1.0,,single_softmax
opxrd_1005,opxrd,ablation3_cnn_aug_peaks_concat,corrected_ablation_clean,224,224,225,225,cubic,cubic,289,Head,High symmetry,True,1.0,205,2.8480007685516284e-08,50,1.9754680530281732e-11,True,4.95311785588546e-07,9.10821187870141e-08,1.0,,single_softmax
opxrd_1015,opxrd,ablation3_cnn_aug_peaks_concat,corrected_ablation_clean,224,224,225,225,cubic,cubic,289,Head,High symmetry,True,1.0,50,2.2036669378167062e-08,226,1.217387857188612e-10,True,3.932198006316578e-07,7.230858144831286e-08,1.0,,single_softmax
opxrd_1016,opxrd,ablation3_cnn_aug_peaks_concat,corrected_ablation_clean,224,224,225,225,cubic,cubic,289,Head,High symmetry,True,0.9999998807907104,50,1.528966748765015e-07,226,4.4433809409660796e-10,True,2.534364330583254e-06,4.660403400929966e-07,0.9999998807907104,,single_softmax
opxrd_1024,opxrd,ablation3_cnn_aug_peaks_concat,corrected_ablation_clean,224,224,225,225,cubic,cubic,289,Head,High symmetry,True,1.0,205,4.763073935265538e-09,50,4.0499235076651985e-09,True,1.7710463960346943e-07,3.256749847558554e-08,1.0,,single_softmax
opxrd_1027,opxrd,ablation3_cnn_aug_peaks_concat,corrected_ablation_clean,224,224,225,225,cubic,cubic,289,Head,High symmetry,True,1.0,205,1.0880951251124316e-08,50,1.2961275108747117e-10,True,2.025585816238253e-07,3.7248184536671337e-08,1.0,,single_softmax
opxrd_1037,opxrd,ablation3_cnn_aug_peaks_concat,corrected_ablation_clean,224,224,225,225,cubic,cubic,289,Head,High symmetry,True,1.0,205,4.7848495998703555e-11,50,3.589727473607418e-11,True,2.0031666607498006e-09,3.683592215109587e-10,1.0,,single_softmax
opxrd_1039,opxrd,ablation3_cnn_aug_peaks_concat,corrected_ablation_clean,224,224,225,225,cubic,cubic,289,Head,High symmetry,True,1.0,205,9.924788990645084e-09,50,7.886965747161412e-09,True,3.404054914651369e-07,6.259663975598421e-08,1.0,,single_softmax
opxrd_1054,opxrd,ablation3_cnn_aug_peaks_concat,corrected_ablation_clean,224,224,225,225,cubic,cubic,289,Head,High symmetry,True,1.0,205,1.2335213739333994e-08,50,1.0642109415925916e-10,True,2.2713476258851167e-07,4.176746047373977e-08,1.0,,single_softmax
opxrd_1058,opxrd,ablation3_cnn_aug_peaks_concat,corrected_ablation_clean,224,224,225,225,cubic,cubic,289,Head,High symmetry,True,1.0,205,1.9440800969050542e-08,50,1.4630382461078284e-09,True,3.764028397590439e-07,6.921613650271976e-08,1.0,,single_softmax
opxrd_1061,opxrd,ablation3_cnn_aug_peaks_concat,corrected_ablation_clean,224,224,225,225,cubic,cubic,289,Head,High symmetry,True,1.0,205,7.377896960036878e-09,50,4.3102019349483545e-12,True,1.3826022092374928e-07,2.5424458355523035e-08,1.0,,single_softmax
opxrd_1067,opxrd,ablation3_cnn_aug_peaks_concat,corrected_ablation_clean,224,224,225,225,cubic,cubic,289,Head,High symmetry,True,1.0,205,7.92221488410405e-09,50,5.182198767328394e-11,True,1.490392145041473e-07,2.7406590826947474e-08,1.0,,single_softmax
opxrd_1068,opxrd,ablation3_cnn_aug_peaks_concat,corrected_ablation_clean,224,224,225,225,cubic,cubic,289,Head,High symmetry,True,1.0,205,4.977205314560251e-10,50,1.1933558308196979e-11,True,1.0960680577718099e-08,2.01554261257886e-09,1.0,,single_softmax
opxrd_1072,opxrd,ablation3_cnn_aug_peaks_concat,corrected_ablation_clean,224,224,225,225,cubic,cubic,289,Head,High symmetry,True,1.0,205,8.851720245672823e-09,50,1.9960426367315875e-10,True,1.6872789143019787e-07,3.102711119959889e-08,1.0,,single_softmax
opxrd_1079,opxrd,ablation3_cnn_aug_peaks_concat,corrected_ablation_clean,224,224,225,225,cubic,cubic,289,Head,High symmetry,True,1.0,205,1.6395121371637345e-10,50,1.855798154037913e-11,True,4.152557979386865e-09,7.636074693822589e-10,1.0,,single_softmax
opxrd_1081,opxrd,ablation3_cnn_aug_peaks_concat,corrected_ablation_clean,224,224,225,225,cubic,cubic,289,Head,High symmetry,True,1.0,50,2.761263995232355e-10,205,1.9292168557116796e-11,True,6.593255717556968e-09,1.21242360455065e-09,1.0,,single_softmax
opxrd_1082,opxrd,ablation3_cnn_aug_peaks_concat,corrected_ablation_clean,224,224,225,225,cubic,cubic,289,Head,High symmetry,True,1.0,50,3.576052995390988e-11,205,2.2403736851805967e-11,True,1.4125979673533656e-09,2.597604571591062e-10,1.0,,single_softmax
opxrd_1083,opxrd,ablation3_cnn_aug_peaks_concat,corrected_ablation_clean,224,224,225,225,cubic,cubic,289,Head,High symmetry,True,1.0,205,9.657323829515008e-09,50,4.2727404947484615e-11,True,1.793040059981698e-07,3.297193656296163e-08,1.0,,single_softmax
opxrd_1084,opxrd,ablation3_cnn_aug_peaks_concat,corrected_ablation_clean,224,224,225,225,cubic,cubic,289,Head,High symmetry,True,1.0,205,1.2204659505243853e-10,50,1.1466288335482133e-10,True,5.426610920806916e-09,9.978910958327765e-10,1.0,,single_softmax
opxrd_1087,opxrd,ablation3_cnn_aug_peaks_concat,corrected_ablation_clean,224,224,225,225,cubic,cubic,289,Head,High symmetry,True,1.0,50,2.2110937081265547e-08,205,8.211258339940741e-09,True,5.810078214191512e-07,1.0684063037951494e-07,1.0,,single_softmax
opxrd_1091,opxrd,ablation3_cnn_aug_peaks_concat,corrected_ablation_clean,224,224,225,225,cubic,cubic,289,Head,High symmetry,True,1.0,205,5.270512914989922e-09,50,7.022502718223578e-11,True,1.021515118230476e-07,1.8784483642125258e-08,1.0,,single_softmax
opxrd_1092,opxrd,ablation3_cnn_aug_peaks_concat,corrected_ablation_clean,224,224,225,225,cubic,cubic,289,Head,High symmetry,True,0.9999997615814209,50,2.6201237801615207e-07,226,7.161352622020445e-10,True,4.2349983334098664e-06,7.787672986785561e-07,0.9999997615814209,,single_softmax
opxrd_1094,opxrd,ablation3_cnn_aug_peaks_concat,corrected_ablation_clean,224,224,225,225,cubic,cubic,289,Head,High symmetry,True,1.0,205,5.584549489512369e-10,50,9.222928844254685e-12,True,1.2131058123890189e-08,2.2307615308192854e-09,1.0,,single_softmax
opxrd_1100,opxrd,ablation3_cnn_aug_peaks_concat,corrected_ablation_clean,224,224,225,225,cubic,cubic,289,Head,High symmetry,True,1.0,50,6.234630589574408e-09,205,2.0206165629588213e-09,True,1.7659035220266902e-07,3.247292696024251e-08,1.0,,single_softmax
opxrd_1105,opxrd,ablation3_cnn_aug_peaks_concat,corrected_ablation_clean,224,224,225,225,cubic,cubic,289,Head,High symmetry,True,0.9999998807907104,50,6.632505744619266e-08,226,1.1935634425253028e-10,True,1.2205150623001385e-06,2.2443862859767946e-07,0.9999998807907104,,single_softmax
opxrd_1113,opxrd,ablation3_cnn_aug_peaks_concat,corrected_ablation_clean,224,224,225,225,cubic,cubic,289,Head,High symmetry,True,1.0,205,7.0656245299005604e-09,50,2.9350030739117017e-10,True,1.3942801681207852e-07,2.5639202536692487e-08,1.0,,single_softmax
opxrd_1117,opxrd,ablation3_cnn_aug_peaks_concat,corrected_ablation_clean,224,224,225,225,cubic,cubic,289,Head,High symmetry,True,1.0,205,4.9528319223668404e-09,50,5.768669916750291e-11,True,9.611142467919715e-08,1.7673781351715585e-08,1.0,,single_softmax
opxrd_1118,opxrd,ablation3_cnn_aug_peaks_concat,corrected_ablation_clean,224,224,225,225,cubic,cubic,289,Head,High symmetry,True,1.0,50,4.1028343389371e-08,205,1.031756902136749e-08,True,1.0672543947500833e-06,1.9625576129403903e-07,1.0,,single_softmax
opxrd_1120,opxrd,ablation3_cnn_aug_peaks_concat,corrected_ablation_clean,224,224,225,225,cubic,cubic,289,Head,High symmetry,True,1.0,205,1.0709846343104346e-08,50,5.003609748754911e-10,True,2.0757995893603723e-07,3.81715578504758e-08,1.0,,single_softmax
opxrd_1123,opxrd,ablation3_cnn_aug_peaks_concat,corrected_ablation_clean,224,224,225,225,cubic,cubic,289,Head,High symmetry,True,1.0,205,6.944085306770376e-09,50,5.594888441429191e-11,True,1.3182649535050737e-07,2.4241370502669367e-08,1.0,,single_softmax
opxrd_1126,opxrd,ablation3_cnn_aug_peaks_concat,corrected_ablation_clean,224,224,225,225,cubic,cubic,289,Head,High symmetry,True,1.0,205,1.4209439180845607e-09,50,3.6072620585025916e-12,True,2.9040141058392078e-08,5.3401466600056575e-09,1.0,,single_softmax
opxrd_1135,opxrd,ablation3_cnn_aug_peaks_concat,corrected_ablation_clean,224,224,225,225,cubic,cubic,289,Head,High symmetry,True,1.0,205,7.601490104036657e-09,50,1.1385001968955422e-10,True,1.4480242247657348e-07,2.6627493688621116e-08,1.0,,single_softmax
opxrd_1138,opxrd,ablation3_cnn_aug_peaks_concat,corrected_ablation_clean,224,224,225,225,cubic,cubic,289,Head,High symmetry,True,1.0,205,1.20815482063108e-08,50,3.956156235940256e-11,True,2.2123092321855633e-07,4.0681812575911604e-08,1.0,,single_softmax
opxrd_1140,opxrd,ablation3_cnn_aug_peaks_concat,corrected_ablation_clean,224,224,225,225,cubic,cubic,289,Head,High symmetry,True,1.0,205,1.1319254866748452e-08,50,1.3576124946457213e-10,True,2.1027150810527363e-07,3.8666502667632095e-08,1.0,,single_softmax
opxrd_1142,opxrd,ablation3_cnn_aug_peaks_concat,corrected_ablation_clean,224,224,225,225,cubic,cubic,289,Head,High symmetry,True,1.0,50,4.969697542378526e-08,190,4.84169759840114e-10,True,8.554283717816288e-07,1.5730340129059534e-07,1.0,,single_softmax
opxrd_1145,opxrd,ablation3_cnn_aug_peaks_concat,corrected_ablation_clean,224,224,225,225,cubic,cubic,289,Head,High symmetry,True,1.0,205,7.323260664549025e-09,50,3.3538256807158495e-12,True,1.372673265008982e-07,2.52418765345441e-08,1.0,,single_softmax
opxrd_1152,opxrd,ablation3_cnn_aug_peaks_concat,corrected_ablation_clean,224,224,225,225,cubic,cubic,289,Head,High symmetry,True,1.0,205,1.7108304772861516e-09,50,1.0302318720345482e-10,True,3.71130119596229e-08,6.824654414054825e-09,1.0,,single_softmax
opxrd_1175,opxrd,ablation3_cnn_aug_peaks_concat,corrected_ablation_clean,224,224,225,225,cubic,cubic,289,Head,High symmetry,True,0.9999984502792358,50,1.5547457223874517e-06,226,4.7849018081080885e-09,True,2.258714225237367e-05,4.153514682161963e-06,0.9999984502792358,,single_softmax
opxrd_1180,opxrd,ablation3_cnn_aug_peaks_concat,corrected_ablation_clean,224,224,225,225,cubic,cubic,289,Head,High symmetry,True,1.0,205,1.1361173335444619e-08,50,1.321033560319762e-10,True,2.1097919170033333e-07,3.879663751025906e-08,1.0,,single_softmax
opxrd_1183,opxrd,ablation3_cnn_aug_peaks_concat,corrected_ablation_clean,224,224,225,225,cubic,cubic,289,Head,High symmetry,True,1.0,205,3.811051474400529e-09,50,6.526904711146031e-11,True,7.547050634803395e-08,1.3878154778691157e-08,1.0,,single_softmax
opxrd_1185,opxrd,ablation3_cnn_aug_peaks_concat,corrected_ablation_clean,224,224,225,225,cubic,cubic,289,Head,High symmetry,True,0.9999998807907104,205,7.159776771459292e-08,50,2.5540717110694722e-11,True,1.297790642773741e-06,2.386487156677233e-07,0.9999998807907104,,single_softmax
opxrd_1188,opxrd,ablation3_cnn_aug_peaks_concat,corrected_ablation_clean,224,224,225,225,cubic,cubic,289,Head,High symmetry,True,1.0,205,2.329719972493649e-09,50,3.453550639909153e-11,True,4.7166448809647445e-08,8.673365379620946e-09,1.0,,single_softmax
opxrd_1190,opxrd,ablation3_cnn_aug_peaks_concat,corrected_ablation_clean,224,224,225,225,cubic,cubic,289,Head,High symmetry,True,1.0,205,1.451671421959233e-10,50,1.6528618751454616e-11,True,3.698553245817268e-09,6.801212405542547e-10,1.0,,single_softmax
opxrd_aug_source_715_label_52,opxrd,ablation3_cnn_aug_peaks_concat,corrected_ablation_clean,52,52,53,53,orthorhombic,orthorhombic,1,Tail,Low symmetry,True,0.9996803998947144,1,7.220216502901167e-05,17,4.890748095931485e-05,True,0.0037286130447738426,0.0006856488905293573,0.9996803998947144,,single_softmax
opxrd_0,opxrd,ablation4_cnn_aug_peaks_gate,corrected_ablation_clean,224,216,225,217,cubic,cubic,289,Head,High symmetry,False,0.9996039271354675,68,0.00018496287520974874,13,0.00010229886538581923,False,0.00415711137925544,0.0007644447870471749,0.9996039271354675,0.9468239,single_softmax
opxrd_1,opxrd,ablation4_cnn_aug_peaks_gate,corrected_ablation_clean,87,87,88,88,tetragonal,tetragonal,11,Head,Medium symmetry,True,0.9889610409736633,226,0.008647582493722439,120,0.001061373157426715,True,0.07147575369921025,0.013143565887670605,0.9889610409736633,0.5677191,single_softmax
opxrd_7,opxrd,ablation4_cnn_aug_peaks_gate,corrected_ablation_clean,60,128,61,129,orthorhombic,tetragonal,11,Head,Low symmetry,False,0.349774032831192,1,0.3227452337741852,13,0.21085679531097412,False,1.6090918603180158,0.2958934154707345,0.349774032831192,0.9902378,single_softmax
opxrd_15,opxrd,ablation4_cnn_aug_peaks_gate,corrected_ablation_clean,220,62,221,63,cubic,orthorhombic,14,Head,High symmetry,False,0.9614560604095459,25,0.025439206510782242,139,0.006019972264766693,False,0.21336850788012968,0.0392360051700642,0.9614560604095459,0.47887748,single_softmax
opxrd_22,opxrd,ablation4_cnn_aug_peaks_gate,corrected_ablation_clean,215,226,216,227,cubic,cubic,3,Medium,High symmetry,False,0.9993688464164734,45,0.0001499423524364829,14,0.00011097983224317431,False,0.0068479021846025116,0.0012592501498398482,0.9993688464164734,0.60932493,single_softmax
opxrd_28,opxrd,ablation4_cnn_aug_peaks_gate,corrected_ablation_clean,14,73,15,74,monoclinic,orthorhombic,37,Head,Low symmetry,False,0.8130670785903931,14,0.1741374284029007,1,0.001110380981117487,True,0.5766363869156428,0.10603677404436819,0.8130670785903931,0.26111224,single_softmax
opxrd_32,opxrd,ablation4_cnn_aug_peaks_gate,corrected_ablation_clean,13,13,14,14,monoclinic,monoclinic,109,Head,Low symmetry,True,0.3191393315792084,60,0.26324933767318726,163,0.1304648220539093,True,1.8211430753203661,0.33488718568927495,0.3191393315792084,0.7584767,single_softmax
opxrd_35,opxrd,ablation4_cnn_aug_peaks_gate,corrected_ablation_clean,1,13,2,14,triclinic,monoclinic,52,Head,Low symmetry,False,0.7147566080093384,18,0.17140066623687744,28,0.08685453981161118,False,0.9009239916951737,0.1656695205266448,0.7147566080093384,0.9972138,single_softmax
opxrd_36,opxrd,ablation4_cnn_aug_peaks_gate,corrected_ablation_clean,162,60,163,61,trigonal,orthorhombic,4,Medium,Medium symmetry,False,0.9938452839851379,162,0.006117343436926603,11,8.41313612909289e-06,True,0.03777905169065424,0.0069471314308828915,0.9938452839851379,0.997047,single_softmax
opxrd_37,opxrd,ablation4_cnn_aug_peaks_gate,corrected_ablation_clean,10,10,11,11,monoclinic,monoclinic,13,Head,Low symmetry,True,0.9999982118606567,1,1.5007238971520565e-06,165,7.14398211698608e-08,True,2.646354486523706e-05,4.866340367970315e-06,0.9999982118606567,0.99771035,single_softmax
opxrd_38,opxrd,ablation4_cnn_aug_peaks_gate,corrected_ablation_clean,12,224,13,225,monoclinic,cubic,5,Medium,Low symmetry,False,0.6354033946990967,11,0.1816021203994751,226,0.06390901654958725,False,1.233022806003048,0.22673865825748707,0.6354033946990967,0.99951994,single_softmax
opxrd_46,opxrd,ablation4_cnn_aug_peaks_gate,corrected_ablation_clean,147,147,148,148,trigonal,trigonal,23,Head,Medium symmetry,True,0.9955171942710876,220,0.004476664587855339,174,1.8866746813728241e-06,True,0.028773196815922383,0.005291058695798943,0.9955171942710876,0.99990714,single_softmax
opxrd_53,opxrd,ablation4_cnn_aug_peaks_gate,corrected_ablation_clean,138,138,139,139,tetragonal,tetragonal,11,Head,Medium symmetry,True,0.9895094633102417,220,0.007313140667974949,139,0.0012858049012720585,True,0.0713416376271826,0.013118903490451134,0.9895094633102417,0.88250715,single_softmax
opxrd_61,opxrd,ablation4_cnn_aug_peaks_gate,corrected_ablation_clean,13,13,14,14,monoclinic,monoclinic,109,Head,Low symmetry,True,0.44388458132743835,60,0.411827027797699,10,0.04590514302253723,True,1.373989066766778,0.2526607260972154,0.44388458132743835,0.99602926,single_softmax
opxrd_68,opxrd,ablation4_cnn_aug_peaks_gate,corrected_ablation_clean,59,59,60,60,orthorhombic,orthorhombic,24,Head,Low symmetry,True,0.9999988079071045,224,1.0886636800933047e-06,61,7.09821321720483e-08,True,1.863909068308308e-05,3.4275135804839602e-06,0.9999988079071045,0.98840535,single_softmax
opxrd_76,opxrd,ablation4_cnn_aug_peaks_gate,corrected_ablation_clean,128,128,129,129,tetragonal,tetragonal,29,Head,Medium symmetry,True,0.9999998807907104,13,8.272900942074557e-08,14,1.996729892539406e-08,True,2.2753271430789464e-06,4.184063920041446e-07,0.9999998807907104,0.9945825,single_softmax
opxrd_83,opxrd,ablation4_cnn_aug_peaks_gate,corrected_ablation_clean,1,35,2,36,triclinic,orthorhombic,52,Head,Low symmetry,False,0.9478762149810791,18,0.04442623257637024,1,0.006017039995640516,True,0.23290467572117385,0.042828480882764426,0.9478762149810791,0.99216354,single_softmax
opxrd_85,opxrd,ablation4_cnn_aug_peaks_gate,corrected_ablation_clean,202,202,203,203,cubic,cubic,4,Medium,High symmetry,True,0.9999946355819702,87,4.237646408000728e-06,198,3.175156848556071e-07,True,7.604749402498939e-05,1.3984256150918051e-05,0.9999946355819702,0.9959402,single_softmax
opxrd_94,opxrd,ablation4_cnn_aug_peaks_gate,corrected_ablation_clean,14,14,15,15,monoclinic,monoclinic,37,Head,Low symmetry,True,0.9995787739753723,11,0.00017388758715242147,10,0.00010283838491886854,True,0.004426463925353907,0.0008139756104863427,0.9995787739753723,0.993048,single_softmax
opxrd_97,opxrd,ablation4_cnn_aug_peaks_gate,corrected_ablation_clean,14,1,15,2,monoclinic,triclinic,37,Head,Low symmetry,False,0.9593508839607239,18,0.03914370387792587,60,0.0012872741790488362,False,0.17745964870718312,0.03263278055102919,0.9593508839607239,0.8526574,single_softmax
opxrd_98,opxrd,ablation4_cnn_aug_peaks_gate,corrected_ablation_clean,1,13,2,14,triclinic,monoclinic,52,Head,Low symmetry,False,0.9680430293083191,57,0.015554795041680336,60,0.005291997920721769,False,0.1969328856068163,0.03621368399016809,0.9680430293083191,0.9848238,single_softmax
opxrd_106,opxrd,ablation4_cnn_aug_peaks_gate,corrected_ablation_clean,10,10,11,11,monoclinic,monoclinic,13,Head,Low symmetry,True,0.999995231628418,1,4.382448423712049e-06,165,7.434879734091737e-08,True,6.433686582720415e-05,1.1830806829469285e-05,0.999995231628418,0.99770087,single_softmax
opxrd_114,opxrd,ablation4_cnn_aug_peaks_gate,corrected_ablation_clean,32,128,33,129,orthorhombic,tetragonal,9,Head,Low symmetry,False,0.8805063962936401,224,0.11433099955320358,192,0.0014571537030860782,False,0.4000635848494025,0.07356707435159122,0.8805063962936401,0.9997093,single_softmax
opxrd_119,opxrd,ablation4_cnn_aug_peaks_gate,corrected_ablation_clean,61,61,62,62,orthorhombic,orthorhombic,29,Head,Low symmetry,True,0.9999998807907104,224,4.2698868440993465e-08,62,3.247057733801739e-08,True,2.044011373838844e-06,3.758700926786562e-07,0.9999998807907104,0.86240274,single_softmax
opxrd_120,opxrd,ablation4_cnn_aug_peaks_gate,corrected_ablation_clean,3,1,4,2,monoclinic,triclinic,14,Head,Low symmetry,False,0.978293776512146,165,0.015577754937112331,13,0.0032209763303399086,False,0.1275651847391593,0.02345776467986428,0.978293776512146,0.9883342,single_softmax
opxrd_124,opxrd,ablation4_cnn_aug_peaks_gate,corrected_ablation_clean,18,87,19,88,orthorhombic,tetragonal,27,Head,Low symmetry,False,0.40270835161209106,202,0.09517278522253036,13,0.06560938060283661,False,2.796850364073122,0.5143084911402168,0.40270835161209106,0.5027248,single_softmax
opxrd_125,opxrd,ablation4_cnn_aug_peaks_gate,corrected_ablation_clean,223,224,224,225,cubic,cubic,1,Tail,High symmetry,False,0.4365595877170563,61,0.2572135627269745,13,0.08764030784368515,False,1.8041484312109288,0.33176206684785764,0.4365595877170563,0.961904,single_softmax
opxrd_127,opxrd,ablation4_cnn_aug_peaks_gate,corrected_ablation_clean,10,10,11,11,monoclinic,monoclinic,13,Head,Low symmetry,True,0.9999954700469971,1,3.934055712306872e-06,25,1.5961700228217524e-07,True,6.401939996404359e-05,1.1772428522510862e-05,0.9999954700469971,0.99761033,single_softmax
opxrd_150,opxrd,ablation4_cnn_aug_peaks_gate,corrected_ablation_clean,14,73,15,74,monoclinic,orthorhombic,37,Head,Low symmetry,False,0.7964207530021667,14,0.1906512975692749,1,0.0011928339954465628,True,0.6021084875602325,0.11072079926680163,0.7964207530021667,0.2611474,single_softmax
opxrd_152,opxrd,ablation4_cnn_aug_peaks_gate,corrected_ablation_clean,13,13,14,14,monoclinic,monoclinic,109,Head,Low symmetry,True,0.9999988079071045,18,4.933474997415033e-07,163,3.9558801745442906e-07,True,2.0196618367804818e-05,3.713924939392616e-06,0.9999988079071045,0.98085153,single_softmax
opxrd_168,opxrd,ablation4_cnn_aug_peaks_gate,corrected_ablation_clean,226,226,227,227,cubic,cubic,13,Head,High symmetry,True,0.9999796152114868,30,5.566644631471718e-06,224,4.07155675929971e-06,True,0.0002879279768673275,5.294663069640679e-05,0.9999796152114868,0.902332,single_softmax
opxrd_170,opxrd,ablation4_cnn_aug_peaks_gate,corrected_ablation_clean,59,59,60,60,orthorhombic,orthorhombic,24,Head,Low symmetry,True,0.9999867677688599,224,9.866972504823934e-06,61,2.6087689093401423e-06,True,0.00017196417817801082,3.162222696823114e-05,0.9999867677688599,0.98498976,single_softmax
opxrd_178,opxrd,ablation4_cnn_aug_peaks_gate,corrected_ablation_clean,192,192,193,193,hexagonal,hexagonal,6,Head,Medium symmetry,True,0.9999591112136841,45,1.0019268302130513e-05,25,5.640774816129124e-06,True,0.0005500859580444071,0.00010115445671080709,0.9999591112136841,0.9413877,single_softmax
opxrd_184,opxrd,ablation4_cnn_aug_peaks_gate,corrected_ablation_clean,13,13,14,14,monoclinic,monoclinic,109,Head,Low symmetry,True,0.9999974966049194,18,6.270075232350791e-07,32,3.9921596339809184e-07,True,4.10268018561746e-05,7.544355189681557e-06,0.9999974966049194,0.9298889,single_softmax
opxrd_187,opxrd,ablation4_cnn_aug_peaks_gate,corrected_ablation_clean,124,124,125,125,tetragonal,tetragonal,13,Head,Medium symmetry,True,0.9999929666519165,13,4.564099526760401e-06,10,1.3346702871785965e-06,True,9.86921756498719e-05,1.8148351659368153e-05,0.9999929666519165,0.9885063,single_softmax
opxrd_189,opxrd,ablation4_cnn_aug_peaks_gate,corrected_ablation_clean,1,1,2,2,triclinic,triclinic,52,Head,Low symmetry,True,0.44919371604919434,192,0.16225901246070862,13,0.09612157195806503,True,2.117879758411399,0.3894536357600059,0.44919371604919434,0.94857496,single_softmax
opxrd_200,opxrd,ablation4_cnn_aug_peaks_gate,corrected_ablation_clean,73,13,74,14,orthorhombic,monoclinic,29,Head,Low symmetry,False,0.405335009098053,12,0.12211013585329056,18,0.11368422210216522,False,2.1335765410365295,0.39234009285881544,0.405335009098053,0.7043025,single_softmax
opxrd_201,opxrd,ablation4_cnn_aug_peaks_gate,corrected_ablation_clean,13,13,14,14,monoclinic,monoclinic,109,Head,Low symmetry,True,0.9999517202377319,18,1.5878442354733124e-05,32,9.660253454057965e-06,True,0.0006218352378145726,0.00011434832088495291,0.9999517202377319,0.91485983,single_softmax
opxrd_203,opxrd,ablation4_cnn_aug_peaks_gate,corrected_ablation_clean,70,126,71,127,orthorhombic,tetragonal,2,Tail,Low symmetry,False,0.10371781140565872,11,0.1016557589173317,192,0.08843062072992325,False,3.5893346445899157,0.6600372007631949,0.10371781140565872,0.79017955,single_softmax
opxrd_211,opxrd,ablation4_cnn_aug_peaks_gate,corrected_ablation_clean,61,61,62,62,orthorhombic,orthorhombic,29,Head,Low symmetry,True,0.9839411377906799,226,0.01272855419665575,13,0.002588364528492093,True,0.09343264748044436,0.017181185152473463,0.9839411377906799,0.91481155,single_softmax
opxrd_212,opxrd,ablation4_cnn_aug_peaks_gate,corrected_ablation_clean,128,128,129,129,tetragonal,tetragonal,29,Head,Medium symmetry,True,0.9997887015342712,14,8.432692266069353e-05,13,4.627984162652865e-05,True,0.002416743643401991,0.0004444112537006259,0.9997887015342712,0.99553645,single_softmax
opxrd_213,opxrd,ablation4_cnn_aug_peaks_gate,corrected_ablation_clean,73,13,74,14,orthorhombic,monoclinic,29,Head,Low symmetry,False,0.9743170738220215,1,0.02509959787130356,3,0.00030798130319453776,False,0.12280647679121322,0.022582693229520105,0.9743170738220215,0.9130072,single_softmax
opxrd_231,opxrd,ablation4_cnn_aug_peaks_gate,corrected_ablation_clean,3,3,4,4,monoclinic,monoclinic,14,Head,Low symmetry,True,0.9999915361404419,13,4.023831934318878e-06,8,2.434266434647725e-06,True,0.0001199510632888237,2.2057615653379546e-05,0.9999915361404419,0.99849594,single_softmax
opxrd_232,opxrd,ablation4_cnn_aug_peaks_gate,corrected_ablation_clean,147,11,148,12,trigonal,monoclinic,23,Head,Medium symmetry,False,0.4437538683414459,14,0.26873743534088135,13,0.12947705388069153,False,1.576225347768285,0.2898496432705385,0.4437538683414459,0.9104301,single_softmax
opxrd_239,opxrd,ablation4_cnn_aug_peaks_gate,corrected_ablation_clean,175,175,176,176,hexagonal,hexagonal,5,Head,Medium symmetry,True,0.9939961433410645,126,0.0005523798754438758,11,0.0005132602527737617,True,0.05693448223785816,0.01046959395101795,0.9939961433410645,0.72155607,single_softmax
opxrd_247,opxrd,ablation4_cnn_aug_peaks_gate,corrected_ablation_clean,18,18,19,19,orthorhombic,orthorhombic,27,Head,Low symmetry,True,0.9999916553497314,13,5.435021648736438e-06,1,1.699267272670113e-06,True,0.00011660954676286547,2.1443149343468393e-05,0.9999916553497314,0.9848317,single_softmax
opxrd_252,opxrd,ablation4_cnn_aug_peaks_gate,corrected_ablation_clean,35,35,36,36,orthorhombic,orthorhombic,6,Head,Low symmetry,True,0.9731547832489014,13,0.020435109734535217,32,0.003844921011477709,True,0.14504783972342583,0.026672623086872013,0.9731547832489014,0.89569545,single_softmax
opxrd_255,opxrd,ablation4_cnn_aug_peaks_gate,corrected_ablation_clean,13,1,14,2,monoclinic,triclinic,109,Head,Low symmetry,False,0.42984727025032043,12,0.33054882287979126,57,0.0585554838180542,False,1.5464240152909108,0.2843695222968569,0.42984727025032043,0.9925479,single_softmax
opxrd_264,opxrd,ablation4_cnn_aug_peaks_gate,corrected_ablation_clean,59,59,60,60,orthorhombic,orthorhombic,24,Head,Low symmetry,True,0.9999946355819702,224,4.828038072446361e-06,13,1.6770673028077e-07,True,7.207825960842933e-05,1.3254359768192068e-05,0.9999946355819702,0.9868025,single_softmax
opxrd_267,opxrd,ablation4_cnn_aug_peaks_gate,corrected_ablation_clean,220,220,221,221,cubic,cubic,14,Head,High symmetry,True,0.9999947547912598,1,1.84056113994302e-06,147,1.371676376038522e-06,True,8.06467532205417e-05,1.483000681659987e-05,0.9999947547912598,0.9982284,single_softmax
opxrd_276,opxrd,ablation4_cnn_aug_peaks_gate,corrected_ablation_clean,14,13,15,14,monoclinic,monoclinic,37,Head,Low symmetry,False,0.7675544023513794,64,0.07556545734405518,61,0.06941217184066772,False,0.9674128731555961,0.17789605818513804,0.7675544023513794,0.9824457,single_softmax
opxrd_283,opxrd,ablation4_cnn_aug_peaks_gate,corrected_ablation_clean,1,1,2,2,triclinic,triclinic,52,Head,Low symmetry,True,0.760031521320343,13,0.07622924447059631,120,0.03287317231297493,True,1.1243805419469481,0.20676060021816578,0.760031521320343,0.85209805,single_softmax
opxrd_285,opxrd,ablation4_cnn_aug_peaks_gate,corrected_ablation_clean,32,1,33,2,orthorhombic,triclinic,9,Head,Low symmetry,False,0.9909041523933411,18,0.005417576991021633,13,0.0031435054261237383,False,0.06045947157489442,0.011117798792615643,0.9909041523933411,0.9990337,single_softmax
opxrd_286,opxrd,ablation4_cnn_aug_peaks_gate,corrected_ablation_clean,128,128,129,129,tetragonal,tetragonal,29,Head,Medium symmetry,True,0.999998927116394,13,4.883258384325018e-07,14,3.348691564042383e-07,True,1.831496826705154e-05,3.3679112103052654e-06,0.999998927116394,0.98727953,single_softmax
opxrd_289,opxrd,ablation4_cnn_aug_peaks_gate,corrected_ablation_clean,32,32,33,33,orthorhombic,orthorhombic,9,Head,Low symmetry,True,0.8706337213516235,42,0.1257193684577942,13,0.003101073205471039,True,0.404035324130856,0.07429743135005139,0.8706337213516235,0.8852609,single_softmax
opxrd_294,opxrd,ablation4_cnn_aug_peaks_gate,corrected_ablation_clean,204,204,205,205,cubic,cubic,4,Medium,High symmetry,True,0.629154622554779,224,0.3604907691478729,14,0.00747728394344449,True,0.7217319826966622,0.1327181789188679,0.629154622554779,0.9450574,single_softmax
opxrd_304,opxrd,ablation4_cnn_aug_peaks_gate,corrected_ablation_clean,13,1,14,2,monoclinic,triclinic,109,Head,Low symmetry,False,0.8630150556564331,166,0.07891357690095901,11,0.031762782484292984,False,0.5893244377202798,0.10836996009846223,0.8630150556564331,0.9963521,single_softmax
opxrd_309,opxrd,ablation4_cnn_aug_peaks_gate,corrected_ablation_clean,14,18,15,19,monoclinic,orthorhombic,37,Head,Low symmetry,False,0.9612011313438416,1,0.03131396695971489,4,0.004813286941498518,False,0.1937645703264502,0.03563106738964016,0.9612011313438416,0.8600305,single_softmax
opxrd_310,opxrd,ablation4_cnn_aug_peaks_gate,corrected_ablation_clean,61,61,62,62,orthorhombic,orthorhombic,29,Head,Low symmetry,True,0.9863184690475464,226,0.01084131095558405,13,0.0025571566075086594,True,0.08072778744899431,0.014844908075638083,0.9863184690475464,0.9293353,single_softmax
opxrd_312,opxrd,ablation4_cnn_aug_peaks_gate,corrected_ablation_clean,141,13,142,14,tetragonal,monoclinic,1,Tail,Medium symmetry,False,0.6347893476486206,147,0.06831616908311844,163,0.061381325125694275,False,1.732994778306266,0.3186777315775153,0.6347893476486206,0.9626244,single_softmax
opxrd_314,opxrd,ablation4_cnn_aug_peaks_gate,corrected_ablation_clean,226,226,227,227,cubic,cubic,13,Head,High symmetry,True,0.9999737739562988,61,1.2333825907262508e-05,193,5.673335635947296e-06,True,0.0003535145989444342,6.500725327127203e-05,0.9999737739562988,0.98575103,single_softmax
opxrd_315,opxrd,ablation4_cnn_aug_peaks_gate,corrected_ablation_clean,59,59,60,60,orthorhombic,orthorhombic,24,Head,Low symmetry,True,0.9999548196792603,224,2.715436858125031e-05,228,5.607769253401784e-06,True,0.0005539909179556805,0.00010187253375408703,0.9999548196792603,0.9813798,single_softmax
opxrd_328,opxrd,ablation4_cnn_aug_peaks_gate,corrected_ablation_clean,62,69,63,70,orthorhombic,orthorhombic,10,Head,Low symmetry,False,0.5054699182510376,12,0.4189873933792114,11,0.018162989988923073,False,1.0897662086967645,0.20039542397048107,0.5054699182510376,0.2939893,single_softmax
opxrd_334,opxrd,ablation4_cnn_aug_peaks_gate,corrected_ablation_clean,147,147,148,148,trigonal,trigonal,23,Head,Medium symmetry,True,0.9999988079071045,138,1.1782650517488946e-06,2,1.6413986614338683e-08,True,1.8696816299574693e-05,3.438128654890266e-06,0.9999988079071045,0.99832386,single_softmax
opxrd_338,opxrd,ablation4_cnn_aug_peaks_gate,corrected_ablation_clean,220,70,221,71,cubic,orthorhombic,14,Head,High symmetry,False,0.8485778570175171,220,0.12366849929094315,140,0.011577337980270386,True,0.5544062567479457,0.10194890976272371,0.8485778570175171,0.4991737,single_softmax
opxrd_343,opxrd,ablation4_cnn_aug_peaks_gate,corrected_ablation_clean,73,64,74,65,orthorhombic,orthorhombic,29,Head,Low symmetry,False,0.9720313549041748,139,0.016917189583182335,13,0.010598300024867058,False,0.14872833893263165,0.027349424398534862,0.9720313549041748,0.89706516,single_softmax
opxrd_344,opxrd,ablation4_cnn_aug_peaks_gate,corrected_ablation_clean,60,60,61,61,orthorhombic,orthorhombic,11,Head,Low symmetry,True,0.9989523887634277,61,0.0007357047288678586,62,0.00017797944019548595,True,0.009396571579339916,0.0017279210260728154,0.9989523887634277,0.65901965,single_softmax
opxrd_345,opxrd,ablation4_cnn_aug_peaks_gate,corrected_ablation_clean,84,18,85,19,tetragonal,orthorhombic,1,Tail,Medium symmetry,False,0.5791062712669373,1,0.09848906844854355,11,0.0887487456202507,False,1.832695749484368,0.3370115890875567,0.5791062712669373,0.9725356,single_softmax
opxrd_346,opxrd,ablation4_cnn_aug_peaks_gate,corrected_ablation_clean,224,224,225,225,cubic,cubic,289,Head,High symmetry,True,0.9999494552612305,50,3.0854040232952684e-05,61,5.9815965869347565e-06,True,0.0006267386628956103,0.00011525000414525254,0.9999494552612305,0.9377041,single_softmax
opxrd_347,opxrd,ablation4_cnn_aug_peaks_gate,corrected_ablation_clean,14,14,15,15,monoclinic,monoclinic,37,Head,Low symmetry,True,0.9874027967453003,140,0.010617361404001713,12,0.0009958394803106785,True,0.07544965810187433,0.013874321026924166,0.9874027967453003,0.9922053,single_softmax
opxrd_350,opxrd,ablation4_cnn_aug_peaks_gate,corrected_ablation_clean,13,32,14,33,monoclinic,orthorhombic,109,Head,Low symmetry,False,0.8873987793922424,13,0.0539834089577198,30,0.01009185891598463,True,0.5839754646387505,0.10738634570491114,0.8873987793922424,0.9974293,single_softmax
opxrd_352,opxrd,ablation4_cnn_aug_peaks_gate,corrected_ablation_clean,14,18,15,19,monoclinic,orthorhombic,37,Head,Low symmetry,False,0.5052817463874817,190,0.22555255889892578,60,0.05593166872859001,False,1.7290879246244333,0.3179593062916939,0.5052817463874817,0.9974367,single_softmax
opxrd_355,opxrd,ablation4_cnn_aug_peaks_gate,corrected_ablation_clean,166,204,167,205,trigonal,cubic,5,Medium,Medium symmetry,False,0.30443647503852844,1,0.2611751854419708,11,0.10740535706281662,False,2.337999115709488,0.4299310441966393,0.30443647503852844,0.73364365,single_softmax
opxrd_357,opxrd,ablation4_cnn_aug_peaks_gate,corrected_ablation_clean,3,13,4,14,monoclinic,monoclinic,14,Head,Low symmetry,False,0.874239444732666,3,0.12567241489887238,224,5.424968549050391e-05,True,0.37904900013381027,0.06970273484460573,0.874239444732666,0.9851708,single_softmax
opxrd_360,opxrd,ablation4_cnn_aug_peaks_gate,corrected_ablation_clean,226,13,227,14,cubic,monoclinic,13,Head,High symmetry,False,0.9982484579086304,163,0.0011502426350489259,3,0.0005186033085919917,False,0.014348382326399654,0.0026385018517210267,0.9982484579086304,0.8583966,single_softmax
opxrd_369,opxrd,ablation4_cnn_aug_peaks_gate,corrected_ablation_clean,120,120,121,121,tetragonal,tetragonal,2,Tail,Medium symmetry,True,0.8028329610824585,215,0.04529936611652374,205,0.041618939489126205,True,0.9243396222527647,0.16997538464289055,0.8028329610824585,0.3857784,single_softmax
opxrd_373,opxrd,ablation4_cnn_aug_peaks_gate,corrected_ablation_clean,1,128,2,129,triclinic,tetragonal,52,Head,Low symmetry,False,0.47637632489204407,13,0.3548557162284851,165,0.03099493682384491,False,1.425203162088838,0.262078406938689,0.47637632489204407,0.9913936,single_softmax
opxrd_379,opxrd,ablation4_cnn_aug_peaks_gate,corrected_ablation_clean,71,71,72,72,orthorhombic,orthorhombic,6,Head,Low symmetry,True,0.9999613761901855,13,3.4095472074113786e-05,185,2.696377805477823e-06,True,0.00044970665452811836,8.269586171540511e-05,0.9999613761901855,0.9941181,single_softmax
opxrd_381,opxrd,ablation4_cnn_aug_peaks_gate,corrected_ablation_clean,160,11,161,12,trigonal,monoclinic,2,Medium,Medium symmetry,False,0.7888959646224976,13,0.1555318981409073,17,0.040074292570352554,False,0.7034230034751237,0.12935136902488642,0.7888959646224976,0.9957883,single_softmax
opxrd_392,opxrd,ablation4_cnn_aug_peaks_gate,corrected_ablation_clean,28,60,29,61,orthorhombic,orthorhombic,4,Medium,Low symmetry,False,0.38243305683135986,62,0.2186405211687088,61,0.13674959540367126,False,1.78888659668037,0.32895559168198135,0.38243305683135986,0.9806728,single_softmax
opxrd_408,opxrd,ablation4_cnn_aug_peaks_gate,corrected_ablation_clean,1,1,2,2,triclinic,triclinic,52,Head,Low symmetry,True,0.904691755771637,13,0.0594194121658802,162,0.03506922349333763,True,0.38322921144323463,0.07047142744211257,0.904691755771637,0.9652937,single_softmax
opxrd_410,opxrd,ablation4_cnn_aug_peaks_gate,corrected_ablation_clean,11,226,12,227,monoclinic,cubic,10,Head,Low symmetry,False,0.7437747120857239,32,0.12262504547834396,30,0.07202247530221939,False,0.9886335786370023,0.18179830092120586,0.7437747120857239,0.9906494,single_softmax
opxrd_415,opxrd,ablation4_cnn_aug_peaks_gate,corrected_ablation_clean,13,61,14,62,monoclinic,orthorhombic,109,Head,Low symmetry,False,0.9613645076751709,60,0.021106984466314316,226,0.005002512596547604,False,0.23287865813682954,0.04282369654938745,0.9613645076751709,0.97739375,single_softmax
opxrd_429,opxrd,ablation4_cnn_aug_peaks_gate,corrected_ablation_clean,140,226,141,227,tetragonal,cubic,5,Medium,Medium symmetry,False,0.9995642304420471,193,0.00027940692962147295,224,0.00013618243974633515,False,0.004199125880678892,0.0007721707687838723,0.9995642304420471,0.99442035,single_softmax
opxrd_433,opxrd,ablation4_cnn_aug_peaks_gate,corrected_ablation_clean,13,13,14,14,monoclinic,monoclinic,109,Head,Low symmetry,True,0.47556158900260925,14,0.4383464455604553,11,0.02593090385198593,True,1.1287912106786588,0.2075716712749033,0.47556158900260925,0.97633606,single_softmax
opxrd_435,opxrd,ablation4_cnn_aug_peaks_gate,corrected_ablation_clean,139,139,140,140,tetragonal,tetragonal,6,Head,Medium symmetry,True,0.897912859916687,13,0.03291060030460358,124,0.019102202728390694,True,0.5530147386858755,0.1016930256567698,0.897912859916687,0.81553406,single_softmax
opxrd_464,opxrd,ablation4_cnn_aug_peaks_gate,corrected_ablation_clean,73,73,74,74,orthorhombic,orthorhombic,29,Head,Low symmetry,True,0.9998297691345215,14,0.00017021872918121517,1,5.6403997916731896e-08,True,0.0016494019357819031,0.00030330597295178183,0.9998297691345215,0.8635616,single_softmax
opxrd_467,opxrd,ablation4_cnn_aug_peaks_gate,corrected_ablation_clean,59,59,60,60,orthorhombic,orthorhombic,24,Head,Low symmetry,True,0.9999985694885254,224,1.325918901784462e-06,61,4.3385039560916994e-08,True,2.1478489423128293e-05,3.949646226726563e-06,0.9999985694885254,0.98618084,single_softmax
opxrd_482,opxrd,ablation4_cnn_aug_peaks_gate,corrected_ablation_clean,13,14,14,15,monoclinic,monoclinic,109,Head,Low symmetry,False,0.9991278052330017,140,0.0003095325955655426,73,0.0001314760884270072,False,0.008616304869892906,0.0015844389867125783,0.9991278052330017,0.99694103,single_softmax
opxrd_496,opxrd,ablation4_cnn_aug_peaks_gate,corrected_ablation_clean,147,147,148,148,trigonal,trigonal,23,Head,Medium symmetry,True,1.0,44,1.3812246901778735e-09,174,1.1594309956564075e-09,True,8.670374823649147e-08,1.594381826948012e-08,1.0,0.9992872,single_softmax
opxrd_503,opxrd,ablation4_cnn_aug_peaks_gate,corrected_ablation_clean,13,13,14,14,monoclinic,monoclinic,109,Head,Low symmetry,True,1.0,163,2.3776202340286545e-08,12,1.1649045283945725e-08,True,1.4487309109330353e-06,2.6640488831338896e-07,1.0,0.94234794,single_softmax
opxrd_507,opxrd,ablation4_cnn_aug_peaks_gate,corrected_ablation_clean,86,62,87,63,tetragonal,orthorhombic,3,Medium,Medium symmetry,False,0.20396815240383148,224,0.14112712442874908,139,0.12927387654781342,False,2.80926069797054,0.5165906082614318,0.20396815240383148,0.91934794,single_softmax
opxrd_511,opxrd,ablation4_cnn_aug_peaks_gate,corrected_ablation_clean,18,13,19,14,orthorhombic,monoclinic,27,Head,Low symmetry,False,0.5519939064979553,18,0.17212216556072235,1,0.09778521209955215,True,1.543914625430475,0.28390807447348326,0.5519939064979553,0.999458,single_softmax
opxrd_512,opxrd,ablation4_cnn_aug_peaks_gate,corrected_ablation_clean,73,73,74,74,orthorhombic,orthorhombic,29,Head,Low symmetry,True,0.8763407468795776,14,0.11883171647787094,1,0.0005117895780131221,True,0.41198855257049044,0.07575993823673548,0.8763407468795776,0.25705117,single_softmax
opxrd_513,opxrd,ablation4_cnn_aug_peaks_gate,corrected_ablation_clean,13,13,14,14,monoclinic,monoclinic,109,Head,Low symmetry,True,0.9956284761428833,91,0.0036545214243233204,59,0.00034426210913807154,True,0.03130289911853995,0.005756241742774122,0.9956284761428833,0.83372325,single_softmax
opxrd_519,opxrd,ablation4_cnn_aug_peaks_gate,corrected_ablation_clean,147,181,148,182,trigonal,hexagonal,23,Head,Medium symmetry,False,0.3948765695095062,226,0.30039945244789124,13,0.10639873892068863,False,1.614426116187128,0.2968743235388385,0.3948765695095062,0.9897702,single_softmax
opxrd_529,opxrd,ablation4_cnn_aug_peaks_gate,corrected_ablation_clean,226,226,227,227,cubic,cubic,13,Head,High symmetry,True,0.8546005487442017,220,0.14265431463718414,229,0.0008286939701065421,True,0.4341731995257542,0.07983943868073629,0.8546005487442017,0.74855953,single_softmax
opxrd_531,opxrd,ablation4_cnn_aug_peaks_gate,corrected_ablation_clean,13,51,14,52,monoclinic,orthorhombic,109,Head,Low symmetry,False,0.9997956156730652,1,0.00010273481893818825,13,8.131629147101194e-05,True,0.0021537306644279623,0.00039604620346267563,0.9997956156730652,0.9823038,single_softmax
opxrd_535,opxrd,ablation4_cnn_aug_peaks_gate,corrected_ablation_clean,163,120,164,121,trigonal,tetragonal,4,Medium,Medium symmetry,False,0.3103840947151184,87,0.18919436633586884,165,0.139187291264534,False,2.1205652920495677,0.3899474743904507,0.3103840947151184,0.9646207,single_softmax
opxrd_536,opxrd,ablation4_cnn_aug_peaks_gate,corrected_ablation_clean,59,61,60,62,orthorhombic,orthorhombic,24,Head,Low symmetry,False,0.1425400674343109,163,0.10294554382562637,13,0.09057886153459549,False,3.125615339912886,0.5747645744673399,0.1425400674343109,0.67610663,single_softmax
opxrd_540,opxrd,ablation4_cnn_aug_peaks_gate,corrected_ablation_clean,193,193,194,194,hexagonal,hexagonal,4,Medium,Medium symmetry,True,0.9970808625221252,226,0.0011558388359844685,161,0.00016421469626948237,True,0.02774080405223319,0.005101213585964821,0.9970808625221252,0.90751505,single_softmax
opxrd_542,opxrd,ablation4_cnn_aug_peaks_gate,corrected_ablation_clean,57,57,58,58,orthorhombic,orthorhombic,3,Medium,Low symmetry,True,1.0,60,4.067254033568446e-10,0,2.0616833240616472e-10,True,1.7206658526364753e-08,3.164105844894689e-09,1.0,0.88492596,single_softmax
opxrd_544,opxrd,ablation4_cnn_aug_peaks_gate,corrected_ablation_clean,87,87,88,88,tetragonal,tetragonal,11,Head,Medium symmetry,True,0.9996707439422607,226,0.0002985014580190182,14,3.002202538482379e-05,True,0.003076876382659562,0.0005658020429401976,0.9996707439422607,0.9605323,single_softmax
opxrd_545,opxrd,ablation4_cnn_aug_peaks_gate,corrected_ablation_clean,13,13,14,14,monoclinic,monoclinic,109,Head,Low symmetry,True,0.9999995231628418,32,3.955803720145923e-07,28,2.300356882756205e-08,True,7.320503165081681e-06,1.3461560137730371e-06,0.9999995231628418,0.98853,single_softmax
opxrd_553,opxrd,ablation4_cnn_aug_peaks_gate,corrected_ablation_clean,61,61,62,62,orthorhombic,orthorhombic,29,Head,Low symmetry,True,0.9999902248382568,62,6.612970082642278e-06,224,1.529995643068105e-06,True,0.00013234735676964686,2.4337150904085144e-05,0.9999902248382568,0.78777695,single_softmax
opxrd_557,opxrd,ablation4_cnn_aug_peaks_gate,corrected_ablation_clean,62,69,63,70,orthorhombic,orthorhombic,10,Head,Low symmetry,False,0.7044761776924133,12,0.23479413986206055,13,0.03407858684659004,False,0.8721738679316918,0.1603827046988016,0.7044761776924133,0.33237547,single_softmax
opxrd_558,opxrd,ablation4_cnn_aug_peaks_gate,corrected_ablation_clean,14,13,15,14,monoclinic,monoclinic,37,Head,Low symmetry,False,0.9998880624771118,165,7.227325113490224e-05,197,9.97875577013474e-06,False,0.0012931435837468298,0.00023779417516492374,0.9998880624771118,0.998803,single_softmax
opxrd_560,opxrd,ablation4_cnn_aug_peaks_gate,corrected_ablation_clean,128,13,129,14,tetragonal,monoclinic,29,Head,Medium symmetry,False,0.6182044148445129,44,0.07754618674516678,124,0.06520625948905945,False,1.5099612803225708,0.27766444631377785,0.6182044148445129,0.9937437,single_softmax
opxrd_561,opxrd,ablation4_cnn_aug_peaks_gate,corrected_ablation_clean,61,61,62,62,orthorhombic,orthorhombic,29,Head,Low symmetry,True,1.0,13,2.642195795488078e-09,59,1.1603911165281033e-09,True,9.342261233084816e-08,1.717933980432274e-08,1.0,0.9915877,single_softmax
opxrd_564,opxrd,ablation4_cnn_aug_peaks_gate,corrected_ablation_clean,91,124,92,125,tetragonal,tetragonal,3,Medium,Medium symmetry,False,0.8059287667274475,91,0.1784338802099228,13,0.005867311730980873,True,0.5854914215103336,0.1076651126712361,0.8059287667274475,0.86753553,single_softmax
opxrd_576,opxrd,ablation4_cnn_aug_peaks_gate,corrected_ablation_clean,175,175,176,176,hexagonal,hexagonal,5,Head,Medium symmetry,True,0.9999258518218994,13,1.9997121853521094e-05,60,9.134914762398694e-06,True,0.000971239069541311,0.00017859965152542578,0.9999258518218994,0.93835044,single_softmax
opxrd_586,opxrd,ablation4_cnn_aug_peaks_gate,corrected_ablation_clean,61,12,62,13,orthorhombic,monoclinic,29,Head,Low symmetry,False,0.7651718854904175,175,0.12976884841918945,69,0.03313085436820984,False,0.9727297250730481,0.17887376586746767,0.7651718854904175,0.8393956,single_softmax
opxrd_588,opxrd,ablation4_cnn_aug_peaks_gate,corrected_ablation_clean,1,1,2,2,triclinic,triclinic,52,Head,Low symmetry,True,0.998329222202301,224,0.0006472649984061718,60,0.0003507208020891994,True,0.01581123217513967,0.0029075030496880493,0.998329222202301,0.99889153,single_softmax
opxrd_600,opxrd,ablation4_cnn_aug_peaks_gate,corrected_ablation_clean,13,13,14,14,monoclinic,monoclinic,109,Head,Low symmetry,True,0.4745209515094757,166,0.22524571418762207,59,0.054011985659599304,True,1.978278968705248,0.3637826622828292,0.4745209515094757,0.9914698,single_softmax
opxrd_608,opxrd,ablation4_cnn_aug_peaks_gate,corrected_ablation_clean,18,18,19,19,orthorhombic,orthorhombic,27,Head,Low symmetry,True,0.5725398063659668,3,0.3507882058620453,13,0.03571019321680069,True,1.0162584889482116,0.18687820298623833,0.5725398063659668,0.99946886,single_softmax
opxrd_613,opxrd,ablation4_cnn_aug_peaks_gate,corrected_ablation_clean,122,45,123,46,tetragonal,orthorhombic,3,Medium,Medium symmetry,False,0.45079898834228516,13,0.4501320719718933,226,0.02298404835164547,False,1.2188881537227494,0.22413945889364084,0.45079898834228516,0.8859535,single_softmax
opxrd_618,opxrd,ablation4_cnn_aug_peaks_gate,corrected_ablation_clean,128,128,129,129,tetragonal,tetragonal,29,Head,Medium symmetry,True,1.0,13,1.0772048184004568e-11,1,7.933059591180847e-12,True,5.719642994003354e-10,1.0517763109151696e-10,1.0,0.999941,single_softmax
opxrd_619,opxrd,ablation4_cnn_aug_peaks_gate,corrected_ablation_clean,13,13,14,14,monoclinic,monoclinic,109,Head,Low symmetry,True,0.9953218102455139,1,0.0018696343759074807,59,0.0013984829420223832,True,0.03704581259402126,0.0068122972265656,0.9953218102455139,0.99025273,single_softmax
opxrd_624,opxrd,ablation4_cnn_aug_peaks_gate,corrected_ablation_clean,13,14,14,15,monoclinic,monoclinic,109,Head,Low symmetry,False,0.6271301507949829,73,0.1646326631307602,166,0.08548635244369507,False,1.3267261438537516,0.24396962024381716,0.6271301507949829,0.9937882,single_softmax
opxrd_627,opxrd,ablation4_cnn_aug_peaks_gate,corrected_ablation_clean,73,73,74,74,orthorhombic,orthorhombic,29,Head,Low symmetry,True,0.8538999557495117,14,0.14053010940551758,1,0.0005824473919346929,True,0.45973474107567536,0.08453991105302734,0.8538999557495117,0.2610609,single_softmax
opxrd_629,opxrd,ablation4_cnn_aug_peaks_gate,corrected_ablation_clean,128,128,129,129,tetragonal,tetragonal,29,Head,Medium symmetry,True,1.0,13,4.165282702084383e-12,1,1.7105341665671348e-12,True,1.9565741096321183e-10,3.597913892910001e-11,1.0,0.9999285,single_softmax
opxrd_631,opxrd,ablation4_cnn_aug_peaks_gate,corrected_ablation_clean,165,165,166,166,trigonal,trigonal,12,Head,Medium symmetry,True,0.9999758005142212,13,7.33988872525515e-06,1,5.622120170301059e-06,True,0.0003198738098420347,5.882110055238851e-05,0.9999758005142212,0.8396973,single_softmax
opxrd_632,opxrd,ablation4_cnn_aug_peaks_gate,corrected_ablation_clean,165,165,166,166,trigonal,trigonal,12,Head,Medium symmetry,True,1.0,13,2.0421122570724037e-09,138,1.9257335726052816e-09,True,1.0060762745265684e-07,1.8500581131204272e-08,1.0,0.9868875,single_softmax
opxrd_633,opxrd,ablation4_cnn_aug_peaks_gate,corrected_ablation_clean,197,226,198,227,cubic,cubic,3,Medium,High symmetry,False,0.9973894953727722,45,0.0012206985848024487,224,0.00042599497828632593,False,0.023502732671402196,0.004321881189345143,0.9973894953727722,0.55853647,single_softmax
opxrd_634,opxrd,ablation4_cnn_aug_peaks_gate,corrected_ablation_clean,192,192,193,193,hexagonal,hexagonal,6,Head,Medium symmetry,True,0.9999912977218628,60,1.8544969861977734e-06,25,1.405882812832715e-06,True,0.00013096330604032603,2.408263995441036e-05,0.9999912977218628,0.94722044,single_softmax
opxrd_635,opxrd,ablation4_cnn_aug_peaks_gate,corrected_ablation_clean,1,1,2,2,triclinic,triclinic,52,Head,Low symmetry,True,0.5487483739852905,192,0.10753141343593597,13,0.09817890077829361,True,1.84462304082854,0.3392048802601589,0.5487483739852905,0.88288367,single_softmax
opxrd_642,opxrd,ablation4_cnn_aug_peaks_gate,corrected_ablation_clean,139,139,140,140,tetragonal,tetragonal,6,Head,Medium symmetry,True,0.9994682669639587,60,0.00020896185014862567,59,0.00014217707212083042,True,0.005567142115324323,0.0010237331600128287,0.9994682669639587,0.67377603,single_softmax
opxrd_646,opxrd,ablation4_cnn_aug_peaks_gate,corrected_ablation_clean,18,18,19,19,orthorhombic,orthorhombic,27,Head,Low symmetry,True,0.9974474906921387,13,0.0014196352567523718,42,0.00024580827448517084,True,0.02220792904703427,0.004083781751875867,0.9974474906921387,0.6011355,single_softmax
opxrd_651,opxrd,ablation4_cnn_aug_peaks_gate,corrected_ablation_clean,13,13,14,14,monoclinic,monoclinic,109,Head,Low symmetry,True,0.9999991655349731,163,1.9449845467534033e-07,32,1.922240500107364e-07,True,1.381255590731956e-05,2.539969559593387e-06,0.9999991655349731,0.8839339,single_softmax
opxrd_666,opxrd,ablation4_cnn_aug_peaks_gate,corrected_ablation_clean,13,59,14,60,monoclinic,orthorhombic,109,Head,Low symmetry,False,0.6042487025260925,166,0.31644096970558167,192,0.020946700125932693,False,1.0079583629415305,0.18535190564205256,0.6042487025260925,0.9996251,single_softmax
opxrd_667,opxrd,ablation4_cnn_aug_peaks_gate,corrected_ablation_clean,1,1,2,2,triclinic,triclinic,52,Head,Low symmetry,True,0.9987492561340332,13,0.0005195046542212367,60,0.0004703302984125912,True,0.011470115161907539,0.0021092217509749334,0.9987492561340332,0.998547,single_softmax
opxrd_670,opxrd,ablation4_cnn_aug_peaks_gate,corrected_ablation_clean,14,13,15,14,monoclinic,monoclinic,37,Head,Low symmetry,False,0.45117896795272827,18,0.3199947476387024,160,0.2232385128736496,False,1.097456026584685,0.2018094926978905,0.45117896795272827,0.99458224,single_softmax
opxrd_676,opxrd,ablation4_cnn_aug_peaks_gate,corrected_ablation_clean,13,13,14,14,monoclinic,monoclinic,109,Head,Low symmetry,True,0.5564090013504028,8,0.31138312816619873,1,0.04238104447722435,True,1.3163325348843646,0.24205835555293034,0.5564090013504028,0.9994524,single_softmax
opxrd_677,opxrd,ablation4_cnn_aug_peaks_gate,corrected_ablation_clean,18,1,19,2,orthorhombic,triclinic,27,Head,Low symmetry,False,0.9689317345619202,18,0.02769971266388893,162,0.002437056740745902,True,0.15194468110009468,0.027940872589109322,0.9689317345619202,0.99996996,single_softmax
opxrd_683,opxrd,ablation4_cnn_aug_peaks_gate,corrected_ablation_clean,1,1,2,2,triclinic,triclinic,52,Head,Low symmetry,True,0.7978181838989258,11,0.1864807903766632,8,0.015171024948358536,True,0.5617015339706185,0.10329042701693185,0.7978181838989258,0.9959661,single_softmax
opxrd_691,opxrd,ablation4_cnn_aug_peaks_gate,corrected_ablation_clean,25,25,26,26,orthorhombic,orthorhombic,5,Medium,Low symmetry,True,0.9983229041099548,12,0.001498808735050261,197,0.00013726625184062868,True,0.013140798536999756,0.0024164411349127217,0.9983229041099548,0.943964,single_softmax
opxrd_695,opxrd,ablation4_cnn_aug_peaks_gate,corrected_ablation_clean,147,147,148,148,trigonal,trigonal,23,Head,Medium symmetry,True,1.0,220,1.532593785213976e-08,174,1.4145008719879115e-08,True,6.993653236626778e-07,1.2860520855499633e-07,1.0,0.9992986,single_softmax
opxrd_707,opxrd,ablation4_cnn_aug_peaks_gate,corrected_ablation_clean,190,190,191,191,hexagonal,hexagonal,5,Head,Medium symmetry,True,0.999868631362915,224,0.00011258475569775328,139,6.589893473574193e-06,True,0.001392527248453035,0.0002560696836782198,0.999868631362915,0.9138416,single_softmax
opxrd_708,opxrd,ablation4_cnn_aug_peaks_gate,corrected_ablation_clean,44,44,45,45,orthorhombic,orthorhombic,3,Medium,Low symmetry,True,1.0,147,1.0340811540388017e-09,174,1.0476099154832497e-10,True,2.4631603872204746e-08,4.5294675698803105e-09,1.0,0.99831367,single_softmax
opxrd_710,opxrd,ablation4_cnn_aug_peaks_gate,corrected_ablation_clean,8,13,9,14,monoclinic,monoclinic,2,Tail,Low symmetry,False,0.6994532942771912,145,0.16071975231170654,220,0.06631030887365341,False,1.0044905694358774,0.1847142184534963,0.6994532942771912,0.99616927,single_softmax
opxrd_727,opxrd,ablation4_cnn_aug_peaks_gate,corrected_ablation_clean,1,224,2,225,triclinic,cubic,52,Head,Low symmetry,False,0.3280089497566223,226,0.29639115929603577,11,0.0891248807311058,False,2.041512410296807,0.3754105621348599,0.3280089497566223,0.9979317,single_softmax
opxrd_730,opxrd,ablation4_cnn_aug_peaks_gate,corrected_ablation_clean,13,8,14,9,monoclinic,monoclinic,109,Head,Low symmetry,False,0.6349729895591736,13,0.2848471701145172,161,0.04173076152801514,True,1.0044803528099437,0.18471233973394235,0.6349729895591736,0.9112225,single_softmax
opxrd_735,opxrd,ablation4_cnn_aug_peaks_gate,corrected_ablation_clean,61,62,62,63,orthorhombic,orthorhombic,29,Head,Low symmetry,False,0.8414804935455322,60,0.03548882156610489,139,0.028807934373617172,False,0.8066656662096952,0.1483365027218451,0.8414804935455322,0.4471395,single_softmax
opxrd_738,opxrd,ablation4_cnn_aug_peaks_gate,corrected_ablation_clean,60,1,61,2,orthorhombic,triclinic,11,Head,Low symmetry,False,0.9755064249038696,13,0.013827180489897728,18,0.006117961835116148,False,0.15210777959597405,0.02797086451946086,0.9755064249038696,0.961437,single_softmax
opxrd_740,opxrd,ablation4_cnn_aug_peaks_gate,corrected_ablation_clean,3,3,4,4,monoclinic,monoclinic,14,Head,Low symmetry,True,0.5437830090522766,18,0.18028998374938965,13,0.14584121108055115,True,1.5915920616929582,0.2926754045461158,0.5437830090522766,0.99932027,single_softmax
opxrd_742,opxrd,ablation4_cnn_aug_peaks_gate,corrected_ablation_clean,220,220,221,221,cubic,cubic,14,Head,High symmetry,True,1.0,51,1.5272776099362062e-11,157,1.157575944821243e-11,True,8.378280985417632e-10,1.5406691424433512e-10,1.0,0.99985754,single_softmax
opxrd_743,opxrd,ablation4_cnn_aug_peaks_gate,corrected_ablation_clean,71,71,72,72,orthorhombic,orthorhombic,6,Head,Low symmetry,True,0.9996870756149292,13,0.0003076742868870497,1,4.111439466214506e-06,True,0.002871251885937802,0.0005279900720142943,0.9996870756149292,0.98971784,single_softmax
opxrd_745,opxrd,ablation4_cnn_aug_peaks_gate,corrected_ablation_clean,73,73,74,74,orthorhombic,orthorhombic,29,Head,Low symmetry,True,0.8403115272521973,14,0.15379731357097626,1,0.000618484802544117,True,0.4857518842944888,0.08932416331211496,0.8403115272521973,0.26226178,single_softmax
opxrd_749,opxrd,ablation4_cnn_aug_peaks_gate,corrected_ablation_clean,62,51,63,52,orthorhombic,orthorhombic,10,Head,Low symmetry,False,0.9846979379653931,13,0.01302033755928278,58,0.0010946321999654174,False,0.08899600724721564,0.016365338236458693,0.9846979379653931,0.990352,single_softmax
opxrd_752,opxrd,ablation4_cnn_aug_peaks_gate,corrected_ablation_clean,35,35,36,36,orthorhombic,orthorhombic,6,Head,Low symmetry,True,0.9605538249015808,13,0.03270610049366951,32,0.0037951257545500994,True,0.19113103354472566,0.03514679038076991,0.9605538249015808,0.8981195,single_softmax
opxrd_755,opxrd,ablation4_cnn_aug_peaks_gate,corrected_ablation_clean,4,13,5,14,monoclinic,monoclinic,3,Medium,Low symmetry,False,0.8426132798194885,3,0.06924129277467728,224,0.011002877727150917,False,0.8394623948772395,0.1543674424717912,0.8426132798194885,0.99097556,single_softmax
opxrd_756,opxrd,ablation4_cnn_aug_peaks_gate,corrected_ablation_clean,166,166,167,167,trigonal,trigonal,5,Medium,Medium symmetry,True,0.7252574563026428,61,0.0984189435839653,229,0.08212709426879883,True,1.1930068130660039,0.21938017915781985,0.7252574563026428,0.63183385,single_softmax
opxrd_760,opxrd,ablation4_cnn_aug_peaks_gate,corrected_ablation_clean,13,13,14,14,monoclinic,monoclinic,109,Head,Low symmetry,True,0.7998484373092651,91,0.12569747865200043,122,0.039856940507888794,True,0.775869623211336,0.14267346596770533,0.7998484373092651,0.89966947,single_softmax
opxrd_773,opxrd,ablation4_cnn_aug_peaks_gate,corrected_ablation_clean,165,165,166,166,trigonal,trigonal,12,Head,Medium symmetry,True,0.9430631399154663,13,0.04151960462331772,10,0.008769511245191097,True,0.27844585713697617,0.051202978353052334,0.9430631399154663,0.9569396,single_softmax
opxrd_779,opxrd,ablation4_cnn_aug_peaks_gate,corrected_ablation_clean,1,13,2,14,triclinic,monoclinic,52,Head,Low symmetry,False,0.9906566143035889,197,0.006503504700958729,35,0.0011607656488195062,False,0.06418412276096944,0.011802719143071612,0.9906566143035889,0.9780936,single_softmax
opxrd_781,opxrd,ablation4_cnn_aug_peaks_gate,corrected_ablation_clean,73,73,74,74,orthorhombic,orthorhombic,29,Head,Low symmetry,True,0.880954384803772,14,0.11479488015174866,1,0.00046153858420439065,True,0.39862097627433407,0.07330179529015839,0.880954384803772,0.25879127,single_softmax
opxrd_782,opxrd,ablation4_cnn_aug_peaks_gate,corrected_ablation_clean,12,13,13,14,monoclinic,monoclinic,5,Medium,Low symmetry,False,0.4681829512119293,12,0.3101804256439209,3,0.21313808858394623,True,1.1025361516598298,0.2027436690470307,0.4681829512119293,0.99545276,single_softmax
opxrd_787,opxrd,ablation4_cnn_aug_peaks_gate,corrected_ablation_clean,216,216,217,217,cubic,cubic,2,Medium,High symmetry,True,0.9999922513961792,13,5.695976597053232e-06,14,1.981402874662308e-06,True,0.00010417641576262855,1.9156840098247245e-05,0.9999922513961792,0.9654018,single_softmax
opxrd_797,opxrd,ablation4_cnn_aug_peaks_gate,corrected_ablation_clean,11,226,12,227,monoclinic,cubic,10,Head,Low symmetry,False,0.8369331955909729,13,0.06293602287769318,61,0.05057362839579582,False,0.7417964901663698,0.13640781018937628,0.8369331955909729,0.9385875,single_softmax
opxrd_801,opxrd,ablation4_cnn_aug_peaks_gate,corrected_ablation_clean,87,87,88,88,tetragonal,tetragonal,11,Head,Medium symmetry,True,0.9977179765701294,226,0.0016915012383833528,14,0.0005868271691724658,True,0.017493829369770494,0.003216913247488934,0.9977179765701294,0.9582576,single_softmax
opxrd_803,opxrd,ablation4_cnn_aug_peaks_gate,corrected_ablation_clean,124,124,125,125,tetragonal,tetragonal,13,Head,Medium symmetry,True,0.9999967813491821,13,2.6297000204067444e-06,10,3.120046301319235e-07,True,4.5595101207327695e-05,8.384412697422771e-06,0.9999967813491821,0.9785283,single_softmax
opxrd_805,opxrd,ablation4_cnn_aug_peaks_gate,corrected_ablation_clean,138,138,139,139,tetragonal,tetragonal,11,Head,Medium symmetry,True,0.6552833914756775,91,0.16221439838409424,13,0.04275718331336975,True,1.4161370904434325,0.26041126103470613,0.6552833914756775,0.7700497,single_softmax
opxrd_808,opxrd,ablation4_cnn_aug_peaks_gate,corrected_ablation_clean,128,60,129,61,tetragonal,orthorhombic,29,Head,Medium symmetry,False,0.5571490526199341,1,0.18943342566490173,61,0.05719984322786331,False,1.567671737321773,0.28827673306445223,0.5571490526199341,0.9989826,single_softmax
opxrd_809,opxrd,ablation4_cnn_aug_peaks_gate,corrected_ablation_clean,61,13,62,14,orthorhombic,monoclinic,29,Head,Low symmetry,False,0.8343206644058228,147,0.0538681223988533,32,0.022779416292905807,False,0.8766039510492831,0.16119734583695527,0.8343206644058228,0.8687911,single_softmax
opxrd_816,opxrd,ablation4_cnn_aug_peaks_gate,corrected_ablation_clean,13,13,14,14,monoclinic,monoclinic,109,Head,Low symmetry,True,0.9985051155090332,1,0.0006093830452300608,163,0.00030901830177754164,True,0.013979530717517542,0.0025706742993944413,0.9985051155090332,0.99382365,single_softmax
opxrd_817,opxrd,ablation4_cnn_aug_peaks_gate,corrected_ablation_clean,13,14,14,15,monoclinic,monoclinic,109,Head,Low symmetry,False,0.6224706768989563,73,0.274152010679245,140,0.025975041091442108,False,1.1421397310183306,0.21002631005109187,0.6224706768989563,0.98974717,single_softmax
opxrd_818,opxrd,ablation4_cnn_aug_peaks_gate,corrected_ablation_clean,190,190,191,191,hexagonal,hexagonal,5,Head,Medium symmetry,True,0.9999593496322632,224,3.2450239814352244e-05,220,4.263024948159e-06,True,0.00048574919724483646,8.932366919470701e-05,0.9999593496322632,0.9216844,single_softmax
opxrd_823,opxrd,ablation4_cnn_aug_peaks_gate,corrected_ablation_clean,13,13,14,14,monoclinic,monoclinic,109,Head,Low symmetry,True,0.9467716813087463,35,0.01866067573428154,61,0.006814233958721161,True,0.32881385007504216,0.06046507073471703,0.9467716813087463,0.9899615,single_softmax
opxrd_824,opxrd,ablation4_cnn_aug_peaks_gate,corrected_ablation_clean,13,13,14,14,monoclinic,monoclinic,109,Head,Low symmetry,True,1.0,18,6.386158268867348e-09,1,2.1196326915884356e-09,True,2.0556968096801933e-07,3.780189094166127e-08,1.0,0.99984825,single_softmax
opxrd_826,opxrd,ablation4_cnn_aug_peaks_gate,corrected_ablation_clean,124,124,125,125,tetragonal,tetragonal,13,Head,Medium symmetry,True,0.9999743700027466,13,2.5076793463085778e-05,91,3.185486434631457e-07,True,0.00030182844796934887,5.550276684528797e-05,0.9999743700027466,0.9340323,single_softmax
opxrd_831,opxrd,ablation4_cnn_aug_peaks_gate,corrected_ablation_clean,222,163,223,164,cubic,trigonal,1,Tail,High symmetry,False,0.5520126223564148,166,0.3044789731502533,165,0.04202033579349518,False,1.3379258616873604,0.24602911904796873,0.5520126223564148,0.77774006,single_softmax
opxrd_833,opxrd,ablation4_cnn_aug_peaks_gate,corrected_ablation_clean,138,138,139,139,tetragonal,tetragonal,11,Head,Medium symmetry,True,0.9579585194587708,220,0.015840819105505943,13,0.0055231498554348946,True,0.2635194512155142,0.04845818463572466,0.9579585194587708,0.8761858,single_softmax
opxrd_836,opxrd,ablation4_cnn_aug_peaks_gate,corrected_ablation_clean,11,1,12,2,monoclinic,triclinic,10,Head,Low symmetry,False,0.5320389866828918,13,0.211957648396492,11,0.2088940590620041,True,1.236857812555968,0.22744387168580674,0.5320389866828918,0.9617058,single_softmax
opxrd_850,opxrd,ablation4_cnn_aug_peaks_gate,corrected_ablation_clean,18,1,19,2,orthorhombic,triclinic,27,Head,Low symmetry,False,0.8603487610816956,13,0.10250096023082733,4,0.027491290122270584,False,0.533648474083323,0.09813179318802391,0.8603487610816956,0.9948272,single_softmax
opxrd_862,opxrd,ablation4_cnn_aug_peaks_gate,corrected_ablation_clean,224,224,225,225,cubic,cubic,289,Head,High symmetry,True,1.0,50,3.981961461951844e-12,45,1.7460780542787047e-13,True,1.1246770165584567e-10,2.0681511847629822e-11,1.0,0.8511819,single_softmax
opxrd_866,opxrd,ablation4_cnn_aug_peaks_gate,corrected_ablation_clean,224,224,225,225,cubic,cubic,289,Head,High symmetry,True,1.0,50,8.950041402444597e-11,45,6.705987761618237e-13,True,2.1045325694417594e-09,3.8699924180739505e-10,1.0,0.80961967,single_softmax
opxrd_871,opxrd,ablation4_cnn_aug_peaks_gate,corrected_ablation_clean,224,224,225,225,cubic,cubic,289,Head,High symmetry,True,1.0,50,1.0835516511820131e-11,62,1.7983290095772986e-13,True,2.8698782397881197e-10,5.277374743466898e-11,1.0,0.7905014,single_softmax
opxrd_875,opxrd,ablation4_cnn_aug_peaks_gate,corrected_ablation_clean,224,224,225,225,cubic,cubic,289,Head,High symmetry,True,1.0,50,4.181959899901555e-12,190,5.514102087260386e-13,True,1.2885317744082506e-10,2.3694611667283595e-11,1.0,0.8589942,single_softmax
opxrd_883,opxrd,ablation4_cnn_aug_peaks_gate,corrected_ablation_clean,224,224,225,225,cubic,cubic,289,Head,High symmetry,True,1.0,50,1.0603005973219837e-10,45,9.164531113159402e-13,True,2.4816806948253565e-09,4.5635242773183436e-10,1.0,0.80802417,single_softmax
opxrd_885,opxrd,ablation4_cnn_aug_peaks_gate,corrected_ablation_clean,224,224,225,225,cubic,cubic,289,Head,High symmetry,True,1.0,50,3.3533173460220667e-10,45,6.961367246538508e-12,True,7.675563213489165e-09,1.4114474573577006e-09,1.0,0.88219994,single_softmax
opxrd_886,opxrd,ablation4_cnn_aug_peaks_gate,corrected_ablation_clean,224,224,225,225,cubic,cubic,289,Head,High symmetry,True,1.0,50,5.5318263858517014e-11,45,1.6493866006068308e-13,True,1.3144777701686478e-09,2.417172857357481e-10,1.0,0.7779291,single_softmax
opxrd_898,opxrd,ablation4_cnn_aug_peaks_gate,corrected_ablation_clean,224,224,225,225,cubic,cubic,289,Head,High symmetry,True,1.0,50,1.4371547354952163e-11,45,4.202074885967244e-13,True,3.8141119601230247e-10,7.013711539411631e-11,1.0,0.8619258,single_softmax
opxrd_901,opxrd,ablation4_cnn_aug_peaks_gate,corrected_ablation_clean,224,224,225,225,cubic,cubic,289,Head,High symmetry,True,1.0,50,5.817560842780178e-12,45,6.482407926416967e-13,True,1.8003460399055336e-10,3.3106285098700105e-11,1.0,0.82897156,single_softmax
opxrd_904,opxrd,ablation4_cnn_aug_peaks_gate,corrected_ablation_clean,224,224,225,225,cubic,cubic,289,Head,High symmetry,True,1.0,50,2.50590104222681e-10,45,1.0958161461571692e-11,True,6.0520999354887165e-09,1.1129113040992232e-09,1.0,0.8526467,single_softmax
opxrd_907,opxrd,ablation4_cnn_aug_peaks_gate,corrected_ablation_clean,224,224,225,225,cubic,cubic,289,Head,High symmetry,True,1.0,190,4.577190189369862e-12,50,1.084760753444769e-12,True,1.533551894948374e-10,2.820024879799032e-11,1.0,0.8836663,single_softmax
opxrd_910,opxrd,ablation4_cnn_aug_peaks_gate,corrected_ablation_clean,224,224,225,225,cubic,cubic,289,Head,High symmetry,True,1.0,50,1.1245904207868307e-10,45,8.405580376701083e-13,True,2.618435384863093e-09,4.815000363394064e-10,1.0,0.8263523,single_softmax
opxrd_913,opxrd,ablation4_cnn_aug_peaks_gate,corrected_ablation_clean,224,224,225,225,cubic,cubic,289,Head,High symmetry,True,1.0,50,6.160707360924889e-11,45,7.369949377340757e-13,True,1.4990905132781243e-09,2.7566543776187813e-10,1.0,0.77828485,single_softmax
opxrd_917,opxrd,ablation4_cnn_aug_peaks_gate,corrected_ablation_clean,224,224,225,225,cubic,cubic,289,Head,High symmetry,True,1.0,50,3.153112146381254e-11,45,1.2714957125375959e-12,True,8.357282453730857e-10,1.5368077549030262e-10,1.0,0.8686488,single_softmax
opxrd_927,opxrd,ablation4_cnn_aug_peaks_gate,corrected_ablation_clean,224,224,225,225,cubic,cubic,289,Head,High symmetry,True,1.0,50,2.8202156322071348e-12,45,1.733121160691145e-13,True,8.286140074062913e-11,1.5237254926507622e-11,1.0,0.8475534,single_softmax
opxrd_930,opxrd,ablation4_cnn_aug_peaks_gate,corrected_ablation_clean,224,224,225,225,cubic,cubic,289,Head,High symmetry,True,1.0,190,2.3770238555265166e-10,50,9.132585312987551e-12,True,5.591379109865435e-09,1.0281900634826517e-09,1.0,0.86108637,single_softmax
opxrd_935,opxrd,ablation4_cnn_aug_peaks_gate,corrected_ablation_clean,224,224,225,225,cubic,cubic,289,Head,High symmetry,True,1.0,50,8.5555632023393e-11,45,8.027226344568816e-13,True,2.0241981343090727e-09,3.7222666668130813e-10,1.0,0.843012,single_softmax
opxrd_938,opxrd,ablation4_cnn_aug_peaks_gate,corrected_ablation_clean,224,224,225,225,cubic,cubic,289,Head,High symmetry,True,1.0,50,4.903385683596717e-11,45,1.683565179627644e-12,True,1.2533183266547389e-09,2.3047077018501792e-10,1.0,0.85279375,single_softmax
opxrd_943,opxrd,ablation4_cnn_aug_peaks_gate,corrected_ablation_clean,224,224,225,225,cubic,cubic,289,Head,High symmetry,True,1.0,50,1.1349677274397063e-11,45,1.097939122431113e-12,True,3.3380365681404014e-10,6.138263858460299e-11,1.0,0.81644005,single_softmax
opxrd_944,opxrd,ablation4_cnn_aug_peaks_gate,corrected_ablation_clean,224,224,225,225,cubic,cubic,289,Head,High symmetry,True,1.0,50,5.642408762440709e-10,45,1.6944742484148456e-11,True,1.2883721223304393e-08,2.3691675849897677e-09,1.0,0.89945745,single_softmax
opxrd_950,opxrd,ablation4_cnn_aug_peaks_gate,corrected_ablation_clean,224,224,225,225,cubic,cubic,289,Head,High symmetry,True,1.0,50,8.705523801832982e-11,45,4.49989741649337e-12,True,2.219524927050668e-09,4.081450087365792e-10,1.0,0.847095,single_softmax
opxrd_958,opxrd,ablation4_cnn_aug_peaks_gate,corrected_ablation_clean,224,224,225,225,cubic,cubic,289,Head,High symmetry,True,1.0,50,1.8962449666037884e-11,45,3.585120698576527e-12,True,6.229587280116204e-10,1.1455491776102353e-10,1.0,0.809075,single_softmax
opxrd_965,opxrd,ablation4_cnn_aug_peaks_gate,corrected_ablation_clean,224,224,225,225,cubic,cubic,289,Head,High symmetry,True,1.0,50,9.530685962655383e-11,45,3.6735062691403697e-13,True,2.2182142086711818e-09,4.079039827593862e-10,1.0,0.7819431,single_softmax
opxrd_970,opxrd,ablation4_cnn_aug_peaks_gate,corrected_ablation_clean,224,224,225,225,cubic,cubic,289,Head,High symmetry,True,1.0,50,2.2324822546160306e-11,45,9.55836646811259e-13,True,5.943956335641968e-10,1.0930249446507138e-10,1.0,0.85227543,single_softmax
opxrd_983,opxrd,ablation4_cnn_aug_peaks_gate,corrected_ablation_clean,224,224,225,225,cubic,cubic,289,Head,High symmetry,True,1.0,50,9.63073440440887e-11,45,1.2648825129663033e-12,True,2.2875564311711317e-09,4.2065521689202713e-10,1.0,0.8583379,single_softmax
opxrd_986,opxrd,ablation4_cnn_aug_peaks_gate,corrected_ablation_clean,224,224,225,225,cubic,cubic,289,Head,High symmetry,True,1.0,50,4.0222214447993565e-11,45,1.8487586407513884e-13,True,9.736524045268693e-10,1.7904343596630335e-10,1.0,0.77993506,single_softmax
opxrd_994,opxrd,ablation4_cnn_aug_peaks_gate,corrected_ablation_clean,224,224,225,225,cubic,cubic,289,Head,High symmetry,True,1.0,50,1.1300734653607591e-10,45,4.074462989223093e-12,True,2.794624100927914e-09,5.138991070509567e-10,1.0,0.8610065,single_softmax
opxrd_998,opxrd,ablation4_cnn_aug_peaks_gate,corrected_ablation_clean,224,224,225,225,cubic,cubic,289,Head,High symmetry,True,1.0,50,2.351666361644078e-10,45,1.3292953543464492e-11,True,5.812628888756537e-09,1.0688753433990477e-09,1.0,0.8525585,single_softmax
opxrd_1005,opxrd,ablation4_cnn_aug_peaks_gate,corrected_ablation_clean,224,224,225,225,cubic,cubic,289,Head,High symmetry,True,1.0,50,4.899124994572901e-10,45,2.3407059276947528e-11,True,1.160824468802661e-08,2.1346221760648024e-09,1.0,0.8713893,single_softmax
opxrd_1015,opxrd,ablation4_cnn_aug_peaks_gate,corrected_ablation_clean,224,224,225,225,cubic,cubic,289,Head,High symmetry,True,1.0,50,3.664776121459212e-11,45,5.55113138615837e-13,True,9.150082498843348e-10,1.6825945299895182e-10,1.0,0.7899544,single_softmax
opxrd_1016,opxrd,ablation4_cnn_aug_peaks_gate,corrected_ablation_clean,224,224,225,225,cubic,cubic,289,Head,High symmetry,True,1.0,50,2.7596621168801683e-11,45,3.5089563633211585e-13,True,6.998344035979453e-10,1.2869146693936704e-10,1.0,0.7933742,single_softmax
opxrd_1024,opxrd,ablation4_cnn_aug_peaks_gate,corrected_ablation_clean,224,224,225,225,cubic,cubic,289,Head,High symmetry,True,1.0,50,1.2761052631260483e-11,45,1.2839759637450765e-12,True,3.7781796740775213e-10,6.947636213907381e-11,1.0,0.82836556,single_softmax
opxrd_1027,opxrd,ablation4_cnn_aug_peaks_gate,corrected_ablation_clean,224,224,225,225,cubic,cubic,289,Head,High symmetry,True,1.0,50,4.523832350389334e-11,45,1.6267703330241634e-12,True,1.1603065446122857e-09,2.1336697732752267e-10,1.0,0.86716783,single_softmax
opxrd_1037,opxrd,ablation4_cnn_aug_peaks_gate,corrected_ablation_clean,224,224,225,225,cubic,cubic,289,Head,High symmetry,True,1.0,50,9.428709896175391e-11,45,9.818089266935837e-13,True,2.227066846530896e-09,4.095318806543632e-10,1.0,0.84283984,single_softmax
opxrd_1039,opxrd,ablation4_cnn_aug_peaks_gate,corrected_ablation_clean,224,224,225,225,cubic,cubic,289,Head,High symmetry,True,1.0,50,2.040537183667368e-11,45,1.645001517815159e-12,True,5.752405351526472e-10,1.057800930208485e-10,1.0,0.83157766,single_softmax
opxrd_1054,opxrd,ablation4_cnn_aug_peaks_gate,corrected_ablation_clean,224,224,225,225,cubic,cubic,289,Head,High symmetry,True,1.0,50,3.8944744651381313e-10,45,2.316376430944178e-11,True,9.46009196647232e-09,1.7396016918969007e-09,1.0,0.85735744,single_softmax
opxrd_1058,opxrd,ablation4_cnn_aug_peaks_gate,corrected_ablation_clean,224,224,225,225,cubic,cubic,289,Head,High symmetry,True,1.0,50,2.4691772931850764e-11,45,1.1317289336579273e-12,True,6.536571637582904e-10,1.2020000566849444e-10,1.0,0.85016555,single_softmax
opxrd_1061,opxrd,ablation4_cnn_aug_peaks_gate,corrected_ablation_clean,224,224,225,225,cubic,cubic,289,Head,High symmetry,True,1.0,50,5.633418731498807e-10,45,1.597185057822248e-11,True,1.280936274789968e-08,2.355493919862689e-09,1.0,0.8918452,single_softmax
opxrd_1067,opxrd,ablation4_cnn_aug_peaks_gate,corrected_ablation_clean,224,224,225,225,cubic,cubic,289,Head,High symmetry,True,1.0,50,2.39163105986151e-10,45,1.0092340158029955e-11,True,5.784510020657589e-09,1.0637046081998002e-09,1.0,0.85420984,single_softmax
opxrd_1068,opxrd,ablation4_cnn_aug_peaks_gate,corrected_ablation_clean,224,224,225,225,cubic,cubic,289,Head,High symmetry,True,1.0,50,2.233786766669965e-10,45,3.8268737137525655e-12,True,5.164202509190237e-09,9.496372185518587e-10,1.0,0.8703024,single_softmax
opxrd_1072,opxrd,ablation4_cnn_aug_peaks_gate,corrected_ablation_clean,224,224,225,225,cubic,cubic,289,Head,High symmetry,True,1.0,50,5.351311060941555e-11,45,2.1225100670096975e-12,True,1.367973625129035e-09,2.515545558308362e-10,1.0,0.86108756,single_softmax
opxrd_1079,opxrd,ablation4_cnn_aug_peaks_gate,corrected_ablation_clean,224,224,225,225,cubic,cubic,289,Head,High symmetry,True,1.0,50,1.514641745359313e-10,45,2.089910492927838e-12,True,3.5335348572533592e-09,6.497762641039969e-10,1.0,0.8582789,single_softmax
opxrd_1081,opxrd,ablation4_cnn_aug_peaks_gate,corrected_ablation_clean,224,224,225,225,cubic,cubic,289,Head,High symmetry,True,1.0,50,1.1918710463021398e-10,45,7.422144496227467e-13,True,2.7614477791022673e-09,5.077983645017981e-10,1.0,0.80528015,single_softmax
opxrd_1082,opxrd,ablation4_cnn_aug_peaks_gate,corrected_ablation_clean,224,224,225,225,cubic,cubic,289,Head,High symmetry,True,1.0,50,7.766162712918856e-11,45,7.23998443662166e-13,True,1.8449512880274705e-09,3.392652411302903e-10,1.0,0.83299905,single_softmax
opxrd_1083,opxrd,ablation4_cnn_aug_peaks_gate,corrected_ablation_clean,224,224,225,225,cubic,cubic,289,Head,High symmetry,True,1.0,50,2.6514264742094618e-11,45,8.528590160483684e-13,True,6.937231722168583e-10,1.2756768204511968e-10,1.0,0.8701727,single_softmax
opxrd_1084,opxrd,ablation4_cnn_aug_peaks_gate,corrected_ablation_clean,224,224,225,225,cubic,cubic,289,Head,High symmetry,True,1.0,50,1.8379815724944848e-10,45,2.5969649607854306e-12,True,4.252243133877848e-09,7.819384183861494e-10,1.0,0.836152,single_softmax
opxrd_1087,opxrd,ablation4_cnn_aug_peaks_gate,corrected_ablation_clean,224,224,225,225,cubic,cubic,289,Head,High symmetry,True,1.0,50,1.0939909568519202e-11,45,1.4646135866602794e-12,True,3.3836978378147974e-10,6.222229661606038e-11,1.0,0.8222366,single_softmax
opxrd_1091,opxrd,ablation4_cnn_aug_peaks_gate,corrected_ablation_clean,224,224,225,225,cubic,cubic,289,Head,High symmetry,True,1.0,50,2.0738899486616447e-10,45,8.851959963640521e-12,True,5.04555132750788e-09,9.278186361182289e-10,1.0,0.84708196,single_softmax
opxrd_1092,opxrd,ablation4_cnn_aug_peaks_gate,corrected_ablation_clean,224,224,225,225,cubic,cubic,289,Head,High symmetry,True,1.0,50,1.4145661204889581e-11,190,3.209955088193106e-13,True,3.7835387026819e-10,6.95749084878846e-11,1.0,0.8095726,single_softmax
opxrd_1094,opxrd,ablation4_cnn_aug_peaks_gate,corrected_ablation_clean,224,224,225,225,cubic,cubic,289,Head,High symmetry,True,1.0,50,2.4973220713597755e-10,45,4.4273287293228325e-12,True,5.751070111420077e-09,1.0575553949688272e-09,1.0,0.87415045,single_softmax
opxrd_1100,opxrd,ablation4_cnn_aug_peaks_gate,corrected_ablation_clean,224,224,225,225,cubic,cubic,289,Head,High symmetry,True,1.0,50,3.458532505523637e-12,45,5.750296614738526e-13,True,1.170766005477924e-10,2.1529035142184228e-11,1.0,0.8188758,single_softmax
opxrd_1105,opxrd,ablation4_cnn_aug_peaks_gate,corrected_ablation_clean,224,224,225,225,cubic,cubic,289,Head,High symmetry,True,1.0,50,6.2767161260190996e-12,190,1.1998569997805075e-13,True,1.67257866357697e-10,3.075679056082322e-11,1.0,0.81493145,single_softmax
opxrd_1113,opxrd,ablation4_cnn_aug_peaks_gate,corrected_ablation_clean,224,224,225,225,cubic,cubic,289,Head,High symmetry,True,1.0,50,3.463069067621838e-11,45,1.5788204077438195e-12,True,9.16321616605665e-10,1.6850096597563368e-10,1.0,0.8495626,single_softmax
opxrd_1117,opxrd,ablation4_cnn_aug_peaks_gate,corrected_ablation_clean,224,224,225,225,cubic,cubic,289,Head,High symmetry,True,1.0,50,1.997112752949448e-10,45,8.345677447729738e-12,True,4.8585679774992095e-09,8.9343455685299e-10,1.0,0.8497147,single_softmax
opxrd_1118,opxrd,ablation4_cnn_aug_peaks_gate,corrected_ablation_clean,224,224,225,225,cubic,cubic,289,Head,High symmetry,True,1.0,50,2.1941930911095753e-11,45,1.4740222931131086e-11,True,1.1057914937774286e-09,2.0334228887816432e-10,1.0,0.8210095,single_softmax
opxrd_1120,opxrd,ablation4_cnn_aug_peaks_gate,corrected_ablation_clean,224,224,225,225,cubic,cubic,289,Head,High symmetry,True,1.0,50,3.0037450304831737e-10,45,2.047668111460066e-11,True,7.447879123516643e-09,1.3695789819202567e-09,1.0,0.8427877,single_softmax
opxrd_1123,opxrd,ablation4_cnn_aug_peaks_gate,corrected_ablation_clean,224,224,225,225,cubic,cubic,289,Head,High symmetry,True,1.0,50,3.6987853752057376e-11,45,1.1513174311486574e-12,True,9.521109301055244e-10,1.75082207525593e-10,1.0,0.862913,single_softmax
opxrd_1126,opxrd,ablation4_cnn_aug_peaks_gate,corrected_ablation_clean,224,224,225,225,cubic,cubic,289,Head,High symmetry,True,1.0,50,2.3408500138266675e-10,45,4.963198688839876e-12,True,5.455110388312127e-09,1.0031318188686556e-09,1.0,0.8865725,single_softmax
opxrd_1135,opxrd,ablation4_cnn_aug_peaks_gate,corrected_ablation_clean,224,224,225,225,cubic,cubic,289,Head,High symmetry,True,1.0,50,6.607697028426784e-11,45,2.5513150619937974e-12,True,1.6799636868455816e-09,3.089259261241327e-10,1.0,0.86047304,single_softmax
opxrd_1138,opxrd,ablation4_cnn_aug_peaks_gate,corrected_ablation_clean,224,224,225,225,cubic,cubic,289,Head,High symmetry,True,1.0,50,4.751593007945587e-10,45,2.5499881720070228e-11,True,1.1350854126978671e-08,2.0872910235702825e-09,1.0,0.86555064,single_softmax
opxrd_1140,opxrd,ablation4_cnn_aug_peaks_gate,corrected_ablation_clean,224,224,225,225,cubic,cubic,289,Head,High symmetry,True,1.0,50,2.620083039417409e-10,45,1.469242089102707e-11,True,6.435809828302311e-09,1.1834711232956766e-09,1.0,0.85452074,single_softmax
opxrd_1142,opxrd,ablation4_cnn_aug_peaks_gate,corrected_ablation_clean,224,224,225,225,cubic,cubic,289,Head,High symmetry,True,1.0,190,6.872198990426348e-12,50,2.1945886405881632e-13,True,1.8212901190415109e-10,3.349142253319119e-11,1.0,0.8801395,single_softmax
opxrd_1145,opxrd,ablation4_cnn_aug_peaks_gate,corrected_ablation_clean,224,224,225,225,cubic,cubic,289,Head,High symmetry,True,1.0,50,4.829430744202057e-10,45,1.3657045112858146e-11,True,1.1062398053863733e-08,2.034247282071033e-09,1.0,0.88975394,single_softmax
opxrd_1152,opxrd,ablation4_cnn_aug_peaks_gate,corrected_ablation_clean,224,224,225,225,cubic,cubic,289,Head,High symmetry,True,1.0,50,5.360614729887914e-12,45,2.1252230118957993e-13,True,1.4943087399376342e-10,2.7478612485214472e-11,1.0,0.8536424,single_softmax
opxrd_1175,opxrd,ablation4_cnn_aug_peaks_gate,corrected_ablation_clean,224,224,225,225,cubic,cubic,289,Head,High symmetry,True,1.0,50,8.71199271577916e-13,62,3.5753946461478114e-13,True,4.411993076966832e-11,8.113145885399857e-12,1.0,0.86880326,single_softmax
opxrd_1180,opxrd,ablation4_cnn_aug_peaks_gate,corrected_ablation_clean,224,224,225,225,cubic,cubic,289,Head,High symmetry,True,1.0,50,2.6950970968830923e-11,45,1.0168580387437398e-12,True,7.095398494235251e-10,1.3047618637324037e-10,1.0,0.8654445,single_softmax
opxrd_1183,opxrd,ablation4_cnn_aug_peaks_gate,corrected_ablation_clean,224,224,225,225,cubic,cubic,289,Head,High symmetry,True,1.0,50,4.519985774553703e-11,45,1.4647840232417941e-12,True,1.1538227714048891e-09,2.1217468629256893e-10,1.0,0.8536206,single_softmax
opxrd_1185,opxrd,ablation4_cnn_aug_peaks_gate,corrected_ablation_clean,224,224,225,225,cubic,cubic,289,Head,High symmetry,True,1.0,50,8.439103305057927e-10,45,4.743196807543981e-11,True,1.9798149350340977e-08,3.640651087573279e-09,1.0,0.87503374,single_softmax
opxrd_1188,opxrd,ablation4_cnn_aug_peaks_gate,corrected_ablation_clean,224,224,225,225,cubic,cubic,289,Head,High symmetry,True,1.0,50,3.599174777657588e-11,45,9.332085885299657e-13,True,9.156015789742751e-10,1.6836855936835814e-10,1.0,0.8581096,single_softmax
opxrd_1190,opxrd,ablation4_cnn_aug_peaks_gate,corrected_ablation_clean,224,224,225,225,cubic,cubic,289,Head,High symmetry,True,1.0,50,1.250872599944941e-10,45,1.7432603754627407e-12,True,2.9436544843075066e-09,5.413040739360576e-10,1.0,0.8593539,single_softmax
opxrd_aug_source_715_label_52,opxrd,ablation4_cnn_aug_peaks_gate,corrected_ablation_clean,52,52,53,53,orthorhombic,orthorhombic,1,Tail,Low symmetry,True,1.0,3,2.7300015581488424e-09,100,2.6283328846687937e-09,True,2.7314110577613667e-07,5.022749582337773e-08,1.0,0.9476139,single_softmax
