sample_id,dataset,model_name,perturbation_type,true_label,pred_label,true_sg,pred_sg,true_crystal_system,pred_crystal_system,class_count_train,class_frequency_group,symmetry_level,correct,top1_prob,top2_label,top2_prob,top3_label,top3_prob,top3_hit,predictive_entropy,normalized_predictive_entropy,max_probability,gate_weight,uncertainty_source
opxrd_10,opxrd,candidate_ablation1,clean,147,1,148,2,trigonal,triclinic,23,Head,Medium symmetry,False,0.6103026270866394,13,0.2556772530078888,17,0.025271840393543243,False,1.335876196072431,0.2456522092056341,0.6103026270866394,,single_softmax
opxrd_23,opxrd,candidate_ablation1,clean,59,59,60,60,orthorhombic,orthorhombic,24,Head,Low symmetry,True,0.9912729859352112,13,0.002216723747551441,18,0.0009620123892091215,True,0.07640258557218843,0.014049553386766816,0.9912729859352112,,single_softmax
opxrd_31,opxrd,candidate_ablation1,clean,14,14,15,15,monoclinic,monoclinic,37,Head,Low symmetry,True,0.12231014668941498,87,0.08154065907001495,226,0.039214517921209335,True,3.9797687825356816,0.7318335310052186,0.12231014668941498,,single_softmax
opxrd_43,opxrd,candidate_ablation1,clean,61,61,62,62,orthorhombic,orthorhombic,29,Head,Low symmetry,True,0.8296882510185242,138,0.02070959284901619,165,0.018268413841724396,True,1.0646035419001976,0.1957683000601552,0.8296882510185242,,single_softmax
opxrd_44,opxrd,candidate_ablation1,clean,13,13,14,14,monoclinic,monoclinic,109,Head,Low symmetry,True,0.6610308885574341,18,0.13627587258815765,166,0.025544321164488792,True,1.6065619333170196,0.2954281911043217,0.6610308885574341,,single_softmax
opxrd_49,opxrd,candidate_ablation1,clean,25,25,26,26,orthorhombic,orthorhombic,5,Medium,Low symmetry,True,0.577029824256897,14,0.07145924866199493,13,0.04742627590894699,True,2.205216551650356,0.4055138636966689,0.577029824256897,,single_softmax
opxrd_51,opxrd,candidate_ablation1,clean,10,124,11,125,monoclinic,tetragonal,13,Head,Low symmetry,False,0.34471410512924194,13,0.09764663875102997,1,0.08437862247228622,False,2.8892383928424215,0.5312975829722728,0.34471410512924194,,single_softmax
opxrd_54,opxrd,candidate_ablation1,clean,1,13,2,14,triclinic,monoclinic,52,Head,Low symmetry,False,0.935846209526062,28,0.008253837004303932,1,0.0076935249380767345,True,0.44845083028600063,0.0824649301362983,0.935846209526062,,single_softmax
opxrd_56,opxrd,candidate_ablation1,clean,128,128,129,129,tetragonal,tetragonal,29,Head,Medium symmetry,True,0.9884865283966064,13,0.005653067491948605,1,0.0021414062939584255,True,0.0890815202551906,0.016381063091341675,0.9884865283966064,,single_softmax
opxrd_58,opxrd,candidate_ablation1,clean,198,198,199,199,cubic,cubic,2,Medium,High symmetry,True,0.8984820246696472,4,0.015536683611571789,202,0.01108381524682045,True,0.6532350297080958,0.12012238009037865,0.8984820246696472,,single_softmax
opxrd_59,opxrd,candidate_ablation1,clean,1,1,2,2,triclinic,triclinic,52,Head,Low symmetry,True,0.9504680633544922,18,0.04031981900334358,11,0.0021119515877217054,True,0.2437803204465761,0.04482838638387705,0.9504680633544922,,single_softmax
opxrd_70,opxrd,candidate_ablation1,clean,32,18,33,19,orthorhombic,orthorhombic,9,Head,Low symmetry,False,0.5305488705635071,13,0.15372011065483093,12,0.0675375908613205,False,1.8676978351534113,0.343448068528305,0.5305488705635071,,single_softmax
opxrd_76,opxrd,candidate_ablation1,clean,128,128,129,129,tetragonal,tetragonal,29,Head,Medium symmetry,True,0.9817166924476624,14,0.0015817576786503196,10,0.0012990391114726663,True,0.16222781500477057,0.029831822191076798,0.9817166924476624,,single_softmax
opxrd_78,opxrd,candidate_ablation1,clean,220,13,221,14,cubic,monoclinic,14,Head,High symmetry,False,0.21310387551784515,61,0.06298517435789108,226,0.04143013432621956,False,3.8297305856559865,0.7042432388530793,0.21310387551784515,,single_softmax
opxrd_81,opxrd,candidate_ablation1,clean,147,147,148,148,trigonal,trigonal,23,Head,Medium symmetry,True,0.8899111747741699,220,0.03520796447992325,44,0.01761581376194954,True,0.6522691119829338,0.11994475897264743,0.8899111747741699,,single_softmax
opxrd_83,opxrd,candidate_ablation1,clean,1,1,2,2,triclinic,triclinic,52,Head,Low symmetry,True,0.2906508147716522,18,0.181269109249115,13,0.1812061220407486,True,2.607584509055126,0.47950468555624265,0.2906508147716522,,single_softmax
opxrd_86,opxrd,candidate_ablation1,clean,14,13,15,14,monoclinic,monoclinic,37,Head,Low symmetry,False,0.23484165966510773,1,0.11094700545072556,14,0.09666699171066284,True,3.2382268051856364,0.5954725227843071,0.23484165966510773,,single_softmax
opxrd_88,opxrd,candidate_ablation1,clean,59,61,60,62,orthorhombic,orthorhombic,24,Head,Low symmetry,False,0.38891828060150146,165,0.12334174662828445,138,0.1084369570016861,False,2.3062872170247584,0.42409959215571474,0.38891828060150146,,single_softmax
opxrd_96,opxrd,candidate_ablation1,clean,160,160,161,161,trigonal,trigonal,2,Medium,Medium symmetry,True,0.2878674268722534,14,0.1611889898777008,1,0.12817910313606262,True,2.611056134256623,0.480143077349426,0.2878674268722534,,single_softmax
opxrd_101,opxrd,candidate_ablation1,clean,73,73,74,74,orthorhombic,orthorhombic,29,Head,Low symmetry,True,0.8759658336639404,14,0.11517532169818878,1,0.005445404909551144,True,0.4245629124939699,0.07807221785039366,0.8759658336639404,,single_softmax
opxrd_107,opxrd,candidate_ablation1,clean,87,87,88,88,tetragonal,tetragonal,11,Head,Medium symmetry,True,0.5773957967758179,14,0.27219003438949585,147,0.014470160938799381,True,1.502573283833215,0.2763058790569096,0.5773957967758179,,single_softmax
opxrd_109,opxrd,candidate_ablation1,clean,14,14,15,15,monoclinic,monoclinic,37,Head,Low symmetry,True,0.28144243359565735,13,0.14651595056056976,128,0.08557721972465515,True,3.1940418228469007,0.5873474146664034,0.28144243359565735,,single_softmax
opxrd_113,opxrd,candidate_ablation1,clean,14,14,15,15,monoclinic,monoclinic,37,Head,Low symmetry,True,0.6595930457115173,73,0.2885631024837494,1,0.008071959018707275,True,0.9738943014957748,0.1790879180260829,0.6595930457115173,,single_softmax
opxrd_128,opxrd,candidate_ablation1,clean,161,11,162,12,trigonal,monoclinic,2,Medium,Medium symmetry,False,0.47539740800857544,13,0.19872094690799713,12,0.04302603006362915,False,2.1283964328882545,0.3913875307768732,0.47539740800857544,,single_softmax
opxrd_129,opxrd,candidate_ablation1,clean,73,73,74,74,orthorhombic,orthorhombic,29,Head,Low symmetry,True,0.9903918504714966,1,0.0070442999713122845,14,0.000588260474614799,True,0.06792368136910815,0.012490380796332638,0.9903918504714966,,single_softmax
opxrd_135,opxrd,candidate_ablation1,clean,13,1,14,2,monoclinic,triclinic,109,Head,Low symmetry,False,0.9099327325820923,18,0.07907211780548096,13,0.003241038415580988,True,0.3646630227535617,0.06705731969653259,0.9099327325820923,,single_softmax
opxrd_140,opxrd,candidate_ablation1,clean,147,13,148,14,trigonal,monoclinic,23,Head,Medium symmetry,False,0.9936326146125793,32,0.0021597854793071747,35,0.001463275752030313,False,0.05222919541576021,0.009604346028947896,0.9936326146125793,,single_softmax
opxrd_155,opxrd,candidate_ablation1,clean,59,59,60,60,orthorhombic,orthorhombic,24,Head,Low symmetry,True,0.9895917773246765,13,0.002413507318124175,223,0.0008975956006906927,True,0.09100631070354419,0.01673500983227928,0.9895917773246765,,single_softmax
opxrd_156,opxrd,candidate_ablation1,clean,3,3,4,4,monoclinic,monoclinic,14,Head,Low symmetry,True,0.5860660076141357,13,0.17960670590400696,163,0.05387483909726143,True,1.719236077364295,0.3161476653242713,0.5860660076141357,,single_softmax
opxrd_158,opxrd,candidate_ablation1,clean,61,61,62,62,orthorhombic,orthorhombic,29,Head,Low symmetry,True,0.5358498692512512,62,0.08754102140665054,138,0.027700528502464294,True,2.3464364261801203,0.4314825681798934,0.5358498692512512,,single_softmax
opxrd_163,opxrd,candidate_ablation1,clean,61,13,62,14,orthorhombic,monoclinic,29,Head,Low symmetry,False,0.7500916719436646,1,0.03493404760956764,59,0.03183387592434883,False,1.4114290815754116,0.259545512559818,0.7500916719436646,,single_softmax
opxrd_168,opxrd,candidate_ablation1,clean,226,226,227,227,cubic,cubic,13,Head,High symmetry,True,0.4755960702896118,224,0.12380757182836533,61,0.0750741958618164,True,2.357156476273251,0.4334538616245367,0.4755960702896118,,single_softmax
opxrd_170,opxrd,candidate_ablation1,clean,59,59,60,60,orthorhombic,orthorhombic,24,Head,Low symmetry,True,0.9795711040496826,13,0.004883198533207178,18,0.0026409802958369255,True,0.1621377859208586,0.029815266881968994,0.9795711040496826,,single_softmax
opxrd_174,opxrd,candidate_ablation1,clean,197,13,198,14,cubic,monoclinic,3,Medium,High symmetry,False,0.8415090441703796,18,0.04547684267163277,32,0.01937621831893921,False,0.8472148175704184,0.15579302350008886,0.8415090441703796,,single_softmax
opxrd_178,opxrd,candidate_ablation1,clean,192,192,193,193,hexagonal,hexagonal,6,Head,Medium symmetry,True,0.16882777214050293,61,0.08559440076351166,62,0.06344632059335709,True,3.877035831385487,0.7129421273837925,0.16882777214050293,,single_softmax
opxrd_184,opxrd,candidate_ablation1,clean,13,13,14,14,monoclinic,monoclinic,109,Head,Low symmetry,True,0.9177921414375305,35,0.021464237943291664,32,0.016950184479355812,True,0.4994552571428735,0.09184405536773453,0.9177921414375305,,single_softmax
opxrd_192,opxrd,candidate_ablation1,clean,10,10,11,11,monoclinic,monoclinic,13,Head,Low symmetry,True,0.9848035573959351,13,0.004339692648500204,1,0.0017374942544847727,True,0.12542867725966067,0.023064885621261202,0.9848035573959351,,single_softmax
opxrd_198,opxrd,candidate_ablation1,clean,61,18,62,19,orthorhombic,orthorhombic,29,Head,Low symmetry,False,0.5099498629570007,4,0.11330889165401459,198,0.054833222180604935,False,2.1842563228720406,0.40165951961898644,0.5099498629570007,,single_softmax
opxrd_199,opxrd,candidate_ablation1,clean,18,1,19,2,orthorhombic,triclinic,27,Head,Low symmetry,False,0.2495187222957611,11,0.1401350051164627,3,0.04798421263694763,False,3.3942957740062907,0.6241718042685923,0.2495187222957611,,single_softmax
opxrd_208,opxrd,candidate_ablation1,clean,18,162,19,163,orthorhombic,trigonal,27,Head,Low symmetry,False,0.3406359553337097,3,0.18114717304706573,60,0.1215384304523468,False,2.5415978156303556,0.4673704944795338,0.3406359553337097,,single_softmax
opxrd_209,opxrd,candidate_ablation1,clean,73,73,74,74,orthorhombic,orthorhombic,29,Head,Low symmetry,True,0.8841916918754578,14,0.10716851055622101,1,0.0053426530212163925,True,0.40641768059567174,0.07473551919862442,0.8841916918754578,,single_softmax
opxrd_210,opxrd,candidate_ablation1,clean,138,138,139,139,tetragonal,tetragonal,11,Head,Medium symmetry,True,0.355431467294693,61,0.20196017622947693,226,0.08900690823793411,True,2.5269213526414704,0.46467166238181085,0.355431467294693,,single_softmax
opxrd_218,opxrd,candidate_ablation1,clean,147,13,148,14,trigonal,monoclinic,23,Head,Medium symmetry,False,0.36618345975875854,226,0.04369230195879936,32,0.0372212678194046,False,3.3257751136127487,0.61157164592204,0.36618345975875854,,single_softmax
opxrd_220,opxrd,candidate_ablation1,clean,165,128,166,129,trigonal,tetragonal,12,Head,Medium symmetry,False,0.1895153671503067,1,0.15001174807548523,13,0.12834931910037994,False,3.334558033606416,0.613186723506373,0.1895153671503067,,single_softmax
opxrd_231,opxrd,candidate_ablation1,clean,3,3,4,4,monoclinic,monoclinic,14,Head,Low symmetry,True,0.6208825707435608,1,0.09476903825998306,13,0.06475633382797241,True,1.694710182437464,0.311637636408991,0.6208825707435608,,single_softmax
opxrd_233,opxrd,candidate_ablation1,clean,60,13,61,14,orthorhombic,monoclinic,11,Head,Low symmetry,False,0.14061078429222107,192,0.10022256523370743,128,0.09071902185678482,False,3.6454415425161217,0.6703546115141088,0.14061078429222107,,single_softmax
opxrd_240,opxrd,candidate_ablation1,clean,1,1,2,2,triclinic,triclinic,52,Head,Low symmetry,True,0.3135439157485962,220,0.13804908096790314,14,0.12399405986070633,True,2.858364687950921,0.5256202650926235,0.3135439157485962,,single_softmax
opxrd_243,opxrd,candidate_ablation1,clean,73,73,74,74,orthorhombic,orthorhombic,29,Head,Low symmetry,True,0.9935243129730225,1,0.004398714751005173,14,0.000679911463521421,True,0.049334730590087444,0.009072087365319486,0.9935243129730225,,single_softmax
opxrd_244,opxrd,candidate_ablation1,clean,28,13,29,14,orthorhombic,monoclinic,4,Medium,Low symmetry,False,0.36890146136283875,1,0.3160562813282013,28,0.04036641865968704,True,2.2623879584547284,0.41602702534007513,0.36890146136283875,,single_softmax
opxrd_247,opxrd,candidate_ablation1,clean,18,18,19,19,orthorhombic,orthorhombic,27,Head,Low symmetry,True,0.41712039709091187,13,0.3450372517108917,1,0.13110339641571045,True,1.6041994412261922,0.29499375608478257,0.41712039709091187,,single_softmax
opxrd_260,opxrd,candidate_ablation1,clean,147,147,148,148,trigonal,trigonal,23,Head,Medium symmetry,True,0.9735792279243469,3,0.004586325027048588,12,0.0035248142667114735,True,0.20710715996723078,0.038084615578775086,0.9735792279243469,,single_softmax
opxrd_265,opxrd,candidate_ablation1,clean,165,165,166,166,trigonal,trigonal,12,Head,Medium symmetry,True,0.46765539050102234,124,0.07823041826486588,61,0.06652308255434036,True,2.476243880633884,0.45535266037232724,0.46765539050102234,,single_softmax
opxrd_266,opxrd,candidate_ablation1,clean,140,140,141,141,tetragonal,tetragonal,5,Medium,Medium symmetry,True,0.8965684175491333,226,0.016629066318273544,147,0.014476987533271313,True,0.6593253190815171,0.12124231399120058,0.8965684175491333,,single_softmax
opxrd_270,opxrd,candidate_ablation1,clean,13,13,14,14,monoclinic,monoclinic,109,Head,Low symmetry,True,0.5032268762588501,73,0.22586597502231598,1,0.07392629235982895,True,1.706419481824359,0.3137908413774588,0.5032268762588501,,single_softmax
opxrd_274,opxrd,candidate_ablation1,clean,163,61,164,62,trigonal,orthorhombic,4,Medium,Medium symmetry,False,0.33474886417388916,138,0.27948278188705444,139,0.14642328023910522,False,2.1387638102949023,0.39329397178622666,0.33474886417388916,,single_softmax
opxrd_275,opxrd,candidate_ablation1,clean,1,1,2,2,triclinic,triclinic,52,Head,Low symmetry,True,0.4373982846736908,13,0.11957620829343796,10,0.10113406181335449,True,2.328107366159849,0.42811206565886617,0.4373982846736908,,single_softmax
opxrd_277,opxrd,candidate_ablation1,clean,224,224,225,225,cubic,cubic,289,Head,High symmetry,True,0.5313787460327148,61,0.11256109923124313,139,0.03358979895710945,True,2.27480573130053,0.418310510398012,0.5313787460327148,,single_softmax
opxrd_289,opxrd,candidate_ablation1,clean,32,32,33,33,orthorhombic,orthorhombic,9,Head,Low symmetry,True,0.37252235412597656,35,0.2905777394771576,13,0.1253546178340912,True,2.0846507694739578,0.38334320833705227,0.37252235412597656,,single_softmax
opxrd_292,opxrd,candidate_ablation1,clean,224,13,225,14,cubic,monoclinic,289,Head,High symmetry,False,0.21388864517211914,226,0.14838872849941254,61,0.10270662605762482,False,3.2970075066547935,0.606281615136584,0.21388864517211914,,single_softmax
opxrd_294,opxrd,candidate_ablation1,clean,204,224,205,225,cubic,cubic,4,Medium,High symmetry,False,0.4704588055610657,13,0.12027373909950256,14,0.03138893470168114,False,2.577097869674037,0.47389854455512403,0.4704588055610657,,single_softmax
opxrd_296,opxrd,candidate_ablation1,clean,61,14,62,15,orthorhombic,monoclinic,29,Head,Low symmetry,False,0.21564984321594238,57,0.1652093082666397,13,0.15985026955604553,False,2.8483294476334233,0.5237749002593025,0.21564984321594238,,single_softmax
opxrd_306,opxrd,candidate_ablation1,clean,60,18,61,19,orthorhombic,orthorhombic,11,Head,Low symmetry,False,0.47397324442863464,147,0.1697610318660736,224,0.16381075978279114,False,1.7314049441200619,0.31838537942597617,0.47397324442863464,,single_softmax
opxrd_308,opxrd,candidate_ablation1,clean,32,1,33,2,orthorhombic,triclinic,9,Head,Low symmetry,False,0.41772034764289856,28,0.20611773431301117,13,0.058538228273391724,False,2.258859278341499,0.41537814180734706,0.41772034764289856,,single_softmax
opxrd_309,opxrd,candidate_ablation1,clean,14,18,15,19,monoclinic,orthorhombic,37,Head,Low symmetry,False,0.5963685512542725,1,0.17957764863967896,4,0.042422663420438766,False,1.704370717425935,0.31341409725843455,0.5963685512542725,,single_softmax
opxrd_314,opxrd,candidate_ablation1,clean,226,226,227,227,cubic,cubic,13,Head,High symmetry,True,0.23385502398014069,147,0.2336483746767044,61,0.11337248235940933,True,2.8974485115322333,0.5328073290100587,0.23385502398014069,,single_softmax
opxrd_319,opxrd,candidate_ablation1,clean,32,35,33,36,orthorhombic,orthorhombic,9,Head,Low symmetry,False,0.3744959235191345,32,0.31942296028137207,13,0.1077861338853836,True,2.0284659481584812,0.3730114683745099,0.3744959235191345,,single_softmax
opxrd_321,opxrd,candidate_ablation1,clean,175,61,176,62,hexagonal,orthorhombic,5,Head,Medium symmetry,False,0.15475070476531982,35,0.07182437926530838,147,0.06811399757862091,False,3.7429396165145654,0.6882833816661846,0.15475070476531982,,single_softmax
opxrd_323,opxrd,candidate_ablation1,clean,59,59,60,60,orthorhombic,orthorhombic,24,Head,Low symmetry,True,0.9701073169708252,13,0.006150146946310997,18,0.003976849373430014,True,0.22866072103542004,0.042048066614294666,0.9701073169708252,,single_softmax
opxrd_328,opxrd,candidate_ablation1,clean,62,12,63,13,orthorhombic,monoclinic,10,Head,Low symmetry,False,0.29290539026260376,62,0.20879928767681122,13,0.14392566680908203,True,2.3388185877582566,0.43008173564525864,0.29290539026260376,,single_softmax
opxrd_331,opxrd,candidate_ablation1,clean,165,165,166,166,trigonal,trigonal,12,Head,Medium symmetry,True,0.9298888444900513,13,0.021313022822141647,61,0.019045155495405197,True,0.40860096217898545,0.07513699947489241,0.9298888444900513,,single_softmax
opxrd_332,opxrd,candidate_ablation1,clean,73,14,74,15,orthorhombic,monoclinic,29,Head,Low symmetry,False,0.7150101661682129,73,0.2728959321975708,1,0.003809534013271332,True,0.6841704161718394,0.12581104049902378,0.7150101661682129,,single_softmax
opxrd_333,opxrd,candidate_ablation1,clean,13,13,14,14,monoclinic,monoclinic,109,Head,Low symmetry,True,0.20295511186122894,3,0.14332526922225952,224,0.12069263309240341,True,3.0956873121564312,0.5692611556945855,0.20295511186122894,,single_softmax
opxrd_342,opxrd,candidate_ablation1,clean,59,59,60,60,orthorhombic,orthorhombic,24,Head,Low symmetry,True,0.9937449097633362,13,0.0016613542102277279,18,0.0005776325706392527,True,0.05695084604106112,0.01047260306549999,0.9937449097633362,,single_softmax
opxrd_344,opxrd,candidate_ablation1,clean,60,60,61,61,orthorhombic,orthorhombic,11,Head,Low symmetry,True,0.8402427434921265,13,0.0198080874979496,1,0.010965662077069283,True,1.032251154440704,0.18981906952826366,0.8402427434921265,,single_softmax
opxrd_352,opxrd,candidate_ablation1,clean,14,13,15,14,monoclinic,monoclinic,37,Head,Low symmetry,False,0.1954202502965927,18,0.16888432204723358,59,0.15808771550655365,False,3.090967882272034,0.5683933070266463,0.1954202502965927,,single_softmax
opxrd_354,opxrd,candidate_ablation1,clean,61,61,62,62,orthorhombic,orthorhombic,29,Head,Low symmetry,True,0.2580873966217041,59,0.17527374625205994,226,0.05129217356443405,True,3.231091550156473,0.5941604317639618,0.2580873966217041,,single_softmax
opxrd_361,opxrd,candidate_ablation1,clean,1,1,2,2,triclinic,triclinic,52,Head,Low symmetry,True,0.4311063587665558,14,0.3968348205089569,13,0.06376703828573227,True,1.4519872032240062,0.2670036828704355,0.4311063587665558,,single_softmax
opxrd_363,opxrd,candidate_ablation1,clean,1,60,2,61,triclinic,orthorhombic,52,Head,Low symmetry,False,0.3690551817417145,13,0.28272879123687744,57,0.1474316418170929,False,1.881674740018008,0.3460182599636639,0.3690551817417145,,single_softmax
opxrd_376,opxrd,candidate_ablation1,clean,56,13,57,14,orthorhombic,monoclinic,2,Tail,Low symmetry,False,0.23282907903194427,62,0.16775640845298767,51,0.12600867450237274,False,3.130667768407845,0.5756936577351526,0.23282907903194427,,single_softmax
opxrd_377,opxrd,candidate_ablation1,clean,14,14,15,15,monoclinic,monoclinic,37,Head,Low symmetry,True,0.8013660311698914,12,0.05446228012442589,147,0.04009008780121803,True,1.0002030520105605,0.18392579350017105,0.8013660311698914,,single_softmax
opxrd_381,opxrd,candidate_ablation1,clean,160,13,161,14,trigonal,monoclinic,2,Medium,Medium symmetry,False,0.2679370641708374,17,0.128656804561615,11,0.07811945676803589,False,3.329143867446258,0.6121911208583437,0.2679370641708374,,single_softmax
opxrd_382,opxrd,candidate_ablation1,clean,14,193,15,194,monoclinic,hexagonal,37,Head,Low symmetry,False,0.14640562236309052,166,0.126158207654953,87,0.05212409421801567,False,3.5673272291612337,0.65599029115072,0.14640562236309052,,single_softmax
opxrd_398,opxrd,candidate_ablation1,clean,14,18,15,19,monoclinic,orthorhombic,37,Head,Low symmetry,False,0.7420218586921692,13,0.0901721641421318,1,0.06367547065019608,False,1.2345422878728545,0.22701807343028774,0.7420218586921692,,single_softmax
opxrd_405,opxrd,candidate_ablation1,clean,61,61,62,62,orthorhombic,orthorhombic,29,Head,Low symmetry,True,0.8900012373924255,138,0.013335314579308033,165,0.013187786564230919,True,0.7287105661834474,0.1340014598514086,0.8900012373924255,,single_softmax
opxrd_409,opxrd,candidate_ablation1,clean,128,128,129,129,tetragonal,tetragonal,29,Head,Medium symmetry,True,0.9923129677772522,13,0.003761021653190255,1,0.0014976669335737824,True,0.0622837337840418,0.011453259551003996,0.9923129677772522,,single_softmax
opxrd_410,opxrd,candidate_ablation1,clean,11,11,12,12,monoclinic,monoclinic,10,Head,Low symmetry,True,0.20493248105049133,28,0.1759420484304428,60,0.08426874876022339,True,3.1057948735316696,0.5711198195354481,0.20493248105049133,,single_softmax
opxrd_413,opxrd,candidate_ablation1,clean,13,1,14,2,monoclinic,triclinic,109,Head,Low symmetry,False,0.42249831557273865,13,0.250139057636261,3,0.12835155427455902,True,1.961528944038377,0.36070252613266557,0.42249831557273865,,single_softmax
opxrd_415,opxrd,candidate_ablation1,clean,13,13,14,14,monoclinic,monoclinic,109,Head,Low symmetry,True,0.2643950581550598,60,0.2517382502555847,14,0.0646294429898262,True,2.7199205669111586,0.5001619896289698,0.2643950581550598,,single_softmax
opxrd_420,opxrd,candidate_ablation1,clean,192,192,193,193,hexagonal,hexagonal,6,Head,Medium symmetry,True,0.24644096195697784,61,0.06847275048494339,62,0.05891731381416321,True,3.645110342968115,0.6702937077410683,0.24644096195697784,,single_softmax
opxrd_422,opxrd,candidate_ablation1,clean,87,87,88,88,tetragonal,tetragonal,11,Head,Medium symmetry,True,0.8331493139266968,13,0.040359534323215485,14,0.03235325589776039,True,0.913854874524179,0.16804736058642242,0.8331493139266968,,single_softmax
opxrd_424,opxrd,candidate_ablation1,clean,226,140,227,141,cubic,tetragonal,13,Head,High symmetry,False,0.6988864541053772,87,0.1398836374282837,128,0.032657332718372345,False,1.284066011575534,0.236124914447008,0.6988864541053772,,single_softmax
opxrd_427,opxrd,candidate_ablation1,clean,224,14,225,15,cubic,monoclinic,289,Head,High symmetry,False,0.5240027904510498,128,0.10202475637197495,140,0.05668935552239418,False,2.2026404132053843,0.40504014157923957,0.5240027904510498,,single_softmax
opxrd_428,opxrd,candidate_ablation1,clean,147,1,148,2,trigonal,triclinic,23,Head,Medium symmetry,False,0.4379160702228546,13,0.35362157225608826,17,0.04934760928153992,False,1.668051054138551,0.30673533050566065,0.4379160702228546,,single_softmax
opxrd_433,opxrd,candidate_ablation1,clean,13,13,14,14,monoclinic,monoclinic,109,Head,Low symmetry,True,0.13689257204532623,1,0.10893554985523224,124,0.07956407964229584,True,3.6341688572455366,0.668281694840737,0.13689257204532623,,single_softmax
opxrd_435,opxrd,candidate_ablation1,clean,139,124,140,125,tetragonal,tetragonal,6,Head,Medium symmetry,False,0.19287997484207153,138,0.16683275997638702,13,0.06989625096321106,False,3.4070829641862392,0.6265232209092004,0.19287997484207153,,single_softmax
opxrd_439,opxrd,candidate_ablation1,clean,147,147,148,148,trigonal,trigonal,23,Head,Medium symmetry,True,0.9871568083763123,44,0.0030243515502661467,220,0.0024498486891388893,True,0.10825037463027015,0.01990599409843933,0.9871568083763123,,single_softmax
opxrd_442,opxrd,candidate_ablation1,clean,120,11,121,12,tetragonal,monoclinic,2,Tail,Medium symmetry,False,0.23023657500743866,165,0.18020637333393097,61,0.16925282776355743,False,2.692507754182556,0.495121089860623,0.23023657500743866,,single_softmax
opxrd_447,opxrd,candidate_ablation1,clean,224,61,225,62,cubic,orthorhombic,289,Head,High symmetry,False,0.07398401945829391,226,0.04953275993466377,73,0.04556579887866974,False,4.029811188151333,0.7410357516373338,0.07398401945829391,,single_softmax
opxrd_458,opxrd,candidate_ablation1,clean,144,1,145,2,trigonal,triclinic,2,Medium,Medium symmetry,False,0.566644549369812,136,0.11425980925559998,60,0.03555337339639664,False,2.0665685677237087,0.3800181002017997,0.566644549369812,,single_softmax
opxrd_462,opxrd,candidate_ablation1,clean,87,13,88,14,tetragonal,monoclinic,11,Head,Medium symmetry,False,0.6107385158538818,60,0.09593688696622849,18,0.04051923751831055,False,1.9691254049252518,0.3620994275854285,0.6107385158538818,,single_softmax
opxrd_465,opxrd,candidate_ablation1,clean,62,60,63,61,orthorhombic,orthorhombic,10,Head,Low symmetry,False,0.3235224187374115,32,0.2761382758617401,13,0.10977670550346375,False,2.361637311626975,0.4342778355129593,0.3235224187374115,,single_softmax
opxrd_477,opxrd,candidate_ablation1,clean,13,13,14,14,monoclinic,monoclinic,109,Head,Low symmetry,True,0.9866727590560913,165,0.0011593648232519627,138,0.0011244072811678052,True,0.12043211879948432,0.022146076207802,0.9866727590560913,,single_softmax
opxrd_479,opxrd,candidate_ablation1,clean,147,1,148,2,trigonal,triclinic,23,Head,Medium symmetry,False,0.3966852128505707,13,0.3248693645000458,17,0.06269469112157822,False,1.9655024278781386,0.36143320393525696,0.3966852128505707,,single_softmax
opxrd_485,opxrd,candidate_ablation1,clean,91,124,92,125,tetragonal,tetragonal,3,Medium,Medium symmetry,False,0.6873726844787598,91,0.07746339589357376,138,0.06658496707677841,True,1.5993588194478023,0.2941036216267494,0.6873726844787598,,single_softmax
opxrd_486,opxrd,candidate_ablation1,clean,138,147,139,148,tetragonal,trigonal,11,Head,Medium symmetry,False,0.7499354481697083,3,0.04691755399107933,12,0.04292928799986839,False,1.3868239483852676,0.2550209126427535,0.7499354481697083,,single_softmax
opxrd_493,opxrd,candidate_ablation1,clean,73,73,74,74,orthorhombic,orthorhombic,29,Head,Low symmetry,True,0.8962581753730774,14,0.09531460702419281,1,0.005227393936365843,True,0.37916143568635136,0.06972341044460233,0.8962581753730774,,single_softmax
opxrd_513,opxrd,candidate_ablation1,clean,13,122,14,123,monoclinic,tetragonal,109,Head,Low symmetry,False,0.38411176204681396,59,0.22636350989341736,13,0.2116200029850006,True,1.841037323464414,0.33854550823550994,0.38411176204681396,,single_softmax
opxrd_514,opxrd,candidate_ablation1,clean,10,1,11,2,monoclinic,triclinic,13,Head,Low symmetry,False,0.48774537444114685,13,0.2622860074043274,18,0.12587973475456238,False,1.6719856422583868,0.30745885583442506,0.48774537444114685,,single_softmax
opxrd_519,opxrd,candidate_ablation1,clean,147,11,148,12,trigonal,monoclinic,23,Head,Medium symmetry,False,0.13957196474075317,14,0.09636195749044418,181,0.08358031511306763,False,3.42169598861311,0.6292103873877939,0.13957196474075317,,single_softmax
opxrd_526,opxrd,candidate_ablation1,clean,162,11,163,12,trigonal,monoclinic,4,Medium,Medium symmetry,False,0.38010209798812866,220,0.10363131761550903,1,0.09621312469244003,False,2.5465621095249285,0.46828337081188653,0.38010209798812866,,single_softmax
opxrd_527,opxrd,candidate_ablation1,clean,1,1,2,2,triclinic,triclinic,52,Head,Low symmetry,True,0.36677414178848267,18,0.278457909822464,3,0.0691412091255188,True,2.3673422084204767,0.4353269001678533,0.36677414178848267,,single_softmax
opxrd_529,opxrd,candidate_ablation1,clean,226,226,227,227,cubic,cubic,13,Head,High symmetry,True,0.14737343788146973,61,0.11926204711198807,13,0.09816641360521317,True,3.4757105383655147,0.6391430394665846,0.14737343788146973,,single_softmax
opxrd_533,opxrd,candidate_ablation1,clean,13,13,14,14,monoclinic,monoclinic,109,Head,Low symmetry,True,0.6254777312278748,28,0.08186887949705124,1,0.07193785905838013,True,1.7747448661645502,0.326355090712344,0.6254777312278748,,single_softmax
opxrd_536,opxrd,candidate_ablation1,clean,59,61,60,62,orthorhombic,orthorhombic,24,Head,Low symmetry,False,0.11971262097358704,1,0.05671481415629387,59,0.05236807465553284,True,3.8881651428220545,0.7149886792643996,0.11971262097358704,,single_softmax
opxrd_538,opxrd,candidate_ablation1,clean,11,13,12,14,monoclinic,monoclinic,10,Head,Low symmetry,False,0.2582995295524597,14,0.16762180626392365,1,0.08668195456266403,False,3.248276595179548,0.5973205631351385,0.2582995295524597,,single_softmax
opxrd_551,opxrd,candidate_ablation1,clean,224,224,225,225,cubic,cubic,289,Head,High symmetry,True,0.5786917805671692,13,0.0794747918844223,138,0.026860034093260765,True,2.239538118957021,0.4118252036674464,0.5786917805671692,,single_softmax
opxrd_553,opxrd,candidate_ablation1,clean,61,61,62,62,orthorhombic,orthorhombic,29,Head,Low symmetry,True,0.7735683917999268,138,0.02818286418914795,1,0.022388895973563194,True,1.3529289966404225,0.24878802234833874,0.7735683917999268,,single_softmax
opxrd_566,opxrd,candidate_ablation1,clean,224,224,225,225,cubic,cubic,289,Head,High symmetry,True,0.9890135526657104,32,0.0025564611423760653,3,0.002096806652843952,True,0.09353177878773819,0.017199414255372195,0.9890135526657104,,single_softmax
opxrd_572,opxrd,candidate_ablation1,clean,162,1,163,2,trigonal,triclinic,4,Medium,Medium symmetry,False,0.6910894513130188,73,0.2685089409351349,14,0.029791992157697678,False,0.7978298378490839,0.1467116958996804,0.6910894513130188,,single_softmax
opxrd_575,opxrd,candidate_ablation1,clean,13,1,14,2,monoclinic,triclinic,109,Head,Low symmetry,False,0.8421909809112549,11,0.053396038711071014,13,0.03900542110204697,True,0.7999835630529397,0.14710774109900687,0.8421909809112549,,single_softmax
opxrd_591,opxrd,candidate_ablation1,clean,35,35,36,36,orthorhombic,orthorhombic,6,Head,Low symmetry,True,0.501488208770752,13,0.1575922816991806,32,0.13335810601711273,True,2.04997325113228,0.3769664130805402,0.501488208770752,,single_softmax
opxrd_593,opxrd,candidate_ablation1,clean,13,1,14,2,monoclinic,triclinic,109,Head,Low symmetry,False,0.36084726452827454,128,0.23965266346931458,13,0.09018871933221817,True,2.4126194721429624,0.44365286622138095,0.36084726452827454,,single_softmax
opxrd_598,opxrd,candidate_ablation1,clean,13,13,14,14,monoclinic,monoclinic,109,Head,Low symmetry,True,0.7800979018211365,3,0.10032161325216293,1,0.025182001292705536,True,1.060969197591143,0.19509998610175244,0.7800979018211365,,single_softmax
opxrd_613,opxrd,candidate_ablation1,clean,122,138,123,139,tetragonal,tetragonal,3,Medium,Medium symmetry,False,0.144893079996109,13,0.07449816167354584,61,0.057189494371414185,False,3.8248654670140176,0.7033485997046606,0.144893079996109,,single_softmax
opxrd_615,opxrd,candidate_ablation1,clean,1,18,2,19,triclinic,orthorhombic,52,Head,Low symmetry,False,0.4796442687511444,14,0.30164244771003723,71,0.049296796321868896,False,1.5627345807760158,0.28736884697723464,0.4796442687511444,,single_softmax
opxrd_618,opxrd,candidate_ablation1,clean,128,128,129,129,tetragonal,tetragonal,29,Head,Medium symmetry,True,0.9922418594360352,13,0.003188543487340212,1,0.00163104641251266,True,0.06460949802635729,0.011880940743240235,0.9922418594360352,,single_softmax
opxrd_620,opxrd,candidate_ablation1,clean,62,13,63,14,orthorhombic,monoclinic,10,Head,Low symmetry,False,0.3805467188358307,1,0.1584281176328659,32,0.09125689417123795,False,2.489588761599985,0.4578066299097343,0.3805467188358307,,single_softmax
opxrd_621,opxrd,candidate_ablation1,clean,58,1,59,2,orthorhombic,triclinic,2,Tail,Low symmetry,False,0.7991233468055725,18,0.08377272635698318,13,0.08176356554031372,False,0.8308214917502262,0.15277848014959142,0.7991233468055725,,single_softmax
opxrd_622,opxrd,candidate_ablation1,clean,57,57,58,58,orthorhombic,orthorhombic,3,Medium,Low symmetry,True,0.7757835984230042,1,0.10203547775745392,60,0.0950009673833847,True,0.7779556746244465,0.1430570667382361,0.7757835984230042,,single_softmax
opxrd_626,opxrd,candidate_ablation1,clean,8,1,9,2,monoclinic,triclinic,2,Tail,Low symmetry,False,0.9076083898544312,18,0.0638832300901413,13,0.012902126647531986,False,0.43202737628722593,0.079444846561602,0.9076083898544312,,single_softmax
opxrd_630,opxrd,candidate_ablation1,clean,128,128,129,129,tetragonal,tetragonal,29,Head,Medium symmetry,True,0.9645227789878845,1,0.005629035644233227,13,0.003298720810562372,True,0.2805612666423096,0.051591977737791415,0.9645227789878845,,single_softmax
opxrd_634,opxrd,candidate_ablation1,clean,192,192,193,193,hexagonal,hexagonal,6,Head,Medium symmetry,True,0.2849249839782715,62,0.04648008570075035,61,0.04040203243494034,True,3.5926686839881534,0.6606502921156449,0.2849249839782715,,single_softmax
opxrd_671,opxrd,candidate_ablation1,clean,12,14,13,15,monoclinic,monoclinic,5,Medium,Low symmetry,False,0.5649263858795166,87,0.037204377353191376,1,0.03480800241231918,False,2.366681579253176,0.43520541809122804,0.5649263858795166,,single_softmax
opxrd_676,opxrd,candidate_ablation1,clean,13,13,14,14,monoclinic,monoclinic,109,Head,Low symmetry,True,0.8519095182418823,18,0.06971248984336853,1,0.031452637165784836,True,0.7142930378625593,0.1313502428496207,0.8519095182418823,,single_softmax
opxrd_688,opxrd,candidate_ablation1,clean,139,139,140,140,tetragonal,tetragonal,6,Head,Medium symmetry,True,0.4174852669239044,61,0.12177316099405289,226,0.03970992937684059,True,2.757597284332179,0.5070903029691592,0.4174852669239044,,single_softmax
opxrd_693,opxrd,candidate_ablation1,clean,73,13,74,14,orthorhombic,monoclinic,29,Head,Low symmetry,False,0.0984915941953659,1,0.09156793355941772,25,0.056650370359420776,False,3.890386279427961,0.7153971206422702,0.0984915941953659,,single_softmax
opxrd_704,opxrd,candidate_ablation1,clean,1,3,2,4,triclinic,monoclinic,52,Head,Low symmetry,False,0.41007742285728455,1,0.189125657081604,13,0.15358737111091614,True,2.3280481898535377,0.4281011838193509,0.41007742285728455,,single_softmax
opxrd_708,opxrd,candidate_ablation1,clean,44,44,45,45,orthorhombic,orthorhombic,3,Medium,Low symmetry,True,0.9381800889968872,147,0.04468594491481781,174,0.0057131522335112095,True,0.3168000930886243,0.05825587952878798,0.9381800889968872,,single_softmax
opxrd_711,opxrd,candidate_ablation1,clean,13,13,14,14,monoclinic,monoclinic,109,Head,Low symmetry,True,0.594081461429596,14,0.10438644140958786,87,0.041374195367097855,True,2.0411964165523795,0.3753524545335402,0.594081461429596,,single_softmax
opxrd_715,opxrd,candidate_ablation1,clean,52,1,53,2,orthorhombic,triclinic,1,Tail,Low symmetry,False,0.33821186423301697,18,0.1733139008283615,100,0.062322430312633514,False,2.831820391312634,0.5207390754059025,0.33821186423301697,,single_softmax
opxrd_717,opxrd,candidate_ablation1,clean,62,61,63,62,orthorhombic,orthorhombic,10,Head,Low symmetry,False,0.24013662338256836,226,0.16566021740436554,62,0.08276938647031784,True,3.1228263886725802,0.5742517185338617,0.24013662338256836,,single_softmax
opxrd_718,opxrd,candidate_ablation1,clean,163,13,164,14,trigonal,monoclinic,4,Medium,Medium symmetry,False,0.9744739532470703,1,0.001840771990828216,60,0.0015523851616308093,False,0.22124916686018675,0.040685167370976924,0.9744739532470703,,single_softmax
opxrd_720,opxrd,candidate_ablation1,clean,2,1,3,2,monoclinic,triclinic,2,Tail,Low symmetry,False,0.22011272609233856,18,0.14101620018482208,13,0.09679990261793137,False,3.3715676317723946,0.6199923613177324,0.22011272609233856,,single_softmax
opxrd_721,opxrd,candidate_ablation1,clean,1,1,2,2,triclinic,triclinic,52,Head,Low symmetry,True,0.6299653649330139,128,0.22126753628253937,13,0.09698504954576492,True,1.171687603140333,0.21545982259172697,0.6299653649330139,,single_softmax
opxrd_722,opxrd,candidate_ablation1,clean,13,18,14,19,monoclinic,orthorhombic,109,Head,Low symmetry,False,0.4402480721473694,87,0.2683321237564087,4,0.15187478065490723,False,1.6897463180200734,0.3107248390525337,0.4402480721473694,,single_softmax
opxrd_723,opxrd,candidate_ablation1,clean,35,35,36,36,orthorhombic,orthorhombic,6,Head,Low symmetry,True,0.5049718022346497,32,0.13455580174922943,13,0.10818883776664734,True,2.2400158334831253,0.41191304985338195,0.5049718022346497,,single_softmax
opxrd_732,opxrd,candidate_ablation1,clean,202,202,203,203,cubic,cubic,4,Medium,High symmetry,True,0.8341500759124756,128,0.0233478844165802,14,0.015186344273388386,True,1.0517139063813257,0.19339804490449358,0.8341500759124756,,single_softmax
opxrd_733,opxrd,candidate_ablation1,clean,147,147,148,148,trigonal,trigonal,23,Head,Medium symmetry,True,0.9916256070137024,44,0.0017883379478007555,220,0.0014385535614565015,True,0.07346265900842178,0.013508934834377812,0.9916256070137024,,single_softmax
opxrd_737,opxrd,candidate_ablation1,clean,14,14,15,15,monoclinic,monoclinic,37,Head,Low symmetry,True,0.9452759027481079,12,0.025193609297275543,13,0.00471861707046628,True,0.3435675466684312,0.06317810520061387,0.9452759027481079,,single_softmax
opxrd_741,opxrd,candidate_ablation1,clean,59,59,60,60,orthorhombic,orthorhombic,24,Head,Low symmetry,True,0.9890916347503662,13,0.002542325062677264,223,0.0009367956081405282,True,0.0947660920824133,0.01742639021959724,0.9890916347503662,,single_softmax
opxrd_757,opxrd,candidate_ablation1,clean,13,3,14,4,monoclinic,monoclinic,109,Head,Low symmetry,False,0.5858712196350098,13,0.060363732278347015,12,0.04957811161875725,True,2.1227454273086295,0.3903483760940144,0.5858712196350098,,single_softmax
opxrd_759,opxrd,candidate_ablation1,clean,13,13,14,14,monoclinic,monoclinic,109,Head,Low symmetry,True,0.7162482738494873,18,0.12106423079967499,1,0.04225028678774834,True,1.2091202108472725,0.2223432469738461,0.7162482738494873,,single_softmax
opxrd_764,opxrd,candidate_ablation1,clean,6,13,7,14,monoclinic,monoclinic,2,Tail,Low symmetry,False,0.5884351134300232,1,0.21255159378051758,59,0.09380125254392624,False,1.4297434564813083,0.2629133146578575,0.5884351134300232,,single_softmax
opxrd_786,opxrd,candidate_ablation1,clean,18,1,19,2,orthorhombic,triclinic,27,Head,Low symmetry,False,0.32484012842178345,3,0.19663701951503754,128,0.0896022766828537,False,2.6874743924925024,0.4941955127580981,0.32484012842178345,,single_softmax
opxrd_802,opxrd,candidate_ablation1,clean,13,128,14,129,monoclinic,tetragonal,109,Head,Low symmetry,False,0.39236342906951904,14,0.14708156883716583,202,0.06407488882541656,False,2.6866863757078314,0.4940506055693821,0.39236342906951904,,single_softmax
opxrd_803,opxrd,candidate_ablation1,clean,124,124,125,125,tetragonal,tetragonal,13,Head,Medium symmetry,True,0.9649319648742676,91,0.005812034942209721,138,0.003747156821191311,True,0.2755034912876875,0.0506619112442184,0.9649319648742676,,single_softmax
opxrd_806,opxrd,candidate_ablation1,clean,86,226,87,227,tetragonal,cubic,3,Medium,Medium symmetry,False,0.48346227407455444,61,0.12377872318029404,3,0.06434269994497299,False,2.3375976947500634,0.4298572275167748,0.48346227407455444,,single_softmax
opxrd_807,opxrd,candidate_ablation1,clean,166,138,167,139,trigonal,tetragonal,5,Medium,Medium symmetry,False,0.23042362928390503,61,0.11837731301784515,226,0.05114036798477173,False,3.3786343640482857,0.6212918517948749,0.23042362928390503,,single_softmax
opxrd_809,opxrd,candidate_ablation1,clean,61,226,62,227,orthorhombic,cubic,29,Head,Low symmetry,False,0.11509889364242554,13,0.10327060520648956,32,0.06743459403514862,False,3.7901509608806374,0.6969650028202939,0.11509889364242554,,single_softmax
opxrd_813,opxrd,candidate_ablation1,clean,13,13,14,14,monoclinic,monoclinic,109,Head,Low symmetry,True,0.42256101965904236,14,0.2497495859861374,10,0.029452765360474586,True,2.381717970648596,0.43797043686738807,0.42256101965904236,,single_softmax
opxrd_822,opxrd,candidate_ablation1,clean,14,18,15,19,monoclinic,orthorhombic,37,Head,Low symmetry,False,0.2760356366634369,13,0.08172120153903961,4,0.04191383719444275,False,3.47163794613131,0.6383941367745032,0.2760356366634369,,single_softmax
opxrd_823,opxrd,candidate_ablation1,clean,13,13,14,14,monoclinic,monoclinic,109,Head,Low symmetry,True,0.7442108988761902,1,0.10377568751573563,18,0.04643198475241661,True,1.1537685189344677,0.21216470988962602,0.7442108988761902,,single_softmax
opxrd_825,opxrd,candidate_ablation1,clean,3,3,4,4,monoclinic,monoclinic,14,Head,Low symmetry,True,0.33491215109825134,1,0.11597449332475662,11,0.07717442512512207,True,2.8480880313747186,0.5237305065965788,0.33491215109825134,,single_softmax
opxrd_829,opxrd,candidate_ablation1,clean,10,10,11,11,monoclinic,monoclinic,13,Head,Low symmetry,True,0.9877465963363647,13,0.003911586478352547,1,0.001671293517574668,True,0.10227681492345175,0.01880752543561263,0.9877465963363647,,single_softmax
opxrd_834,opxrd,candidate_ablation1,clean,14,1,15,2,monoclinic,triclinic,37,Head,Low symmetry,False,0.24700430035591125,62,0.09997355937957764,25,0.09979109466075897,False,3.1642088754413855,0.5818614800724443,0.24700430035591125,,single_softmax
opxrd_836,opxrd,candidate_ablation1,clean,11,224,12,225,monoclinic,cubic,10,Head,Low symmetry,False,0.46221843361854553,13,0.32670432329177856,11,0.03950841724872589,True,1.7852307498665958,0.3282833236612161,0.46221843361854553,,single_softmax
opxrd_838,opxrd,candidate_ablation1,clean,165,13,166,14,trigonal,monoclinic,12,Head,Medium symmetry,False,0.18507564067840576,14,0.12228696793317795,140,0.08456797897815704,False,3.3404197304219467,0.6142646218749961,0.18507564067840576,,single_softmax
opxrd_841,opxrd,candidate_ablation1,clean,200,13,201,14,cubic,monoclinic,2,Medium,High symmetry,False,0.19789926707744598,14,0.15377196669578552,147,0.0686899945139885,False,3.261075650577204,0.599674161652294,0.19789926707744598,,single_softmax
opxrd_844,opxrd,candidate_ablation1,clean,165,190,166,191,trigonal,hexagonal,12,Head,Medium symmetry,False,0.3546691834926605,87,0.13307513296604156,14,0.12326925992965698,False,2.522723694273557,0.4638997614716815,0.3546691834926605,,single_softmax
opxrd_845,opxrd,candidate_ablation1,clean,14,147,15,148,monoclinic,trigonal,37,Head,Low symmetry,False,0.3132410943508148,3,0.19037248194217682,14,0.1765436828136444,True,2.4564618467628945,0.4517149727353467,0.3132410943508148,,single_softmax
opxrd_846,opxrd,candidate_ablation1,clean,220,138,221,139,cubic,tetragonal,14,Head,High symmetry,False,0.13148310780525208,220,0.08068466186523438,13,0.038007430732250214,True,4.081454825130338,0.7505324202302807,0.13148310780525208,,single_softmax
opxrd_855,opxrd,candidate_ablation1,clean,13,162,14,163,monoclinic,trigonal,109,Head,Low symmetry,False,0.16378003358840942,13,0.14848075807094574,60,0.06082158908247948,True,3.5477875925435454,0.6523971775700435,0.16378003358840942,,single_softmax
opxrd_857,opxrd,candidate_ablation1,clean,224,224,225,225,cubic,cubic,289,Head,High symmetry,True,0.9981978535652161,226,0.00025249237660318613,139,0.000212649698369205,True,0.019509359431329684,0.0035875459556680813,0.9981978535652161,,single_softmax
opxrd_861,opxrd,candidate_ablation1,clean,224,224,225,225,cubic,cubic,289,Head,High symmetry,True,0.998336672782898,226,0.0002120688441209495,139,0.00016470463015139103,True,0.01842240064995174,0.003387666785168603,0.998336672782898,,single_softmax
opxrd_864,opxrd,candidate_ablation1,clean,224,224,225,225,cubic,cubic,289,Head,High symmetry,True,0.998234748840332,226,0.00024306346313096583,139,0.00021573489357251674,True,0.01915657033165733,0.0035226721133367507,0.998234748840332,,single_softmax
opxrd_867,opxrd,candidate_ablation1,clean,224,224,225,225,cubic,cubic,289,Head,High symmetry,True,0.9985625147819519,138,0.00015175288717728108,226,0.00014750788977835327,True,0.015697380372165285,0.0028865670175879715,0.9985625147819519,,single_softmax
opxrd_874,opxrd,candidate_ablation1,clean,224,224,225,225,cubic,cubic,289,Head,High symmetry,True,0.9996046423912048,226,5.976589454803616e-05,138,3.722177279996686e-05,True,0.004827748862156854,0.0008877672773611693,0.9996046423912048,,single_softmax
opxrd_875,opxrd,candidate_ablation1,clean,224,224,225,225,cubic,cubic,289,Head,High symmetry,True,0.9982922673225403,138,0.0001815070427255705,226,0.00017420173389837146,True,0.01840646185160713,0.0033847358241731545,0.9982922673225403,,single_softmax
opxrd_879,opxrd,candidate_ablation1,clean,224,224,225,225,cubic,cubic,289,Head,High symmetry,True,0.9982617497444153,226,0.00017827328701969236,138,0.00016627802688162774,True,0.018756153210633522,0.00344904002776441,0.9982617497444153,,single_softmax
opxrd_885,opxrd,candidate_ablation1,clean,224,224,225,225,cubic,cubic,289,Head,High symmetry,True,0.998687207698822,226,0.00019519937632139772,139,0.00011626001651166007,True,0.01477770179760279,0.002717448745801567,0.998687207698822,,single_softmax
opxrd_886,opxrd,candidate_ablation1,clean,224,224,225,225,cubic,cubic,289,Head,High symmetry,True,0.9996746778488159,226,5.399823567131534e-05,139,2.764609052974265e-05,True,0.004035648011177737,0.0007421090760033147,0.9996746778488159,,single_softmax
opxrd_888,opxrd,candidate_ablation1,clean,224,224,225,225,cubic,cubic,289,Head,High symmetry,True,0.9980816841125488,226,0.00026556002558209,139,0.00022372612147592008,True,0.020675578542012907,0.0038020001856329893,0.9980816841125488,,single_softmax
opxrd_898,opxrd,candidate_ablation1,clean,224,224,225,225,cubic,cubic,289,Head,High symmetry,True,0.9988388419151306,226,0.00015853125660214573,139,0.00011744999937945977,True,0.01321734514111113,0.0024305171716460902,0.9988388419151306,,single_softmax
opxrd_903,opxrd,candidate_ablation1,clean,224,224,225,225,cubic,cubic,289,Head,High symmetry,True,0.9994857311248779,226,8.284738578367978e-05,139,4.419222386786714e-05,True,0.006197671551114158,0.0011396802435272631,0.9994857311248779,,single_softmax
opxrd_904,opxrd,candidate_ablation1,clean,224,224,225,225,cubic,cubic,289,Head,High symmetry,True,0.9982764720916748,226,0.00023387510736938566,139,0.00016254793445114046,True,0.01902325442231865,0.0034981568567975666,0.9982764720916748,,single_softmax
opxrd_914,opxrd,candidate_ablation1,clean,224,224,225,225,cubic,cubic,289,Head,High symmetry,True,0.9984342455863953,226,0.00020734868303406984,139,0.0001531948073534295,True,0.017423561220934865,0.00320399174619337,0.9984342455863953,,single_softmax
opxrd_918,opxrd,candidate_ablation1,clean,224,224,225,225,cubic,cubic,289,Head,High symmetry,True,0.9990053772926331,226,0.00015354037168435752,139,8.972122304840013e-05,True,0.011430837474618753,0.002101999037759932,0.9990053772926331,,single_softmax
opxrd_920,opxrd,candidate_ablation1,clean,224,224,225,225,cubic,cubic,289,Head,High symmetry,True,0.9976995587348938,226,0.00031664487323723733,139,0.00020229278015904129,True,0.024785951862170006,0.004557850383222513,0.9976995587348938,,single_softmax
opxrd_923,opxrd,candidate_ablation1,clean,224,224,225,225,cubic,cubic,289,Head,High symmetry,True,0.997870922088623,226,0.00028390929219312966,139,0.00019818023429252207,True,0.023097743813867273,0.004247408414211028,0.997870922088623,,single_softmax
opxrd_924,opxrd,candidate_ablation1,clean,224,224,225,225,cubic,cubic,289,Head,High symmetry,True,0.9996180534362793,226,6.470485823228955e-05,139,3.32919298671186e-05,True,0.00469775629834864,0.0008638631456956172,0.9996180534362793,,single_softmax
opxrd_926,opxrd,candidate_ablation1,clean,224,224,225,225,cubic,cubic,289,Head,High symmetry,True,0.9975131750106812,226,0.0003496086283121258,139,0.0003168047114741057,True,0.026006037353258463,0.0047822100186339445,0.9975131750106812,,single_softmax
opxrd_927,opxrd,candidate_ablation1,clean,224,224,225,225,cubic,cubic,289,Head,High symmetry,True,0.9991046786308289,226,0.0001285278267459944,139,9.860567661235109e-05,True,0.010344126811385029,0.0019021654933225477,0.9991046786308289,,single_softmax
opxrd_932,opxrd,candidate_ablation1,clean,224,224,225,225,cubic,cubic,289,Head,High symmetry,True,0.9985275268554688,226,0.00019244108989369124,139,0.00015061865269672126,True,0.01642998132938077,0.003021283875433972,0.9985275268554688,,single_softmax
opxrd_934,opxrd,candidate_ablation1,clean,224,224,225,225,cubic,cubic,289,Head,High symmetry,True,0.9987045526504517,226,0.00018275031470693648,139,0.0001297590642934665,True,0.014606490141011126,0.002685964898864887,0.9987045526504517,,single_softmax
opxrd_943,opxrd,candidate_ablation1,clean,224,224,225,225,cubic,cubic,289,Head,High symmetry,True,0.9986061453819275,226,0.0001955599000211805,139,0.0001540018420200795,True,0.015495224185418809,0.0028493928288234266,0.9986061453819275,,single_softmax
opxrd_944,opxrd,candidate_ablation1,clean,224,224,225,225,cubic,cubic,289,Head,High symmetry,True,0.9980642199516296,226,0.0002744313969742507,139,0.00017103702703025192,True,0.02113190245408717,0.0038859128846121115,0.9980642199516296,,single_softmax
opxrd_946,opxrd,candidate_ablation1,clean,224,224,225,225,cubic,cubic,289,Head,High symmetry,True,0.9979982972145081,138,0.00021241283684503287,190,0.0001980828819796443,True,0.021055948024934452,0.0038719457420167305,0.9979982972145081,,single_softmax
opxrd_947,opxrd,candidate_ablation1,clean,224,224,225,225,cubic,cubic,289,Head,High symmetry,True,0.9986189603805542,226,0.00019116670591756701,139,0.00013487688556779176,True,0.01550645775927791,0.002851458553359784,0.9986189603805542,,single_softmax
opxrd_958,opxrd,candidate_ablation1,clean,224,224,225,225,cubic,cubic,289,Head,High symmetry,True,0.9983495473861694,226,0.00022433919366449118,139,0.00018324075790587813,True,0.018106047715417614,0.003329493132935354,0.9983495473861694,,single_softmax
opxrd_963,opxrd,candidate_ablation1,clean,224,224,225,225,cubic,cubic,289,Head,High symmetry,True,0.9983032941818237,226,0.00022790688672102988,139,0.00016385626804549247,True,0.018750786471680544,0.003448053146432214,0.9983032941818237,,single_softmax
opxrd_964,opxrd,candidate_ablation1,clean,224,224,225,225,cubic,cubic,289,Head,High symmetry,True,0.9988377690315247,226,0.00015748698206152767,139,0.00011830220319097862,True,0.013227077792826843,0.0024323068939290557,0.9988377690315247,,single_softmax
opxrd_965,opxrd,candidate_ablation1,clean,224,224,225,225,cubic,cubic,289,Head,High symmetry,True,0.9996142387390137,226,6.348155875457451e-05,139,3.2993841159623116e-05,True,0.004736284454885223,0.0008709480288589362,0.9996142387390137,,single_softmax
opxrd_974,opxrd,candidate_ablation1,clean,224,224,225,225,cubic,cubic,289,Head,High symmetry,True,0.9980619549751282,226,0.0002603295724838972,139,0.0001815628056647256,True,0.021189559577667244,0.0038965153639627646,0.9980619549751282,,single_softmax
opxrd_976,opxrd,candidate_ablation1,clean,224,224,225,225,cubic,cubic,289,Head,High symmetry,True,0.9988113641738892,226,0.00015701133816037327,139,0.00012049893848598003,True,0.01350812502489429,0.0024839882350978547,0.9988113641738892,,single_softmax
opxrd_977,opxrd,candidate_ablation1,clean,224,224,225,225,cubic,cubic,289,Head,High symmetry,True,0.9984225034713745,226,0.0002290508709847927,139,0.00013915404269937426,True,0.017506428995913696,0.0032192301732686898,0.9984225034713745,,single_softmax
opxrd_978,opxrd,candidate_ablation1,clean,224,224,225,225,cubic,cubic,289,Head,High symmetry,True,0.9963072538375854,226,0.0004952933522872627,139,0.0004689081397373229,True,0.03729702344488836,0.006858492001705215,0.9963072538375854,,single_softmax
opxrd_985,opxrd,candidate_ablation1,clean,224,224,225,225,cubic,cubic,289,Head,High symmetry,True,0.9981206059455872,226,0.0002701285993680358,139,0.0002650594979058951,True,0.02010956880334429,0.0036979175295121297,0.9981206059455872,,single_softmax
opxrd_986,opxrd,candidate_ablation1,clean,224,224,225,225,cubic,cubic,289,Head,High symmetry,True,0.9995216131210327,226,6.823416333645582e-05,138,4.492037987802178e-05,True,0.005761695109035718,0.001059509209360281,0.9995216131210327,,single_softmax
opxrd_993,opxrd,candidate_ablation1,clean,224,224,225,225,cubic,cubic,289,Head,High symmetry,True,0.9986206293106079,226,0.00018320855451747775,139,0.0001378068554913625,True,0.01550354813206852,0.002850923506508846,0.9986206293106079,,single_softmax
opxrd_996,opxrd,candidate_ablation1,clean,224,224,225,225,cubic,cubic,289,Head,High symmetry,True,0.9985349178314209,226,0.00018983408517669886,139,0.00014471470785792917,True,0.016403862506823838,0.0030164809255185353,0.9985349178314209,,single_softmax
opxrd_1002,opxrd,candidate_ablation1,clean,224,224,225,225,cubic,cubic,289,Head,High symmetry,True,0.9991769194602966,226,0.00012341341061983258,139,6.946567009435967e-05,True,0.0096056232155164,0.0017663632083766774,0.9991769194602966,,single_softmax
opxrd_1006,opxrd,candidate_ablation1,clean,224,224,225,225,cubic,cubic,289,Head,High symmetry,True,0.9995297193527222,226,6.488444341812283e-05,138,4.375604839879088e-05,True,0.005668614517229872,0.0010423927631817355,0.9995297193527222,,single_softmax
opxrd_1007,opxrd,candidate_ablation1,clean,224,224,225,225,cubic,cubic,289,Head,High symmetry,True,0.9995846152305603,226,7.010695844655856e-05,139,3.638943235273473e-05,True,0.005080170120329658,0.0009341846324296422,0.9995846152305603,,single_softmax
opxrd_1026,opxrd,candidate_ablation1,clean,224,224,225,225,cubic,cubic,289,Head,High symmetry,True,0.9993476271629333,226,0.00010475388990016654,139,5.740466804127209e-05,True,0.007734328773831626,0.0014222537654315886,0.9993476271629333,,single_softmax
opxrd_1033,opxrd,candidate_ablation1,clean,224,224,225,225,cubic,cubic,289,Head,High symmetry,True,0.9991650581359863,226,0.00012192878784844652,139,8.522008283762261e-05,True,0.009737045316574844,0.0017905302154379384,0.9991650581359863,,single_softmax
opxrd_1035,opxrd,candidate_ablation1,clean,224,224,225,225,cubic,cubic,289,Head,High symmetry,True,0.9984918832778931,226,0.00020616079564206302,139,0.00014496082440018654,True,0.016824860671253716,0.003093897627356457,0.9984918832778931,,single_softmax
opxrd_1037,opxrd,candidate_ablation1,clean,224,224,225,225,cubic,cubic,289,Head,High symmetry,True,0.9993430972099304,226,0.00010569246660452336,139,5.829516157973558e-05,True,0.007785981583914861,0.0014317521208524959,0.9993430972099304,,single_softmax
opxrd_1050,opxrd,candidate_ablation1,clean,224,224,225,225,cubic,cubic,289,Head,High symmetry,True,0.9992792010307312,226,0.00011462233669590205,139,6.406226748367772e-05,True,0.008487569956249014,0.0015607661223921456,0.9992792010307312,,single_softmax
opxrd_1052,opxrd,candidate_ablation1,clean,224,224,225,225,cubic,cubic,289,Head,High symmetry,True,0.9996204376220703,226,6.132144335424528e-05,139,3.233320967410691e-05,True,0.004664400415110442,0.0008577293838758023,0.9996204376220703,,single_softmax
opxrd_1058,opxrd,candidate_ablation1,clean,224,224,225,225,cubic,cubic,289,Head,High symmetry,True,0.9984689354896545,226,0.00020674613188020885,139,0.00015643148799426854,True,0.017016835329339407,0.0031291995505503107,0.9984689354896545,,single_softmax
opxrd_1063,opxrd,candidate_ablation1,clean,224,224,225,225,cubic,cubic,289,Head,High symmetry,True,0.9985324144363403,226,0.00018559144518803805,139,0.00014353504229802638,True,0.01644288070147985,0.0030236559210343214,0.9985324144363403,,single_softmax
opxrd_1083,opxrd,candidate_ablation1,clean,224,224,225,225,cubic,cubic,289,Head,High symmetry,True,0.9985692501068115,226,0.00019203369447495788,139,0.00014378709602169693,True,0.01602243495602048,0.0029463408026671667,0.9985692501068115,,single_softmax
opxrd_1084,opxrd,candidate_ablation1,clean,224,224,225,225,cubic,cubic,289,Head,High symmetry,True,0.9991414546966553,226,0.00013025458611082286,139,7.35945432097651e-05,True,0.009988357486424402,0.0018367436219686572,0.9991414546966553,,single_softmax
opxrd_1097,opxrd,candidate_ablation1,clean,224,224,225,225,cubic,cubic,289,Head,High symmetry,True,0.9987978935241699,226,0.0001261292927665636,138,0.00012518033327069134,True,0.01329654894601143,0.0024450818369260423,0.9987978935241699,,single_softmax
opxrd_1106,opxrd,candidate_ablation1,clean,224,224,225,225,cubic,cubic,289,Head,High symmetry,True,0.9988284707069397,226,0.0001346187200397253,138,0.00010880026820814237,True,0.013160050050045797,0.00241998126589508,0.9988284707069397,,single_softmax
opxrd_1108,opxrd,candidate_ablation1,clean,224,224,225,225,cubic,cubic,289,Head,High symmetry,True,0.9994650483131409,226,7.781094609526917e-05,138,4.660553531721234e-05,True,0.006400263071638973,0.001176934485147533,0.9994650483131409,,single_softmax
opxrd_1117,opxrd,candidate_ablation1,clean,224,224,225,225,cubic,cubic,289,Head,High symmetry,True,0.9983624815940857,226,0.00022297230316326022,139,0.00015592599811498076,True,0.01814614288559073,0.0033368661718146003,0.9983624815940857,,single_softmax
opxrd_1125,opxrd,candidate_ablation1,clean,224,224,225,225,cubic,cubic,289,Head,High symmetry,True,0.9993589520454407,226,9.965930803446099e-05,139,5.45129987585824e-05,True,0.007611277593986275,0.001399626074135612,0.9993589520454407,,single_softmax
opxrd_1136,opxrd,candidate_ablation1,clean,224,224,225,225,cubic,cubic,289,Head,High symmetry,True,0.9991450309753418,226,0.00013271253556013107,139,7.497135811718181e-05,True,0.00994214583885801,0.0018282458335140892,0.9991450309753418,,single_softmax
opxrd_1138,opxrd,candidate_ablation1,clean,224,224,225,225,cubic,cubic,289,Head,High symmetry,True,0.9975388050079346,226,0.00031724610016681254,139,0.00022282532881945372,True,0.026414119265002346,0.004857251570726477,0.9975388050079346,,single_softmax
opxrd_1141,opxrd,candidate_ablation1,clean,224,224,225,225,cubic,cubic,289,Head,High symmetry,True,0.9898800849914551,190,0.0009397121611982584,138,0.0008925877627916634,True,0.0919134247782898,0.01690181763761179,0.9898800849914551,,single_softmax
opxrd_1144,opxrd,candidate_ablation1,clean,224,224,225,225,cubic,cubic,289,Head,High symmetry,True,0.9986124038696289,226,0.00018746743444353342,139,0.00013731639774050564,True,0.015581947823070194,0.002865340304526674,0.9986124038696289,,single_softmax
opxrd_1156,opxrd,candidate_ablation1,clean,224,224,225,225,cubic,cubic,289,Head,High symmetry,True,0.9982782602310181,226,0.0002174573455704376,139,0.00016785973275545985,True,0.019034374618579528,0.003500201732502603,0.9982782602310181,,single_softmax
opxrd_1157,opxrd,candidate_ablation1,clean,224,224,225,225,cubic,cubic,289,Head,High symmetry,True,0.9993890523910522,226,8.438973600277677e-05,138,5.386997145251371e-05,True,0.007241370384160062,0.0013316044089827625,0.9993890523910522,,single_softmax
opxrd_1160,opxrd,candidate_ablation1,clean,224,224,225,225,cubic,cubic,289,Head,High symmetry,True,0.9982109069824219,226,0.00022970596910454333,139,0.00017050531459972262,True,0.019722255033510976,0.003626694998940024,0.9982109069824219,,single_softmax
opxrd_1163,opxrd,candidate_ablation1,clean,224,224,225,225,cubic,cubic,289,Head,High symmetry,True,0.9987862706184387,226,0.00016569530998822302,139,0.0001262869336642325,True,0.013731588346389701,0.0025250805599429035,0.9987862706184387,,single_softmax
opxrd_1172,opxrd,candidate_ablation1,clean,224,224,225,225,cubic,cubic,289,Head,High symmetry,True,0.9988493919372559,226,0.00016820391465444118,139,0.00014391084550879896,True,0.012906889514129728,0.002373427966184893,0.9988493919372559,,single_softmax
opxrd_1185,opxrd,candidate_ablation1,clean,224,224,225,225,cubic,cubic,289,Head,High symmetry,True,0.9973871111869812,226,0.0003405348979867995,139,0.0002423221740173176,True,0.027883075807274785,0.005127375719129769,0.9973871111869812,,single_softmax
opxrd_1186,opxrd,candidate_ablation1,clean,224,224,225,225,cubic,cubic,289,Head,High symmetry,True,0.9995231628417969,226,7.919359632069245e-05,139,4.1671402868814766e-05,True,0.005778157521945747,0.0010625364570289598,0.9995231628417969,,single_softmax
opxrd_10,opxrd,candidate_ablation2,clean,147,147,148,148,trigonal,trigonal,23,Head,Medium symmetry,True,0.9998985528945923,3,4.257263208273798e-05,11,3.3052961953217164e-05,True,0.0011786978062515215,0.0002167489180081336,0.9998985528945923,,single_softmax
opxrd_23,opxrd,candidate_ablation2,clean,59,59,60,60,orthorhombic,orthorhombic,24,Head,Low symmetry,True,0.9999865293502808,1,5.910352228966076e-06,228,2.1714663489547092e-06,True,0.0001884700779366657,3.465747136629845e-05,0.9999865293502808,,single_softmax
opxrd_31,opxrd,candidate_ablation2,clean,14,14,15,15,monoclinic,monoclinic,37,Head,Low symmetry,True,0.8165087699890137,226,0.03555634617805481,12,0.029183337464928627,True,1.0126973910276367,0.18622335819301664,0.8165087699890137,,single_softmax
opxrd_43,opxrd,candidate_ablation2,clean,61,61,62,62,orthorhombic,orthorhombic,29,Head,Low symmetry,True,0.9827166795730591,59,0.0073179397732019424,62,0.0064324550330638885,True,0.11460296008471221,0.021074161220242475,0.9827166795730591,,single_softmax
opxrd_44,opxrd,candidate_ablation2,clean,13,13,14,14,monoclinic,monoclinic,109,Head,Low symmetry,True,0.9917606115341187,32,0.003930073231458664,35,0.0014624317409470677,True,0.06346779988567863,0.011670995636554262,0.9917606115341187,,single_softmax
opxrd_49,opxrd,candidate_ablation2,clean,25,25,26,26,orthorhombic,orthorhombic,5,Medium,Low symmetry,True,0.9909225106239319,12,0.0016447833040729165,18,0.0016211173497140408,True,0.07518822198933645,0.013826245944218237,0.9909225106239319,,single_softmax
opxrd_51,opxrd,candidate_ablation2,clean,10,10,11,11,monoclinic,monoclinic,13,Head,Low symmetry,True,0.6856768727302551,11,0.04842911660671234,13,0.04044255241751671,True,1.528420370334829,0.28105885984908047,0.6856768727302551,,single_softmax
opxrd_54,opxrd,candidate_ablation2,clean,1,1,2,2,triclinic,triclinic,52,Head,Low symmetry,True,0.9980782270431519,18,0.0013092522276565433,13,0.0001528709544800222,True,0.016452188073252376,0.00302536743924577,0.9980782270431519,,single_softmax
opxrd_56,opxrd,candidate_ablation2,clean,128,128,129,129,tetragonal,tetragonal,29,Head,Medium symmetry,True,0.9998984336853027,13,6.377720274031162e-05,1,2.8701984774670564e-05,True,0.001133734665166281,0.00020848071548091744,0.9998984336853027,,single_softmax
opxrd_58,opxrd,candidate_ablation2,clean,198,198,199,199,cubic,cubic,2,Medium,High symmetry,True,0.9991223216056824,4,0.00029316669679246843,145,0.0002716367016546428,True,0.008827138010067372,0.0016232087670334566,0.9991223216056824,,single_softmax
opxrd_59,opxrd,candidate_ablation2,clean,1,1,2,2,triclinic,triclinic,52,Head,Low symmetry,True,0.9972628355026245,18,0.002117370255291462,73,0.00012961066386196762,True,0.02181147049047486,0.004010877600605239,0.9972628355026245,,single_softmax
opxrd_70,opxrd,candidate_ablation2,clean,32,32,33,33,orthorhombic,orthorhombic,9,Head,Low symmetry,True,0.9958027005195618,18,0.0015920393634587526,13,0.001012990134768188,True,0.035784953159886404,0.006580439733780244,0.9958027005195618,,single_softmax
opxrd_76,opxrd,candidate_ablation2,clean,128,128,129,129,tetragonal,tetragonal,29,Head,Medium symmetry,True,0.9999903440475464,224,2.1833816390426364e-06,165,1.477552928008663e-06,True,0.00014456044255498171,2.658299637480028e-05,0.9999903440475464,,single_softmax
opxrd_78,opxrd,candidate_ablation2,clean,220,220,221,221,cubic,cubic,14,Head,High symmetry,True,0.41497576236724854,70,0.22278234362602234,224,0.22253035008907318,True,1.7059062583800435,0.3136964655114295,0.41497576236724854,,single_softmax
opxrd_81,opxrd,candidate_ablation2,clean,147,147,148,148,trigonal,trigonal,23,Head,Medium symmetry,True,0.9885922074317932,224,0.007756863255053759,3,0.0010125958360731602,True,0.07685521913286023,0.014132787472729683,0.9885922074317932,,single_softmax
opxrd_83,opxrd,candidate_ablation2,clean,1,35,2,36,triclinic,orthorhombic,52,Head,Low symmetry,False,0.9495055675506592,1,0.009684485383331776,18,0.009665140882134438,True,0.338857508438876,0.062311983549569426,0.9495055675506592,,single_softmax
opxrd_86,opxrd,candidate_ablation2,clean,14,14,15,15,monoclinic,monoclinic,37,Head,Low symmetry,True,0.3246290981769562,12,0.10881172865629196,13,0.087921641767025,True,2.6110183828767477,0.4801361353065225,0.3246290981769562,,single_softmax
opxrd_88,opxrd,candidate_ablation2,clean,59,59,60,60,orthorhombic,orthorhombic,24,Head,Low symmetry,True,0.6298716068267822,139,0.19339415431022644,165,0.0620822049677372,True,1.292153597455958,0.23761212811584018,0.6298716068267822,,single_softmax
opxrd_96,opxrd,candidate_ablation2,clean,160,160,161,161,trigonal,trigonal,2,Medium,Medium symmetry,True,0.9990406632423401,2,0.0003211857983842492,1,0.00031928435782901943,True,0.009523226930555557,0.0017512114828721153,0.9990406632423401,,single_softmax
opxrd_101,opxrd,candidate_ablation2,clean,73,73,74,74,orthorhombic,orthorhombic,29,Head,Low symmetry,True,0.9980087876319885,14,0.0019324047025293112,1,2.4698960260138847e-05,True,0.014787750863570601,0.0027192966530123577,0.9980087876319885,,single_softmax
opxrd_107,opxrd,candidate_ablation2,clean,87,87,88,88,tetragonal,tetragonal,11,Head,Medium symmetry,True,0.9655616879463196,14,0.028316140174865723,12,0.0018670602003112435,True,0.18159874691990266,0.03339391292471999,0.9655616879463196,,single_softmax
opxrd_109,opxrd,candidate_ablation2,clean,14,14,15,15,monoclinic,monoclinic,37,Head,Low symmetry,True,0.437873512506485,12,0.12019924819469452,87,0.049387361854314804,True,2.51628253006891,0.46271530574039454,0.437873512506485,,single_softmax
opxrd_113,opxrd,candidate_ablation2,clean,14,14,15,15,monoclinic,monoclinic,37,Head,Low symmetry,True,0.5085396766662598,73,0.29006677865982056,181,0.012855131179094315,True,1.8158880824774402,0.3339208531765616,0.5085396766662598,,single_softmax
opxrd_128,opxrd,candidate_ablation2,clean,161,161,162,162,trigonal,trigonal,2,Medium,Medium symmetry,True,0.9506556987762451,11,0.013504674658179283,120,0.0043143657967448235,True,0.35711683843458975,0.06566966352414288,0.9506556987762451,,single_softmax
opxrd_129,opxrd,candidate_ablation2,clean,73,73,74,74,orthorhombic,orthorhombic,29,Head,Low symmetry,True,0.9999878406524658,14,1.1223071851418354e-05,1,5.193367087485967e-07,True,0.0001538217636953996,2.8286046406678488e-05,0.9999878406524658,,single_softmax
opxrd_135,opxrd,candidate_ablation2,clean,13,13,14,14,monoclinic,monoclinic,109,Head,Low symmetry,True,0.9942237734794617,1,0.0037758813705295324,3,0.0011750046396628022,True,0.04177947623023771,0.007682763317129801,0.9942237734794617,,single_softmax
opxrd_140,opxrd,candidate_ablation2,clean,147,147,148,148,trigonal,trigonal,23,Head,Medium symmetry,True,0.44188588857650757,13,0.30473098158836365,32,0.09434220939874649,True,1.6436956991718201,0.30225666192008727,0.44188588857650757,,single_softmax
opxrd_155,opxrd,candidate_ablation2,clean,59,59,60,60,orthorhombic,orthorhombic,24,Head,Low symmetry,True,0.9999853372573853,1,6.304972430370981e-06,228,2.460168389006867e-06,True,0.0002046912685459557,3.7640361038884335e-05,0.9999853372573853,,single_softmax
opxrd_156,opxrd,candidate_ablation2,clean,3,3,4,4,monoclinic,monoclinic,14,Head,Low symmetry,True,0.9780665636062622,13,0.006761384662240744,163,0.005342891439795494,True,0.1560280214660323,0.028691751738524705,0.9780665636062622,,single_softmax
opxrd_158,opxrd,candidate_ablation2,clean,61,61,62,62,orthorhombic,orthorhombic,29,Head,Low symmetry,True,0.7696206569671631,229,0.08730869740247726,62,0.04196391627192497,True,1.0044153927450528,0.18470039432800014,0.7696206569671631,,single_softmax
opxrd_163,opxrd,candidate_ablation2,clean,61,61,62,62,orthorhombic,orthorhombic,29,Head,Low symmetry,True,0.7502358555793762,59,0.057094965130090714,13,0.028095824643969536,True,1.33102565732526,0.24476025113153763,0.7502358555793762,,single_softmax
opxrd_168,opxrd,candidate_ablation2,clean,226,226,227,227,cubic,cubic,13,Head,High symmetry,True,0.6894358992576599,190,0.09343189746141434,61,0.06787805259227753,True,1.3432605475253905,0.24701010618239255,0.6894358992576599,,single_softmax
opxrd_170,opxrd,candidate_ablation2,clean,59,59,60,60,orthorhombic,orthorhombic,24,Head,Low symmetry,True,0.9999661445617676,1,1.3056294847046956e-05,61,6.649667284364114e-06,True,0.0004439883094419539,8.164432407475662e-05,0.9999661445617676,,single_softmax
opxrd_174,opxrd,candidate_ablation2,clean,197,197,198,198,cubic,cubic,3,Medium,High symmetry,True,0.855229377746582,13,0.0214304830878973,3,0.016357742249965668,True,0.8214549906862458,0.15105608874411647,0.855229377746582,,single_softmax
opxrd_178,opxrd,candidate_ablation2,clean,192,192,193,193,hexagonal,hexagonal,6,Head,Medium symmetry,True,0.9637523889541626,60,0.008975067175924778,62,0.007026816718280315,True,0.2598776890848582,0.04778850662557128,0.9637523889541626,,single_softmax
opxrd_184,opxrd,candidate_ablation2,clean,13,13,14,14,monoclinic,monoclinic,109,Head,Low symmetry,True,0.890918493270874,32,0.031306490302085876,35,0.029527779668569565,True,0.5885640709313426,0.1082301374247308,0.890918493270874,,single_softmax
opxrd_192,opxrd,candidate_ablation2,clean,10,10,11,11,monoclinic,monoclinic,13,Head,Low symmetry,True,0.9998831748962402,59,4.155891656409949e-05,1,2.747431972238701e-05,True,0.001389295168046935,0.0002554753414072646,0.9998831748962402,,single_softmax
opxrd_198,opxrd,candidate_ablation2,clean,61,61,62,62,orthorhombic,orthorhombic,29,Head,Low symmetry,True,0.449122816324234,87,0.1366111934185028,86,0.05925007164478302,True,2.4600117874278737,0.4523677658380796,0.449122816324234,,single_softmax
opxrd_199,opxrd,candidate_ablation2,clean,18,18,19,19,orthorhombic,orthorhombic,27,Head,Low symmetry,True,0.7434434294700623,1,0.17484331130981445,3,0.015070372261106968,True,0.968486754007968,0.1780935324754835,0.7434434294700623,,single_softmax
opxrd_208,opxrd,candidate_ablation2,clean,18,18,19,19,orthorhombic,orthorhombic,27,Head,Low symmetry,True,0.6125990152359009,60,0.19484767317771912,162,0.10922026634216309,True,1.3441176372053092,0.24716771507906907,0.6125990152359009,,single_softmax
opxrd_209,opxrd,candidate_ablation2,clean,73,73,74,74,orthorhombic,orthorhombic,29,Head,Low symmetry,True,0.9982045888900757,14,0.0017436236375942826,1,2.202093855885323e-05,True,0.013510137983476105,0.0024843583949405975,0.9982045888900757,,single_softmax
opxrd_210,opxrd,candidate_ablation2,clean,138,138,139,139,tetragonal,tetragonal,11,Head,Medium symmetry,True,0.921708881855011,139,0.02008170261979103,166,0.020052462816238403,True,0.470009835591943,0.08642938230428465,0.921708881855011,,single_softmax
opxrd_218,opxrd,candidate_ablation2,clean,147,147,148,148,trigonal,trigonal,23,Head,Medium symmetry,True,0.5430018901824951,86,0.07729758322238922,13,0.06546920537948608,True,2.0257333779261337,0.3725089802574529,0.5430018901824951,,single_softmax
opxrd_220,opxrd,candidate_ablation2,clean,165,165,166,166,trigonal,trigonal,12,Head,Medium symmetry,True,0.9904292821884155,128,0.002663968363776803,1,0.0011082474375143647,True,0.07918904492589575,0.014561951091069343,0.9904292821884155,,single_softmax
opxrd_231,opxrd,candidate_ablation2,clean,3,3,4,4,monoclinic,monoclinic,14,Head,Low symmetry,True,0.982379138469696,18,0.006406600587069988,60,0.00266675534658134,True,0.1249883579281525,0.022983915979868576,0.982379138469696,,single_softmax
opxrd_233,opxrd,candidate_ablation2,clean,60,60,61,61,orthorhombic,orthorhombic,11,Head,Low symmetry,True,0.8651232719421387,192,0.03258795663714409,128,0.03111197240650654,True,0.731423381695586,0.13450031530349574,0.8651232719421387,,single_softmax
opxrd_240,opxrd,candidate_ablation2,clean,1,1,2,2,triclinic,triclinic,52,Head,Low symmetry,True,0.9991025924682617,18,0.00019813401740975678,10,0.00011579163401620463,True,0.009693135786915412,0.0017824557598875416,0.9991025924682617,,single_softmax
opxrd_243,opxrd,candidate_ablation2,clean,73,73,74,74,orthorhombic,orthorhombic,29,Head,Low symmetry,True,0.9999854564666748,14,1.3843698070559185e-05,1,3.538332862262905e-07,True,0.00018073858297395007,3.323573870601355e-05,0.9999854564666748,,single_softmax
opxrd_244,opxrd,candidate_ablation2,clean,28,28,29,29,orthorhombic,orthorhombic,4,Medium,Low symmetry,True,0.39299702644348145,1,0.09503257274627686,6,0.09159433841705322,True,2.543905799354994,0.4677949060398528,0.39299702644348145,,single_softmax
opxrd_247,opxrd,candidate_ablation2,clean,18,18,19,19,orthorhombic,orthorhombic,27,Head,Low symmetry,True,0.9923205971717834,25,0.003652843413874507,1,0.0020854671020060778,True,0.05649766314671774,0.010389267963417206,0.9923205971717834,,single_softmax
opxrd_260,opxrd,candidate_ablation2,clean,147,147,148,148,trigonal,trigonal,23,Head,Medium symmetry,True,0.9994267225265503,138,0.0004592171753756702,2,5.10346180817578e-05,True,0.005332430290851672,0.0009805723653389595,0.9994267225265503,,single_softmax
opxrd_265,opxrd,candidate_ablation2,clean,165,165,166,166,trigonal,trigonal,12,Head,Medium symmetry,True,0.9688730835914612,59,0.009291823022067547,71,0.007871819660067558,True,0.21276387872032865,0.03912482084827454,0.9688730835914612,,single_softmax
opxrd_266,opxrd,candidate_ablation2,clean,140,140,141,141,tetragonal,tetragonal,5,Medium,Medium symmetry,True,0.9999938011169434,226,3.477187192402198e-06,220,1.7233101061719935e-06,True,9.001150894817228e-05,1.6552077274870717e-05,0.9999938011169434,,single_softmax
opxrd_270,opxrd,candidate_ablation2,clean,13,13,14,14,monoclinic,monoclinic,109,Head,Low symmetry,True,0.9985467791557312,163,0.0006492869579233229,1,0.0004544574476312846,True,0.013063243474921354,0.002402179654402288,0.9985467791557312,,single_softmax
opxrd_274,opxrd,candidate_ablation2,clean,163,163,164,164,trigonal,trigonal,4,Medium,Medium symmetry,True,0.6578296422958374,139,0.13169042766094208,64,0.06292438507080078,True,1.369785114500046,0.25188766781175903,0.6578296422958374,,single_softmax
opxrd_275,opxrd,candidate_ablation2,clean,1,1,2,2,triclinic,triclinic,52,Head,Low symmetry,True,0.9970934391021729,18,0.0012246399419382215,13,0.000493255618494004,True,0.025728200065962176,0.004731118949248401,0.9970934391021729,,single_softmax
opxrd_277,opxrd,candidate_ablation2,clean,224,224,225,225,cubic,cubic,289,Head,High symmetry,True,0.8145248889923096,61,0.10305926948785782,70,0.0282220970839262,True,0.7929832824821835,0.14582047032322587,0.8145248889923096,,single_softmax
opxrd_289,opxrd,candidate_ablation2,clean,32,32,33,33,orthorhombic,orthorhombic,9,Head,Low symmetry,True,0.7359060049057007,42,0.10538017749786377,35,0.09937281906604767,True,1.0071546247607313,0.18520410747009863,0.7359060049057007,,single_softmax
opxrd_292,opxrd,candidate_ablation2,clean,224,61,225,62,cubic,orthorhombic,289,Head,High symmetry,False,0.2113266885280609,62,0.14763204753398895,13,0.09979177266359329,False,2.912784719643564,0.5356274806187646,0.2113266885280609,,single_softmax
opxrd_294,opxrd,candidate_ablation2,clean,204,224,205,225,cubic,cubic,4,Medium,High symmetry,False,0.834276020526886,204,0.10870228707790375,165,0.019127091392874718,True,0.6997947474006722,0.12868417462253595,0.834276020526886,,single_softmax
opxrd_296,opxrd,candidate_ablation2,clean,61,61,62,62,orthorhombic,orthorhombic,29,Head,Low symmetry,True,0.8401811718940735,60,0.06283242255449295,87,0.027706589549779892,True,0.7810644453936089,0.14362873379062008,0.8401811718940735,,single_softmax
opxrd_306,opxrd,candidate_ablation2,clean,60,60,61,61,orthorhombic,orthorhombic,11,Head,Low symmetry,True,0.9997643828392029,3,0.0001400605106027797,224,7.331030792556703e-05,True,0.002457366523775289,0.0004518813323930498,0.9997643828392029,,single_softmax
opxrd_308,opxrd,candidate_ablation2,clean,32,32,33,33,orthorhombic,orthorhombic,9,Head,Low symmetry,True,0.9983470439910889,87,0.0009358552633784711,3,0.00017054416821338236,True,0.015083325370438692,0.0027736493922935024,0.9983470439910889,,single_softmax
opxrd_309,opxrd,candidate_ablation2,clean,14,18,15,19,monoclinic,orthorhombic,37,Head,Low symmetry,False,0.47704678773880005,1,0.24476797878742218,202,0.032939765602350235,False,2.022682115901479,0.37194788839922127,0.47704678773880005,,single_softmax
opxrd_314,opxrd,candidate_ablation2,clean,226,226,227,227,cubic,cubic,13,Head,High symmetry,True,0.4377972185611725,175,0.08297944813966751,138,0.08243824541568756,True,2.6940395008189806,0.49540276038240283,0.4377972185611725,,single_softmax
opxrd_319,opxrd,candidate_ablation2,clean,32,32,33,33,orthorhombic,orthorhombic,9,Head,Low symmetry,True,0.566961407661438,35,0.25622087717056274,42,0.1244705319404602,True,1.23246624643559,0.22663631337874565,0.566961407661438,,single_softmax
opxrd_321,opxrd,candidate_ablation2,clean,175,175,176,176,hexagonal,hexagonal,5,Head,Medium symmetry,True,0.8417617082595825,35,0.04667375981807709,60,0.01711874268949032,True,0.9194108537740721,0.1690690410243624,0.8417617082595825,,single_softmax
opxrd_323,opxrd,candidate_ablation2,clean,59,59,60,60,orthorhombic,orthorhombic,24,Head,Low symmetry,True,0.999945878982544,1,1.972908285097219e-05,61,1.1663951227092184e-05,True,0.0006842223850718065,0.00012582059697972494,0.999945878982544,,single_softmax
opxrd_328,opxrd,candidate_ablation2,clean,62,69,63,70,orthorhombic,orthorhombic,10,Head,Low symmetry,False,0.5220621824264526,12,0.16776391863822937,86,0.04593172296881676,False,1.911797154256085,0.3515574241661149,0.5220621824264526,,single_softmax
opxrd_331,opxrd,candidate_ablation2,clean,165,165,166,166,trigonal,trigonal,12,Head,Medium symmetry,True,0.9998477697372437,59,6.0695492720697075e-05,138,2.2760745196137577e-05,True,0.001792585917197131,0.0003296358540148037,0.9998477697372437,,single_softmax
opxrd_332,opxrd,candidate_ablation2,clean,73,14,74,15,orthorhombic,monoclinic,29,Head,Low symmetry,False,0.5954195857048035,73,0.35018065571784973,181,0.004561230074614286,True,1.038379179580975,0.19094594260093392,0.5954195857048035,,single_softmax
opxrd_333,opxrd,candidate_ablation2,clean,13,13,14,14,monoclinic,monoclinic,109,Head,Low symmetry,True,0.7445032596588135,18,0.15146569907665253,3,0.055667199194431305,True,0.9036760298147202,0.16617558856339276,0.7445032596588135,,single_softmax
opxrd_342,opxrd,candidate_ablation2,clean,59,59,60,60,orthorhombic,orthorhombic,24,Head,Low symmetry,True,0.9999897480010986,1,4.652927600545809e-06,228,1.5836163811400183e-06,True,0.00014577214816728358,2.6805815047252076e-05,0.9999897480010986,,single_softmax
opxrd_344,opxrd,candidate_ablation2,clean,60,62,61,63,orthorhombic,orthorhombic,11,Head,Low symmetry,False,0.6829169392585754,60,0.292967826128006,11,0.005616417620331049,True,0.7750875665315424,0.1425296547734643,0.6829169392585754,,single_softmax
opxrd_352,opxrd,candidate_ablation2,clean,14,1,15,2,monoclinic,triclinic,37,Head,Low symmetry,False,0.19756534695625305,13,0.16069954633712769,60,0.11440731585025787,False,2.9165594435615025,0.5363216087664996,0.19756534695625305,,single_softmax
opxrd_354,opxrd,candidate_ablation2,clean,61,61,62,62,orthorhombic,orthorhombic,29,Head,Low symmetry,True,0.7889118194580078,59,0.04059547930955887,13,0.03467502072453499,True,1.076740101793273,0.19800007330280742,0.7889118194580078,,single_softmax
opxrd_361,opxrd,candidate_ablation2,clean,1,1,2,2,triclinic,triclinic,52,Head,Low symmetry,True,0.9995519518852234,13,0.0003024415927939117,128,4.220619302941486e-05,True,0.004451750359246573,0.000818625493736698,0.9995519518852234,,single_softmax
opxrd_363,opxrd,candidate_ablation2,clean,1,1,2,2,triclinic,triclinic,52,Head,Low symmetry,True,0.9806673526763916,57,0.008353684097528458,60,0.007730829995125532,True,0.1196184517420311,0.021996452230064474,0.9806673526763916,,single_softmax
opxrd_376,opxrd,candidate_ablation2,clean,56,51,57,52,orthorhombic,orthorhombic,2,Tail,Low symmetry,False,0.3755642771720886,56,0.29282012581825256,13,0.02550295554101467,True,2.4169452540513268,0.44444832757135916,0.3755642771720886,,single_softmax
opxrd_377,opxrd,candidate_ablation2,clean,14,14,15,15,monoclinic,monoclinic,37,Head,Low symmetry,True,0.9958235025405884,12,0.003989815711975098,73,0.00014833903696853667,True,0.028008887614029806,0.0051505110578418355,0.9958235025405884,,single_softmax
opxrd_381,opxrd,candidate_ablation2,clean,160,11,161,12,trigonal,monoclinic,2,Medium,Medium symmetry,False,0.810435950756073,17,0.06642965227365494,13,0.05455441027879715,False,0.8652537575633493,0.15911017629764576,0.810435950756073,,single_softmax
opxrd_382,opxrd,candidate_ablation2,clean,14,14,15,15,monoclinic,monoclinic,37,Head,Low symmetry,True,0.8197435736656189,166,0.03008962981402874,69,0.02451990731060505,True,1.0045369789528396,0.18472275262784826,0.8197435736656189,,single_softmax
opxrd_398,opxrd,candidate_ablation2,clean,14,14,15,15,monoclinic,monoclinic,37,Head,Low symmetry,True,0.9394586086273193,12,0.012082436122000217,18,0.008842860348522663,True,0.38861290339083887,0.07146142623429096,0.9394586086273193,,single_softmax
opxrd_405,opxrd,candidate_ablation2,clean,61,61,62,62,orthorhombic,orthorhombic,29,Head,Low symmetry,True,0.9843607544898987,59,0.00861122366040945,62,0.004576272796839476,True,0.10177666118696489,0.018715552937957774,0.9843607544898987,,single_softmax
opxrd_409,opxrd,candidate_ablation2,clean,128,128,129,129,tetragonal,tetragonal,29,Head,Medium symmetry,True,0.9999537467956543,13,2.6808256734511815e-05,1,1.539186814625282e-05,True,0.0005551371911620021,0.00010208332016252368,0.9999537467956543,,single_softmax
opxrd_410,opxrd,candidate_ablation2,clean,11,226,12,227,monoclinic,cubic,10,Head,Low symmetry,False,0.4164159297943115,11,0.21147266030311584,32,0.12420107424259186,True,1.920647892209879,0.35318497269032845,0.4164159297943115,,single_softmax
opxrd_413,opxrd,candidate_ablation2,clean,13,13,14,14,monoclinic,monoclinic,109,Head,Low symmetry,True,0.930850088596344,1,0.028762521222233772,32,0.023807493969798088,True,0.3692276098308652,0.06789669455997263,0.930850088596344,,single_softmax
opxrd_415,opxrd,candidate_ablation2,clean,13,60,14,61,monoclinic,orthorhombic,109,Head,Low symmetry,False,0.34405988454818726,61,0.31788370013237,87,0.06480023264884949,False,1.9407299717583402,0.35687783526324257,0.34405988454818726,,single_softmax
opxrd_420,opxrd,candidate_ablation2,clean,192,192,193,193,hexagonal,hexagonal,6,Head,Medium symmetry,True,0.9877551198005676,60,0.0034206029959023,62,0.00274855550378561,True,0.0985093996547945,0.018114741264099093,0.9877551198005676,,single_softmax
opxrd_422,opxrd,candidate_ablation2,clean,87,87,88,88,tetragonal,tetragonal,11,Head,Medium symmetry,True,0.9500511884689331,226,0.015549271367490292,32,0.01506474893540144,True,0.27816759745260333,0.05115180960972116,0.9500511884689331,,single_softmax
opxrd_424,opxrd,candidate_ablation2,clean,226,226,227,227,cubic,cubic,13,Head,High symmetry,True,0.9716378450393677,215,0.00566341495141387,60,0.004897109232842922,True,0.20260519220569037,0.03725675568453756,0.9716378450393677,,single_softmax
opxrd_427,opxrd,candidate_ablation2,clean,224,224,225,225,cubic,cubic,289,Head,High symmetry,True,0.9994195699691772,193,0.0005074611981399357,1,2.4697810658835806e-05,True,0.005283349261847956,0.0009715469307662823,0.9994195699691772,,single_softmax
opxrd_428,opxrd,candidate_ablation2,clean,147,147,148,148,trigonal,trigonal,23,Head,Medium symmetry,True,0.9999583959579468,11,2.2476875528809614e-05,3,1.1325323612254579e-05,True,0.0005148002954561552,9.466583074863095e-05,0.9999583959579468,,single_softmax
opxrd_433,opxrd,candidate_ablation2,clean,13,13,14,14,monoclinic,monoclinic,109,Head,Low symmetry,True,0.1858270913362503,11,0.144727423787117,10,0.10837466269731522,True,2.9215502723004954,0.5372393645503851,0.1858270913362503,,single_softmax
opxrd_435,opxrd,candidate_ablation2,clean,139,139,140,140,tetragonal,tetragonal,6,Head,Medium symmetry,True,0.5427321195602417,138,0.09667913615703583,124,0.08993026614189148,True,1.9350577885435234,0.3558347862577767,0.5427321195602417,,single_softmax
opxrd_439,opxrd,candidate_ablation2,clean,147,147,148,148,trigonal,trigonal,23,Head,Medium symmetry,True,0.9999772310256958,138,7.581897079944611e-06,224,5.985945790598635e-06,True,0.00030613758065163653,5.629516659481294e-05,0.9999772310256958,,single_softmax
opxrd_442,opxrd,candidate_ablation2,clean,120,120,121,121,tetragonal,tetragonal,2,Tail,Medium symmetry,True,0.8925027847290039,59,0.02301533706486225,165,0.021454090252518654,True,0.6478144074464166,0.11912559023981788,0.8925027847290039,,single_softmax
opxrd_447,opxrd,candidate_ablation2,clean,224,226,225,227,cubic,cubic,289,Head,High symmetry,False,0.10208441317081451,224,0.05424266308546066,14,0.04483883082866669,True,4.0418921058123765,0.7432572929159282,0.10208441317081451,,single_softmax
opxrd_458,opxrd,candidate_ablation2,clean,144,144,145,145,trigonal,trigonal,2,Medium,Medium symmetry,True,0.9288617372512817,31,0.026844708248972893,51,0.010492819361388683,True,0.4339813584325115,0.079804161318575,0.9288617372512817,,single_softmax
opxrd_462,opxrd,candidate_ablation2,clean,87,87,88,88,tetragonal,tetragonal,11,Head,Medium symmetry,True,0.8219205141067505,32,0.10861017554998398,62,0.022249901667237282,True,0.7726874492575326,0.14208830091713648,0.8219205141067505,,single_softmax
opxrd_465,opxrd,candidate_ablation2,clean,62,62,63,63,orthorhombic,orthorhombic,10,Head,Low symmetry,True,0.9975695013999939,32,0.0008440818055532873,13,0.00042165149352513254,True,0.021508823586585304,0.003955224329165642,0.9975695013999939,,single_softmax
opxrd_477,opxrd,candidate_ablation2,clean,13,13,14,14,monoclinic,monoclinic,109,Head,Low symmetry,True,0.9993889331817627,61,0.0002270685217808932,192,0.0001730506628518924,True,0.006337441573854744,0.001165382337005606,0.9993889331817627,,single_softmax
opxrd_479,opxrd,candidate_ablation2,clean,147,147,148,148,trigonal,trigonal,23,Head,Medium symmetry,True,0.9998936653137207,11,4.2139043216593564e-05,3,3.768694296013564e-05,True,0.001237250115749418,0.00022751601171377696,0.9998936653137207,,single_softmax
opxrd_485,opxrd,candidate_ablation2,clean,91,124,92,125,tetragonal,tetragonal,3,Medium,Medium symmetry,False,0.484147846698761,91,0.3372657001018524,139,0.05809618905186653,True,1.5126593901629224,0.2781605975626065,0.484147846698761,,single_softmax
opxrd_486,opxrd,candidate_ablation2,clean,138,138,139,139,tetragonal,tetragonal,11,Head,Medium symmetry,True,0.6811726093292236,128,0.04866701737046242,1,0.04129401221871376,True,1.7342334219586837,0.3189055038445334,0.6811726093292236,,single_softmax
opxrd_493,opxrd,candidate_ablation2,clean,73,73,74,74,orthorhombic,orthorhombic,29,Head,Low symmetry,True,0.9985054731369019,14,0.0014531034976243973,1,1.8000549971475266e-05,True,0.011510028681693481,0.0021165613864452086,0.9985054731369019,,single_softmax
opxrd_513,opxrd,candidate_ablation2,clean,13,13,14,14,monoclinic,monoclinic,109,Head,Low symmetry,True,0.5260961055755615,122,0.24386854469776154,59,0.18648701906204224,True,1.2451671790716372,0.22897186825290988,0.5260961055755615,,single_softmax
opxrd_514,opxrd,candidate_ablation2,clean,10,1,11,2,monoclinic,triclinic,13,Head,Low symmetry,False,0.7689397931098938,10,0.1426772177219391,11,0.03633466735482216,True,0.8936191608417202,0.16432624647003677,0.7689397931098938,,single_softmax
opxrd_519,opxrd,candidate_ablation2,clean,147,11,148,12,trigonal,monoclinic,23,Head,Medium symmetry,False,0.28914138674736023,181,0.18331459164619446,62,0.11902431398630142,False,2.515195662706058,0.4625154433807065,0.28914138674736023,,single_softmax
opxrd_526,opxrd,candidate_ablation2,clean,162,162,163,163,trigonal,trigonal,4,Medium,Medium symmetry,True,0.7937273979187012,11,0.11929497867822647,18,0.059611231088638306,True,0.7587053042510337,0.13951714588018144,0.7937273979187012,,single_softmax
opxrd_527,opxrd,candidate_ablation2,clean,1,1,2,2,triclinic,triclinic,52,Head,Low symmetry,True,0.9807685017585754,18,0.012252493761479855,52,0.0018085971241816878,True,0.12511257656586108,0.02300675835318681,0.9807685017585754,,single_softmax
opxrd_529,opxrd,candidate_ablation2,clean,226,226,227,227,cubic,cubic,13,Head,High symmetry,True,0.36740535497665405,61,0.2365296334028244,70,0.11751752346754074,True,2.020792350816731,0.37160038241826815,0.36740535497665405,,single_softmax
opxrd_533,opxrd,candidate_ablation2,clean,13,13,14,14,monoclinic,monoclinic,109,Head,Low symmetry,True,0.8869840502738953,1,0.035505764186382294,28,0.01478313747793436,True,0.6454360410580511,0.11868823612023692,0.8869840502738953,,single_softmax
opxrd_536,opxrd,candidate_ablation2,clean,59,61,60,62,orthorhombic,orthorhombic,24,Head,Low symmetry,False,0.0710974782705307,166,0.05207136645913124,163,0.0486510805785656,False,4.010829468886292,0.7375452326164187,0.0710974782705307,,single_softmax
opxrd_538,opxrd,candidate_ablation2,clean,11,11,12,12,monoclinic,monoclinic,10,Head,Low symmetry,True,0.511947751045227,13,0.0467173233628273,165,0.042562149465084076,True,2.562189259679706,0.47115702330333425,0.511947751045227,,single_softmax
opxrd_551,opxrd,candidate_ablation2,clean,224,224,225,225,cubic,cubic,289,Head,High symmetry,True,0.9994812607765198,165,0.00023197646078187972,1,8.250034443335608e-05,True,0.005429573764920719,0.0009984359286580244,0.9994812607765198,,single_softmax
opxrd_553,opxrd,candidate_ablation2,clean,61,61,62,62,orthorhombic,orthorhombic,29,Head,Low symmetry,True,0.978602409362793,62,0.009775077924132347,59,0.006097973790019751,True,0.14130374032090393,0.025984126433949296,0.978602409362793,,single_softmax
opxrd_566,opxrd,candidate_ablation2,clean,224,224,225,225,cubic,cubic,289,Head,High symmetry,True,0.9999710321426392,32,1.1292808267171495e-05,13,7.188777999544982e-06,True,0.00039259817819517045,7.21942722591351e-05,0.9999710321426392,,single_softmax
opxrd_572,opxrd,candidate_ablation2,clean,162,162,163,163,trigonal,trigonal,4,Medium,Medium symmetry,True,0.9075887799263,1,0.07003220170736313,73,0.011090409010648727,True,0.4068316068931979,0.07481163546578644,0.9075887799263,,single_softmax
opxrd_575,opxrd,candidate_ablation2,clean,13,13,14,14,monoclinic,monoclinic,109,Head,Low symmetry,True,0.9865071773529053,1,0.012138400226831436,128,0.0009234676253981888,True,0.07740324093975529,0.014233562355875617,0.9865071773529053,,single_softmax
opxrd_591,opxrd,candidate_ablation2,clean,35,35,36,36,orthorhombic,orthorhombic,6,Head,Low symmetry,True,0.9393717050552368,32,0.029898744076490402,42,0.0169827863574028,True,0.3248441916353717,0.059735096379036574,0.9393717050552368,,single_softmax
opxrd_593,opxrd,candidate_ablation2,clean,13,13,14,14,monoclinic,monoclinic,109,Head,Low symmetry,True,0.9822729229927063,1,0.013569514267146587,60,0.000900695042219013,True,0.10947298585897655,0.020130818187837997,0.9822729229927063,,single_softmax
opxrd_598,opxrd,candidate_ablation2,clean,13,13,14,14,monoclinic,monoclinic,109,Head,Low symmetry,True,0.9999246597290039,32,3.6611159885069355e-05,35,2.2370839360519312e-05,True,0.0008961550610980926,0.00016479256924914945,0.9999246597290039,,single_softmax
opxrd_613,opxrd,candidate_ablation2,clean,122,13,123,14,tetragonal,monoclinic,3,Medium,Medium symmetry,False,0.3432610332965851,61,0.2332001030445099,192,0.041796840727329254,False,2.518832781239561,0.46318426748695574,0.3432610332965851,,single_softmax
opxrd_615,opxrd,candidate_ablation2,clean,1,1,2,2,triclinic,triclinic,52,Head,Low symmetry,True,0.9969722032546997,18,0.0007983500836417079,3,0.000623926694970578,True,0.027360767181188184,0.005031329193065031,0.9969722032546997,,single_softmax
opxrd_618,opxrd,candidate_ablation2,clean,128,128,129,129,tetragonal,tetragonal,29,Head,Medium symmetry,True,0.9999839067459106,13,8.720894584257621e-06,1,6.032065812178189e-06,True,0.0002105208464120046,3.8712353103524384e-05,0.9999839067459106,,single_softmax
opxrd_620,opxrd,candidate_ablation2,clean,62,62,63,63,orthorhombic,orthorhombic,10,Head,Low symmetry,True,0.9950656294822693,13,0.0030464050360023975,59,0.000529645592905581,True,0.0385798769228703,0.007094393945223571,0.9950656294822693,,single_softmax
opxrd_621,opxrd,candidate_ablation2,clean,58,58,59,59,orthorhombic,orthorhombic,2,Tail,Low symmetry,True,0.9805669188499451,224,0.002273527905344963,66,0.0022179766092449427,True,0.15954205455010237,0.02933794185169646,0.9805669188499451,,single_softmax
opxrd_622,opxrd,candidate_ablation2,clean,57,57,58,58,orthorhombic,orthorhombic,3,Medium,Low symmetry,True,0.9949571490287781,1,0.004167436622083187,60,0.000864511588588357,True,0.034113950791204835,0.006273161690604288,0.9949571490287781,,single_softmax
opxrd_626,opxrd,candidate_ablation2,clean,8,8,9,9,monoclinic,monoclinic,2,Tail,Low symmetry,True,0.4631843566894531,1,0.27295392751693726,18,0.15761086344718933,True,1.5455408709577731,0.28420712225026534,0.4631843566894531,,single_softmax
opxrd_630,opxrd,candidate_ablation2,clean,128,128,129,129,tetragonal,tetragonal,29,Head,Medium symmetry,True,0.9999179840087891,224,3.104468123638071e-05,165,1.0559318980085663e-05,True,0.0010246479982686067,0.0001884209368898482,0.9999179840087891,,single_softmax
opxrd_634,opxrd,candidate_ablation2,clean,192,192,193,193,hexagonal,hexagonal,6,Head,Medium symmetry,True,0.9809796214103699,60,0.00684194965288043,62,0.0032061459496617317,True,0.1433678474825928,0.026363691909999255,0.9809796214103699,,single_softmax
opxrd_671,opxrd,candidate_ablation2,clean,12,12,13,13,monoclinic,monoclinic,5,Medium,Low symmetry,True,0.7996124625205994,14,0.10097753256559372,197,0.018347084522247314,True,0.92255263464466,0.16964677825328303,0.7996124625205994,,single_softmax
opxrd_676,opxrd,candidate_ablation2,clean,13,13,14,14,monoclinic,monoclinic,109,Head,Low symmetry,True,0.6052913665771484,71,0.1675575226545334,1,0.10307127237319946,True,1.4091482967684104,0.25912610256642954,0.6052913665771484,,single_softmax
opxrd_688,opxrd,candidate_ablation2,clean,139,139,140,140,tetragonal,tetragonal,6,Head,Medium symmetry,True,0.9520283937454224,62,0.005514654330909252,138,0.0045773666352033615,True,0.35271829554122164,0.06486082226907869,0.9520283937454224,,single_softmax
opxrd_693,opxrd,candidate_ablation2,clean,73,69,74,70,orthorhombic,orthorhombic,29,Head,Low symmetry,False,0.3094034492969513,73,0.16747120022773743,175,0.05704464018344879,True,2.8364106817757335,0.521583176825234,0.3094034492969513,,single_softmax
opxrd_704,opxrd,candidate_ablation2,clean,1,1,2,2,triclinic,triclinic,52,Head,Low symmetry,True,0.9866498112678528,18,0.008819567039608955,3,0.0017877951031550765,True,0.08929670361121023,0.016420632826131407,0.9866498112678528,,single_softmax
opxrd_708,opxrd,candidate_ablation2,clean,44,44,45,45,orthorhombic,orthorhombic,3,Medium,Low symmetry,True,0.9999669790267944,147,2.8559727070387453e-05,2,2.4304536054842174e-06,True,0.000391680522212983,7.202552591873479e-05,0.9999669790267944,,single_softmax
opxrd_711,opxrd,candidate_ablation2,clean,13,13,14,14,monoclinic,monoclinic,109,Head,Low symmetry,True,0.9966008067131042,1,0.000839365238789469,10,0.0008041957044042647,True,0.03093399428182681,0.005688404402463949,0.9966008067131042,,single_softmax
opxrd_715,opxrd,candidate_ablation2,clean,52,52,53,53,orthorhombic,orthorhombic,1,Tail,Low symmetry,True,0.9937558174133301,100,0.0009399371920153499,13,0.0004778630391228944,True,0.058937501404406935,0.010837926050048222,0.9937558174133301,,single_softmax
opxrd_717,opxrd,candidate_ablation2,clean,62,62,63,63,orthorhombic,orthorhombic,10,Head,Low symmetry,True,0.9134517312049866,61,0.012340097688138485,226,0.009410866536200047,True,0.5700263123721486,0.1048212576519081,0.9134517312049866,,single_softmax
opxrd_718,opxrd,candidate_ablation2,clean,163,163,164,164,trigonal,trigonal,4,Medium,Medium symmetry,True,0.9002993106842041,165,0.02592335268855095,13,0.014356265775859356,True,0.6276339094607671,0.11541462965258704,0.9002993106842041,,single_softmax
opxrd_720,opxrd,candidate_ablation2,clean,2,2,3,3,monoclinic,monoclinic,2,Tail,Low symmetry,True,0.7741303443908691,17,0.02651587314903736,202,0.02473492920398712,True,1.3528914129259988,0.248781111137176,0.7741303443908691,,single_softmax
opxrd_721,opxrd,candidate_ablation2,clean,1,1,2,2,triclinic,triclinic,52,Head,Low symmetry,True,0.9998308420181274,13,7.627812738064677e-05,128,5.794108074042015e-05,True,0.0018712352914035594,0.00034409856589128824,0.9998308420181274,,single_softmax
opxrd_722,opxrd,candidate_ablation2,clean,13,13,14,14,monoclinic,monoclinic,109,Head,Low symmetry,True,0.7410295605659485,87,0.22716845571994781,163,0.011543674394488335,True,0.7418329860096371,0.13641452135359328,0.7410295605659485,,single_softmax
opxrd_723,opxrd,candidate_ablation2,clean,35,35,36,36,orthorhombic,orthorhombic,6,Head,Low symmetry,True,0.9345515966415405,32,0.03033597767353058,42,0.018528223037719727,True,0.357614926336775,0.06576125613872061,0.9345515966415405,,single_softmax
opxrd_732,opxrd,candidate_ablation2,clean,202,202,203,203,cubic,cubic,4,Medium,High symmetry,True,0.9927269220352173,128,0.0014453784096986055,145,0.0007074834429658949,True,0.06501509683750267,0.011955525681801143,0.9927269220352173,,single_softmax
opxrd_733,opxrd,candidate_ablation2,clean,147,147,148,148,trigonal,trigonal,23,Head,Medium symmetry,True,0.9999940395355225,138,3.130136519757798e-06,224,1.8979878859681776e-06,True,8.649466789655054e-05,1.5905370808885375e-05,0.9999940395355225,,single_softmax
opxrd_737,opxrd,candidate_ablation2,clean,14,14,15,15,monoclinic,monoclinic,37,Head,Low symmetry,True,0.9966840147972107,12,0.003201534040272236,73,5.613885514321737e-05,True,0.022941198778739732,0.004218621589629292,0.9966840147972107,,single_softmax
opxrd_741,opxrd,candidate_ablation2,clean,59,59,60,60,orthorhombic,orthorhombic,24,Head,Low symmetry,True,0.9999840259552002,1,6.855823812657036e-06,228,2.7794314974016743e-06,True,0.00022073260256204227,4.0590177160500065e-05,0.9999840259552002,,single_softmax
opxrd_757,opxrd,candidate_ablation2,clean,13,13,14,14,monoclinic,monoclinic,109,Head,Low symmetry,True,0.7105357050895691,163,0.11045756936073303,3,0.05735285207629204,True,1.1820232322473982,0.21736042545533468,0.7105357050895691,,single_softmax
opxrd_759,opxrd,candidate_ablation2,clean,13,13,14,14,monoclinic,monoclinic,109,Head,Low symmetry,True,0.9410303235054016,224,0.05203337222337723,1,0.003697935026139021,True,0.2561607659351713,0.04710500737178366,0.9410303235054016,,single_softmax
opxrd_764,opxrd,candidate_ablation2,clean,6,6,7,7,monoclinic,monoclinic,2,Tail,Low symmetry,True,0.9887312054634094,60,0.002857878105714917,59,0.0016768921632319689,True,0.09595789627361978,0.01764554925047987,0.9887312054634094,,single_softmax
opxrd_786,opxrd,candidate_ablation2,clean,18,18,19,19,orthorhombic,orthorhombic,27,Head,Low symmetry,True,0.7016844153404236,1,0.1163177639245987,3,0.063053198158741,True,1.2581840878272916,0.2313655274873928,0.7016844153404236,,single_softmax
opxrd_802,opxrd,candidate_ablation2,clean,13,13,14,14,monoclinic,monoclinic,109,Head,Low symmetry,True,0.8123493194580078,202,0.07294021546840668,128,0.021565936505794525,True,0.9534113790907046,0.17532134507973762,0.8123493194580078,,single_softmax
opxrd_803,opxrd,candidate_ablation2,clean,124,124,125,125,tetragonal,tetragonal,13,Head,Medium symmetry,True,0.9968957901000977,91,0.0011880348902195692,10,0.000525501265656203,True,0.027862415292368013,0.00512357648897274,0.9968957901000977,,single_softmax
opxrd_806,opxrd,candidate_ablation2,clean,86,86,87,87,tetragonal,tetragonal,3,Medium,Medium symmetry,True,0.9927485585212708,61,0.0021483537275344133,11,0.0013920601923018694,True,0.059081900176665814,0.01086447931712212,0.9927485585212708,,single_softmax
opxrd_807,opxrd,candidate_ablation2,clean,166,166,167,167,trigonal,trigonal,5,Medium,Medium symmetry,True,0.8074581027030945,138,0.06058351323008537,61,0.042439818382263184,True,0.9479892488357763,0.17432427792662875,0.8074581027030945,,single_softmax
opxrd_809,opxrd,candidate_ablation2,clean,61,163,62,164,orthorhombic,trigonal,29,Head,Low symmetry,False,0.09630671888589859,3,0.08835305273532867,147,0.0381275936961174,False,4.1527148069271895,0.7636363081562848,0.09630671888589859,,single_softmax
opxrd_813,opxrd,candidate_ablation2,clean,13,13,14,14,monoclinic,monoclinic,109,Head,Low symmetry,True,0.9968597888946533,1,0.0013535103062167764,14,0.0005428043659776449,True,0.027899302860362834,0.005130359686844514,0.9968597888946533,,single_softmax
opxrd_822,opxrd,candidate_ablation2,clean,14,14,15,15,monoclinic,monoclinic,37,Head,Low symmetry,True,0.41534847021102905,198,0.07745238393545151,18,0.06786694377660751,True,2.6965353509480523,0.4958617184055005,0.41534847021102905,,single_softmax
opxrd_823,opxrd,candidate_ablation2,clean,13,175,14,176,monoclinic,hexagonal,109,Head,Low symmetry,False,0.2787373960018158,13,0.2354307919740677,59,0.07387025654315948,True,2.5480492498957967,0.4685568387564287,0.2787373960018158,,single_softmax
opxrd_825,opxrd,candidate_ablation2,clean,3,3,4,4,monoclinic,monoclinic,14,Head,Low symmetry,True,0.9829398393630981,11,0.00424016872420907,4,0.002666227053850889,True,0.13196632789263407,0.024267084092741004,0.9829398393630981,,single_softmax
opxrd_829,opxrd,candidate_ablation2,clean,10,10,11,11,monoclinic,monoclinic,13,Head,Low symmetry,True,0.9998899698257446,1,3.406473115319386e-05,59,2.76795635727467e-05,True,0.0013292065575487503,0.0002444257396849089,0.9998899698257446,,single_softmax
opxrd_834,opxrd,candidate_ablation2,clean,14,14,15,15,monoclinic,monoclinic,37,Head,Low symmetry,True,0.3473712205886841,73,0.06805794686079025,1,0.05217905342578888,True,3.0697499813277354,0.5644915800125729,0.3473712205886841,,single_softmax
opxrd_836,opxrd,candidate_ablation2,clean,11,1,12,2,monoclinic,triclinic,10,Head,Low symmetry,False,0.5567002892494202,13,0.27406346797943115,11,0.13396193087100983,True,1.1108349167683003,0.2042697161377477,0.5567002892494202,,single_softmax
opxrd_838,opxrd,candidate_ablation2,clean,165,165,166,166,trigonal,trigonal,12,Head,Medium symmetry,True,0.6804748177528381,204,0.14326421916484833,163,0.040766410529613495,True,1.3599583674207092,0.2500806424777937,0.6804748177528381,,single_softmax
opxrd_841,opxrd,candidate_ablation2,clean,200,200,201,201,cubic,cubic,2,Medium,High symmetry,True,0.7675051689147949,14,0.09182194620370865,12,0.04676831513643265,True,0.9765395613443187,0.1795743507715935,0.7675051689147949,,single_softmax
opxrd_844,opxrd,candidate_ablation2,clean,165,165,166,166,trigonal,trigonal,12,Head,Medium symmetry,True,0.9798628687858582,215,0.0046651773154735565,87,0.0038852111902087927,True,0.1449061381627421,0.026646565805866343,0.9798628687858582,,single_softmax
opxrd_845,opxrd,candidate_ablation2,clean,14,14,15,15,monoclinic,monoclinic,37,Head,Low symmetry,True,0.9030108451843262,3,0.052739545702934265,147,0.016627555713057518,True,0.4575947601218288,0.0841463932625944,0.9030108451843262,,single_softmax
opxrd_846,opxrd,candidate_ablation2,clean,220,220,221,221,cubic,cubic,14,Head,High symmetry,True,0.5695413947105408,139,0.1601521521806717,138,0.05616480112075806,True,1.8385211224373041,0.3380828079172227,0.5695413947105408,,single_softmax
opxrd_855,opxrd,candidate_ablation2,clean,13,13,14,14,monoclinic,monoclinic,109,Head,Low symmetry,True,0.9253456592559814,11,0.025087948888540268,62,0.010328470729291439,True,0.45412362478287144,0.08350809154947637,0.9253456592559814,,single_softmax
opxrd_857,opxrd,candidate_ablation2,clean,224,224,225,225,cubic,cubic,289,Head,High symmetry,True,0.9999946355819702,50,3.3544226880621864e-06,62,1.2282183661227464e-06,True,7.698044133607577e-05,1.415581439015806e-05,0.9999946355819702,,single_softmax
opxrd_861,opxrd,candidate_ablation2,clean,224,224,225,225,cubic,cubic,289,Head,High symmetry,True,0.9999972581863403,50,2.3533609692094615e-06,62,2.2155974477300333e-07,True,4.0952608961914725e-05,7.530711973015309e-06,0.9999972581863403,,single_softmax
opxrd_864,opxrd,candidate_ablation2,clean,224,224,225,225,cubic,cubic,289,Head,High symmetry,True,0.9999973773956299,50,1.8054998918159981e-06,62,4.601502894274745e-07,True,3.899502389105702e-05,7.170734679626896e-06,0.9999973773956299,,single_softmax
opxrd_867,opxrd,candidate_ablation2,clean,224,224,225,225,cubic,cubic,289,Head,High symmetry,True,0.9999935626983643,50,6.212876542122103e-06,62,1.3393537301453762e-07,True,8.552708111369104e-05,1.5727442770713547e-05,0.9999935626983643,,single_softmax
opxrd_874,opxrd,candidate_ablation2,clean,224,224,225,225,cubic,cubic,289,Head,High symmetry,True,0.9999998807907104,50,1.3066674853234872e-07,62,2.899161799518879e-09,True,2.2657433871009783e-06,4.166440499282866e-07,0.9999998807907104,,single_softmax
opxrd_875,opxrd,candidate_ablation2,clean,224,224,225,225,cubic,cubic,289,Head,High symmetry,True,0.9999878406524658,50,1.1557905054360162e-05,62,2.95085982315868e-07,True,0.00015365135020396057,2.8254709333098228e-05,0.9999878406524658,,single_softmax
opxrd_879,opxrd,candidate_ablation2,clean,224,224,225,225,cubic,cubic,289,Head,High symmetry,True,0.9999780654907227,50,2.0585805032169446e-05,62,4.980679477739614e-07,True,0.0002655619301987746,4.883377293946804e-05,0.9999780654907227,,single_softmax
opxrd_885,opxrd,candidate_ablation2,clean,224,224,225,225,cubic,cubic,289,Head,High symmetry,True,0.9999927282333374,50,6.5355438891856465e-06,62,2.509967202968255e-07,True,9.802063750363318e-05,1.8024863547464966e-05,0.9999927282333374,,single_softmax
opxrd_886,opxrd,candidate_ablation2,clean,224,224,225,225,cubic,cubic,289,Head,High symmetry,True,0.9999998807907104,50,9.757867047710533e-08,62,1.900109625196933e-09,True,1.7453441855181933e-06,3.209486449846926e-07,0.9999998807907104,,single_softmax
opxrd_888,opxrd,candidate_ablation2,clean,224,224,225,225,cubic,cubic,289,Head,High symmetry,True,0.9999933242797852,50,4.12394319937448e-06,62,1.578769456500595e-06,True,9.50900540186201e-05,1.7485963079388973e-05,0.9999933242797852,,single_softmax
opxrd_898,opxrd,candidate_ablation2,clean,224,224,225,225,cubic,cubic,289,Head,High symmetry,True,0.9999982118606567,50,1.6422260387116694e-06,62,8.013235230919236e-08,True,2.741652015013336e-05,5.041581520362592e-06,0.9999982118606567,,single_softmax
opxrd_903,opxrd,candidate_ablation2,clean,224,224,225,225,cubic,cubic,289,Head,High symmetry,True,0.9999995231628418,50,4.532795969680592e-07,62,1.0475945444454737e-08,True,7.424039354215414e-06,1.3651951235859158e-06,0.9999995231628418,,single_softmax
opxrd_904,opxrd,candidate_ablation2,clean,224,224,225,225,cubic,cubic,289,Head,High symmetry,True,0.9999885559082031,50,9.69994562183274e-06,62,4.898506631434429e-07,True,0.00015129164332477636,2.7820786481823838e-05,0.9999885559082031,,single_softmax
opxrd_914,opxrd,candidate_ablation2,clean,224,224,225,225,cubic,cubic,289,Head,High symmetry,True,0.9999949932098389,50,4.274889761290979e-06,62,2.7805927516055817e-07,True,6.995986354048376e-05,1.2864811189069739e-05,0.9999949932098389,,single_softmax
opxrd_918,opxrd,candidate_ablation2,clean,224,224,225,225,cubic,cubic,289,Head,High symmetry,True,0.9999970197677612,50,2.74706735581276e-06,62,9.993566152388667e-08,True,4.256316740437444e-05,7.826875076009594e-06,0.9999970197677612,,single_softmax
opxrd_920,opxrd,candidate_ablation2,clean,224,224,225,225,cubic,cubic,289,Head,High symmetry,True,0.9999740123748779,50,2.170254083466716e-05,62,9.772529665497132e-07,True,0.0003231894415170183,5.9430806937056907e-05,0.9999740123748779,,single_softmax
opxrd_923,opxrd,candidate_ablation2,clean,224,224,225,225,cubic,cubic,289,Head,High symmetry,True,0.9999772310256958,50,1.861201053543482e-05,62,9.338570521322254e-07,True,0.0002877412619487738,5.291229597858697e-05,0.9999772310256958,,single_softmax
opxrd_924,opxrd,candidate_ablation2,clean,224,224,225,225,cubic,cubic,289,Head,High symmetry,True,0.9999997615814209,50,2.0611317097518622e-07,62,4.572693779181236e-09,True,3.5453403514775035e-06,6.519471581924249e-07,0.9999997615814209,,single_softmax
opxrd_926,opxrd,candidate_ablation2,clean,224,224,225,225,cubic,cubic,289,Head,High symmetry,True,0.9999873638153076,50,6.565876901731826e-06,62,3.6428841667657252e-06,True,0.000175123867197134,3.22032572989103e-05,0.9999873638153076,,single_softmax
opxrd_927,opxrd,candidate_ablation2,clean,224,224,225,225,cubic,cubic,289,Head,High symmetry,True,0.9999995231628418,50,4.4474984406406293e-07,62,2.6802744912401977e-08,True,7.986569815688445e-06,1.468637980800225e-06,0.9999995231628418,,single_softmax
opxrd_932,opxrd,candidate_ablation2,clean,224,224,225,225,cubic,cubic,289,Head,High symmetry,True,0.9999980926513672,50,1.5572500160487834e-06,62,1.7997687962179043e-07,True,2.8230728301032383e-05,5.19130499893765e-06,0.9999980926513672,,single_softmax
opxrd_934,opxrd,candidate_ablation2,clean,224,224,225,225,cubic,cubic,289,Head,High symmetry,True,0.999995231628418,50,4.159563104622066e-06,62,1.902884463333976e-07,True,6.671943014091378e-05,1.226893289905421e-05,0.999995231628418,,single_softmax
opxrd_943,opxrd,candidate_ablation2,clean,224,224,225,225,cubic,cubic,289,Head,High symmetry,True,0.9999972581863403,50,2.045356723101577e-06,62,4.36380446444673e-07,True,3.9991680270758246e-05,7.354008281037203e-06,0.9999972581863403,,single_softmax
opxrd_944,opxrd,candidate_ablation2,clean,224,224,225,225,cubic,cubic,289,Head,High symmetry,True,0.9999806880950928,50,1.6477672033943236e-05,62,7.166918862822058e-07,True,0.00024451147599551654,4.4962837447829115e-05,0.9999806880950928,,single_softmax
opxrd_946,opxrd,candidate_ablation2,clean,224,224,225,225,cubic,cubic,289,Head,High symmetry,True,0.9999909400939941,50,8.626532689959276e-06,62,1.7974574006984767e-07,True,0.00011714198554593864,2.154105868844604e-05,0.9999909400939941,,single_softmax
opxrd_947,opxrd,candidate_ablation2,clean,224,224,225,225,cubic,cubic,289,Head,High symmetry,True,0.9999946355819702,50,4.723461188405054e-06,62,2.2965788559758948e-07,True,7.535983104759212e-05,1.385780286873276e-05,0.9999946355819702,,single_softmax
opxrd_958,opxrd,candidate_ablation2,clean,224,224,225,225,cubic,cubic,289,Head,High symmetry,True,0.9999969005584717,50,2.2242229533731006e-06,62,5.538323648579535e-07,True,4.596447152062654e-05,8.452335633502935e-06,0.9999969005584717,,single_softmax
opxrd_963,opxrd,candidate_ablation2,clean,224,224,225,225,cubic,cubic,289,Head,High symmetry,True,0.999993085861206,50,5.858213626197539e-06,62,3.753812904960796e-07,True,9.436993243010594e-05,1.735354103336759e-05,0.999993085861206,,single_softmax
opxrd_964,opxrd,candidate_ablation2,clean,224,224,225,225,cubic,cubic,289,Head,High symmetry,True,0.9999985694885254,50,1.3191270227252971e-06,62,6.557552012509404e-08,True,2.2280955596082942e-05,4.09721049112372e-06,0.9999985694885254,,single_softmax
opxrd_965,opxrd,candidate_ablation2,clean,224,224,225,225,cubic,cubic,289,Head,High symmetry,True,0.9999997615814209,50,1.9140829010666494e-07,62,3.771646994721323e-09,True,3.3062851901831737e-06,6.079876740226978e-07,0.9999997615814209,,single_softmax
opxrd_974,opxrd,candidate_ablation2,clean,224,224,225,225,cubic,cubic,289,Head,High symmetry,True,0.9999833106994629,50,1.397768301103497e-05,62,6.939209811207547e-07,True,0.00021638106783345085,3.978998016420928e-05,0.9999833106994629,,single_softmax
opxrd_976,opxrd,candidate_ablation2,clean,224,224,225,225,cubic,cubic,289,Head,High symmetry,True,0.999998927116394,50,9.494335699855583e-07,62,5.592437091195279e-08,True,1.6494872846897436e-05,3.033216676305447e-06,0.999998927116394,,single_softmax
opxrd_977,opxrd,candidate_ablation2,clean,224,224,225,225,cubic,cubic,289,Head,High symmetry,True,0.9999878406524658,50,1.0620634384395089e-05,62,4.367664416804473e-07,True,0.00015790947735312913,2.903772975396291e-05,0.9999878406524658,,single_softmax
opxrd_978,opxrd,candidate_ablation2,clean,224,224,225,225,cubic,cubic,289,Head,High symmetry,True,0.999968409538269,50,1.4868320249661338e-05,62,8.845040611049626e-06,True,0.00040852812808121264,7.512360612521227e-05,0.999968409538269,,single_softmax
opxrd_985,opxrd,candidate_ablation2,clean,224,224,225,225,cubic,cubic,289,Head,High symmetry,True,0.9999970197677612,50,1.8561177057563327e-06,62,6.555019353982061e-07,True,4.518020416088211e-05,8.308117920742192e-06,0.9999970197677612,,single_softmax
opxrd_986,opxrd,candidate_ablation2,clean,224,224,225,225,cubic,cubic,289,Head,High symmetry,True,0.9999997615814209,50,2.666087084435276e-07,62,5.678795211849774e-09,True,4.425150444891156e-06,8.137340765939269e-07,0.9999997615814209,,single_softmax
opxrd_993,opxrd,candidate_ablation2,clean,224,224,225,225,cubic,cubic,289,Head,High symmetry,True,0.9999970197677612,50,2.6055186026496813e-06,62,1.2776200719599728e-07,True,4.303134609511195e-05,7.912967731916486e-06,0.9999970197677612,,single_softmax
opxrd_996,opxrd,candidate_ablation2,clean,224,224,225,225,cubic,cubic,289,Head,High symmetry,True,0.9999967813491821,50,2.8084059522370808e-06,62,1.439262433677868e-07,True,4.644534760201265e-05,8.540763192953392e-06,0.9999967813491821,,single_softmax
opxrd_1002,opxrd,candidate_ablation2,clean,224,224,225,225,cubic,cubic,289,Head,High symmetry,True,0.9999990463256836,50,8.990214723780809e-07,62,3.119364322401452e-08,True,1.447622878116618e-05,2.662011338711543e-06,0.9999990463256836,,single_softmax
opxrd_1006,opxrd,candidate_ablation2,clean,224,224,225,225,cubic,cubic,289,Head,High symmetry,True,0.9999996423721313,50,3.838264035493921e-07,62,6.829842469358027e-09,True,6.216772036579894e-06,1.1431926022812803e-06,0.9999996423721313,,single_softmax
opxrd_1007,opxrd,candidate_ablation2,clean,224,224,225,225,cubic,cubic,289,Head,High symmetry,True,0.9999997615814209,50,2.7601251417763706e-07,62,6.20012041707696e-09,True,4.594816390706385e-06,8.449336851647007e-07,0.9999997615814209,,single_softmax
opxrd_1026,opxrd,candidate_ablation2,clean,224,224,225,225,cubic,cubic,289,Head,High symmetry,True,0.9999990463256836,50,9.075990305973392e-07,62,2.57408565573769e-08,True,1.4497062033230707e-05,2.6658423332375594e-06,0.9999990463256836,,single_softmax
opxrd_1033,opxrd,candidate_ablation2,clean,224,224,225,225,cubic,cubic,289,Head,High symmetry,True,0.999998927116394,50,9.715345186123159e-07,62,4.763452920997224e-08,True,1.6443159254092137e-05,3.023707143643714e-06,0.999998927116394,,single_softmax
opxrd_1035,opxrd,candidate_ablation2,clean,224,224,225,225,cubic,cubic,289,Head,High symmetry,True,0.9999933242797852,50,5.7990223467641044e-06,62,2.898526645367383e-07,True,9.195185223958755e-05,1.6908884004083257e-05,0.9999933242797852,,single_softmax
opxrd_1037,opxrd,candidate_ablation2,clean,224,224,225,225,cubic,cubic,289,Head,High symmetry,True,0.9999990463256836,50,9.074743729797774e-07,62,2.7476152908434415e-08,True,1.4570010346500908e-05,2.6792566858290164e-06,0.9999990463256836,,single_softmax
opxrd_1050,opxrd,candidate_ablation2,clean,224,224,225,225,cubic,cubic,289,Head,High symmetry,True,0.9999988079071045,50,1.0943639381366665e-06,62,3.476100474131272e-08,True,1.751074539770113e-05,3.2200239097227265e-06,0.9999988079071045,,single_softmax
opxrd_1052,opxrd,candidate_ablation2,clean,224,224,225,225,cubic,cubic,289,Head,High symmetry,True,0.9999998807907104,50,1.6089752818970737e-07,62,3.050582897401455e-09,True,2.721131357691794e-06,5.003846400744403e-07,0.9999998807907104,,single_softmax
opxrd_1058,opxrd,candidate_ablation2,clean,224,224,225,225,cubic,cubic,289,Head,High symmetry,True,0.9999953508377075,50,3.896425823768368e-06,62,4.0141790691450296e-07,True,6.632083830521355e-05,1.219563646237919e-05,0.9999953508377075,,single_softmax
opxrd_1063,opxrd,candidate_ablation2,clean,224,224,225,225,cubic,cubic,289,Head,High symmetry,True,0.9999979734420776,50,1.756063738866942e-06,62,1.020865738610155e-07,True,2.986538828848526e-05,5.491900097793712e-06,0.9999979734420776,,single_softmax
opxrd_1083,opxrd,candidate_ablation2,clean,224,224,225,225,cubic,cubic,289,Head,High symmetry,True,0.9999961853027344,50,3.3907754186657257e-06,62,1.7096121496251726e-07,True,5.5635897750695044e-05,1.0230799256532288e-05,0.9999961853027344,,single_softmax
opxrd_1084,opxrd,candidate_ablation2,clean,224,224,225,225,cubic,cubic,289,Head,High symmetry,True,0.9999985694885254,50,1.3964804566057865e-06,62,4.6424499799968544e-08,True,2.1917433824012487e-05,4.030363034251592e-06,0.9999985694885254,,single_softmax
opxrd_1097,opxrd,candidate_ablation2,clean,224,224,225,225,cubic,cubic,289,Head,High symmetry,True,0.999996542930603,50,3.3156175049953163e-06,62,6.180373901543135e-08,True,4.760058414035248e-05,8.753197854662764e-06,0.999996542930603,,single_softmax
opxrd_1106,opxrd,candidate_ablation2,clean,224,224,225,225,cubic,cubic,289,Head,High symmetry,True,0.9999926090240479,50,6.9956713559804484e-06,62,1.8921087985290796e-07,True,9.667567285027099e-05,1.7777540075893803e-05,0.9999926090240479,,single_softmax
opxrd_1108,opxrd,candidate_ablation2,clean,224,224,225,225,cubic,cubic,289,Head,High symmetry,True,0.9999996423721313,50,3.5652033147925977e-07,62,1.1104297925612627e-08,True,5.939671336144533e-06,1.0922369827152556e-06,0.9999996423721313,,single_softmax
opxrd_1117,opxrd,candidate_ablation2,clean,224,224,225,225,cubic,cubic,289,Head,High symmetry,True,0.9999904632568359,50,8.190224434656557e-06,62,4.137587268360221e-07,True,0.00012850456838809716,2.363050648732495e-05,0.9999904632568359,,single_softmax
opxrd_1125,opxrd,candidate_ablation2,clean,224,224,225,225,cubic,cubic,289,Head,High symmetry,True,0.9999994039535522,50,5.862176521986839e-07,62,1.7760697801350034e-08,True,9.552573980961604e-06,1.7566080666177573e-06,0.9999994039535522,,single_softmax
opxrd_1136,opxrd,candidate_ablation2,clean,224,224,225,225,cubic,cubic,289,Head,High symmetry,True,0.9999978542327881,50,1.9995461570943007e-06,62,6.543977804085443e-08,True,3.0947015943895395e-05,5.6907989357778e-06,0.9999978542327881,,single_softmax
opxrd_1138,opxrd,candidate_ablation2,clean,224,224,225,225,cubic,cubic,289,Head,High symmetry,True,0.9999748468399048,50,2.0273835616535507e-05,62,1.1875864629473654e-06,True,0.00031504887832442893,5.7933851352162856e-05,0.9999748468399048,,single_softmax
opxrd_1141,opxrd,candidate_ablation2,clean,224,224,225,225,cubic,cubic,289,Head,High symmetry,True,0.9996535778045654,50,0.0003031946544069797,138,1.2051011253788602e-05,True,0.0033327230843194023,0.0006128492975177519,0.9996535778045654,,single_softmax
opxrd_1144,opxrd,candidate_ablation2,clean,224,224,225,225,cubic,cubic,289,Head,High symmetry,True,0.9999958276748657,50,3.7464574234036263e-06,62,1.7858405954029877e-07,True,6.056708812175977e-05,1.1137588233105922e-05,0.9999958276748657,,single_softmax
opxrd_1156,opxrd,candidate_ablation2,clean,224,224,225,225,cubic,cubic,289,Head,High symmetry,True,0.999996542930603,50,2.9142865969333798e-06,62,2.423333285150875e-07,True,4.9780884048349534e-05,9.154129835264712e-06,0.999996542930603,,single_softmax
opxrd_1157,opxrd,candidate_ablation2,clean,224,224,225,225,cubic,cubic,289,Head,High symmetry,True,0.9999994039535522,50,5.537951892620185e-07,62,1.341576361113539e-08,True,8.941224401477358e-06,1.6441879372384193e-06,0.9999994039535522,,single_softmax
opxrd_1160,opxrd,candidate_ablation2,clean,224,224,225,225,cubic,cubic,289,Head,High symmetry,True,0.9999942779541016,50,4.863959020440234e-06,62,3.5402206322032725e-07,True,8.00195551161076e-05,1.4714672326460135e-05,0.9999942779541016,,single_softmax
opxrd_1163,opxrd,candidate_ablation2,clean,224,224,225,225,cubic,cubic,289,Head,High symmetry,True,0.9999984502792358,50,1.3844081649949658e-06,62,1.4518043656153168e-07,True,2.4615012357617893e-05,4.526416581903797e-06,0.9999984502792358,,single_softmax
opxrd_1172,opxrd,candidate_ablation2,clean,224,224,225,225,cubic,cubic,289,Head,High symmetry,True,0.9999994039535522,50,4.74554724405607e-07,62,9.008364543205971e-08,True,9.904269193239555e-06,1.8212807556866466e-06,0.9999994039535522,,single_softmax
opxrd_1185,opxrd,candidate_ablation2,clean,224,224,225,225,cubic,cubic,289,Head,High symmetry,True,0.9999591112136841,50,3.21490406349767e-05,62,1.623011485207826e-06,True,0.0005005010643407555,9.203636723714142e-05,0.9999591112136841,,single_softmax
opxrd_1186,opxrd,candidate_ablation2,clean,224,224,225,225,cubic,cubic,289,Head,High symmetry,True,0.9999996423721313,50,3.644170760708221e-07,62,8.88744633442684e-09,True,6.037145403165136e-06,1.1101613382612772e-06,0.9999996423721313,,single_softmax
opxrd_10,opxrd,candidate_npjt_topk,clean,147,147,148,148,trigonal,trigonal,23,Head,Medium symmetry,True,0.9999513626098633,162,2.74238373094704e-05,59,6.646817382716108e-06,True,0.00060616063439687,0.00011146594228632113,0.9999513626098633,0.6214361,single_softmax
opxrd_23,opxrd,candidate_npjt_topk,clean,59,59,60,60,orthorhombic,orthorhombic,24,Head,Low symmetry,True,0.9999158382415771,61,3.357939931447618e-05,224,1.5785171854076907e-05,True,0.0010275483758733239,0.00018895428284527736,0.9999158382415771,0.5722665,single_softmax
opxrd_31,opxrd,candidate_npjt_topk,clean,14,14,15,15,monoclinic,monoclinic,37,Head,Low symmetry,True,0.4462670385837555,128,0.0961867943406105,226,0.07692365348339081,True,2.4554385055075985,0.45152679209340263,0.4462670385837555,0.5547033,single_softmax
opxrd_43,opxrd,candidate_npjt_topk,clean,61,61,62,62,orthorhombic,orthorhombic,29,Head,Low symmetry,True,0.9471121430397034,59,0.0151804955676198,139,0.007856497541069984,True,0.3393461703704165,0.06240184283697235,0.9471121430397034,0.48249844,single_softmax
opxrd_44,opxrd,candidate_npjt_topk,clean,13,13,14,14,monoclinic,monoclinic,109,Head,Low symmetry,True,0.8601487874984741,32,0.08078431338071823,18,0.05163592845201492,True,0.5418176264171166,0.09963400598591177,0.8601487874984741,0.63647705,single_softmax
opxrd_49,opxrd,candidate_npjt_topk,clean,25,25,26,26,orthorhombic,orthorhombic,5,Medium,Low symmetry,True,0.9766379594802856,18,0.005777615122497082,13,0.004042914602905512,True,0.16961115032917573,0.03118953231352574,0.9766379594802856,0.55887085,single_softmax
opxrd_51,opxrd,candidate_npjt_topk,clean,10,10,11,11,monoclinic,monoclinic,13,Head,Low symmetry,True,0.3355741798877716,124,0.20918048918247223,13,0.07748528569936752,True,2.4601754843379866,0.4523978678098997,0.3355741798877716,0.49172136,single_softmax
opxrd_54,opxrd,candidate_npjt_topk,clean,1,13,2,14,triclinic,monoclinic,52,Head,Low symmetry,False,0.3401485085487366,1,0.15530064702033997,224,0.08677537739276886,True,2.4872027355257535,0.4573678672623569,0.3401485085487366,0.4765638,single_softmax
opxrd_56,opxrd,candidate_npjt_topk,clean,128,128,129,129,tetragonal,tetragonal,29,Head,Medium symmetry,True,0.9999194145202637,13,6.996890442678705e-05,1,3.623980774136726e-06,True,0.0008984564928651581,0.0001652157759801159,0.9999194145202637,0.5756125,single_softmax
opxrd_58,opxrd,candidate_npjt_topk,clean,198,198,199,199,cubic,cubic,2,Medium,High symmetry,True,0.8762791752815247,145,0.07901915907859802,224,0.019499145448207855,True,0.5549906216033367,0.10205636771289225,0.8762791752815247,0.33083418,single_softmax
opxrd_59,opxrd,candidate_npjt_topk,clean,1,1,2,2,triclinic,triclinic,52,Head,Low symmetry,True,0.861552357673645,18,0.037214163690805435,73,0.03583170846104622,True,0.6949376111178135,0.12779100333779786,0.861552357673645,0.46985844,single_softmax
opxrd_70,opxrd,candidate_npjt_topk,clean,32,32,33,33,orthorhombic,orthorhombic,9,Head,Low symmetry,True,0.997654914855957,18,0.001336912508122623,13,0.0003510648384690285,True,0.01993930583166744,0.0036666081347783174,0.997654914855957,0.5403437,single_softmax
opxrd_76,opxrd,candidate_npjt_topk,clean,128,128,129,129,tetragonal,tetragonal,29,Head,Medium symmetry,True,0.9975669384002686,165,0.0005486275185830891,226,0.0004426998784765601,True,0.023445275981605188,0.004311315567453103,0.9975669384002686,0.54750365,single_softmax
opxrd_78,opxrd,candidate_npjt_topk,clean,220,220,221,221,cubic,cubic,14,Head,High symmetry,True,0.508026123046875,70,0.15148842334747314,224,0.14317834377288818,True,1.749222438369824,0.3216618109080485,0.508026123046875,0.56638694,single_softmax
opxrd_81,opxrd,candidate_npjt_topk,clean,147,147,148,148,trigonal,trigonal,23,Head,Medium symmetry,True,0.9922846555709839,224,0.007097248453646898,60,0.00010116201883647591,True,0.0491108559610817,0.009030919405772005,0.9922846555709839,0.6531224,single_softmax
opxrd_83,opxrd,candidate_npjt_topk,clean,1,18,2,19,triclinic,orthorhombic,52,Head,Low symmetry,False,0.1844945251941681,1,0.14114385843276978,60,0.09757465869188309,True,3.159534032687019,0.5810018304629405,0.1844945251941681,0.4986772,single_softmax
opxrd_86,opxrd,candidate_npjt_topk,clean,14,14,15,15,monoclinic,monoclinic,37,Head,Low symmetry,True,0.15504449605941772,10,0.14615540206432343,200,0.12197238206863403,True,3.0288221120071777,0.5569654173739736,0.15504449605941772,0.5301614,single_softmax
opxrd_88,opxrd,candidate_npjt_topk,clean,59,139,60,140,orthorhombic,tetragonal,24,Head,Low symmetry,False,0.30501270294189453,61,0.22864305973052979,59,0.13441775739192963,True,2.445247316346834,0.44965275006829974,0.30501270294189453,0.32887125,single_softmax
opxrd_96,opxrd,candidate_npjt_topk,clean,160,160,161,161,trigonal,trigonal,2,Medium,Medium symmetry,True,0.9812428951263428,13,0.0032324257772415876,18,0.002466687699779868,True,0.14614956231273418,0.026875217151195528,0.9812428951263428,0.53969514,single_softmax
opxrd_101,opxrd,candidate_npjt_topk,clean,73,73,74,74,orthorhombic,orthorhombic,29,Head,Low symmetry,True,0.999570906162262,224,0.0001304862817050889,1,0.00011318867473164573,True,0.004572633623670017,0.0008408545304160805,0.999570906162262,0.28329095,single_softmax
opxrd_107,opxrd,candidate_npjt_topk,clean,87,87,88,88,tetragonal,tetragonal,11,Head,Medium symmetry,True,0.8167918920516968,14,0.08692643791437149,165,0.04987851157784462,True,0.7279022045111991,0.13385281147275735,0.8167918920516968,0.48951185,single_softmax
opxrd_109,opxrd,candidate_npjt_topk,clean,14,200,15,201,monoclinic,cubic,37,Head,Low symmetry,False,0.10450917482376099,165,0.09050168842077255,14,0.08557838946580887,True,3.7955536487801336,0.6979584947487091,0.10450917482376099,0.5371028,single_softmax
opxrd_113,opxrd,candidate_npjt_topk,clean,14,73,15,74,monoclinic,orthorhombic,37,Head,Low symmetry,False,0.9840834736824036,14,0.006975587923079729,224,0.0025704812724143267,True,0.11840190079529711,0.021772742556552028,0.9840834736824036,0.28154764,single_softmax
opxrd_128,opxrd,candidate_npjt_topk,clean,161,161,162,162,trigonal,trigonal,2,Medium,Medium symmetry,True,0.7136658430099487,11,0.04300341010093689,14,0.03097607009112835,True,1.5831604125038654,0.29112492160717496,0.7136658430099487,0.4434571,single_softmax
opxrd_129,opxrd,candidate_npjt_topk,clean,73,73,74,74,orthorhombic,orthorhombic,29,Head,Low symmetry,True,0.9998537302017212,1,0.00010117669444298372,162,2.8135489628766663e-05,True,0.001579051657179881,0.00029036936894040114,0.9998537302017212,0.41603604,single_softmax
opxrd_135,opxrd,candidate_npjt_topk,clean,13,13,14,14,monoclinic,monoclinic,109,Head,Low symmetry,True,0.9983273148536682,3,0.0006933733238838613,60,0.0004015399026684463,True,0.015269856980055056,0.002807950401716129,0.9983273148536682,0.5960444,single_softmax
opxrd_140,opxrd,candidate_npjt_topk,clean,147,13,148,14,trigonal,monoclinic,23,Head,Medium symmetry,False,0.3298659026622772,18,0.070001520216465,61,0.05999022722244263,False,2.7852665145109343,0.5121783549461418,0.3298659026622772,0.0013550357,single_softmax
opxrd_155,opxrd,candidate_npjt_topk,clean,59,59,60,60,orthorhombic,orthorhombic,24,Head,Low symmetry,True,0.9999377727508545,13,2.4895756723708473e-05,61,1.7988795661949553e-05,True,0.0007686082097386495,0.0001413381758661484,0.9999377727508545,0.553508,single_softmax
opxrd_156,opxrd,candidate_npjt_topk,clean,3,13,4,14,monoclinic,monoclinic,14,Head,Low symmetry,False,0.30801716446876526,3,0.16105623543262482,18,0.08784977346658707,True,2.621008929650717,0.4819732815131944,0.30801716446876526,0.048449792,single_softmax
opxrd_158,opxrd,candidate_npjt_topk,clean,61,61,62,62,orthorhombic,orthorhombic,29,Head,Low symmetry,True,0.6828233599662781,139,0.07723233103752136,62,0.037052057683467865,True,1.4953289155746408,0.2749737233734338,0.6828233599662781,0.44687954,single_softmax
opxrd_163,opxrd,candidate_npjt_topk,clean,61,61,62,62,orthorhombic,orthorhombic,29,Head,Low symmetry,True,0.4189969003200531,59,0.07762880623340607,13,0.046036604791879654,True,2.7474674353603343,0.5052275406966004,0.4189969003200531,0.49423575,single_softmax
opxrd_168,opxrd,candidate_npjt_topk,clean,226,226,227,227,cubic,cubic,13,Head,High symmetry,True,0.7970408797264099,61,0.03300068527460098,190,0.023811304941773415,True,1.1215389858668896,0.20623807086200213,0.7970408797264099,0.523832,single_softmax
opxrd_170,opxrd,candidate_npjt_topk,clean,59,59,60,60,orthorhombic,orthorhombic,24,Head,Low symmetry,True,0.9998065829277039,61,8.028209413168952e-05,224,3.5819077311316505e-05,True,0.002208989564432804,0.00040620767718634287,0.9998065829277039,0.57505214,single_softmax
opxrd_174,opxrd,candidate_npjt_topk,clean,197,13,198,14,cubic,monoclinic,3,Medium,High symmetry,False,0.42590323090553284,18,0.07594376057386398,61,0.057421643286943436,False,2.4545421706648582,0.45136196646438514,0.42590323090553284,0.006742664,single_softmax
opxrd_178,opxrd,candidate_npjt_topk,clean,192,192,193,193,hexagonal,hexagonal,6,Head,Medium symmetry,True,0.47129398584365845,62,0.07878657430410385,45,0.06147606298327446,True,2.320714386561094,0.42675258206571154,0.47129398584365845,0.5346799,single_softmax
opxrd_184,opxrd,candidate_npjt_topk,clean,13,13,14,14,monoclinic,monoclinic,109,Head,Low symmetry,True,0.6723136901855469,18,0.12826065719127655,61,0.02860063500702381,True,1.465647389153721,0.26951563335032286,0.6723136901855469,0.0065810564,single_softmax
opxrd_192,opxrd,candidate_npjt_topk,clean,10,10,11,11,monoclinic,monoclinic,13,Head,Low symmetry,True,0.9745748043060303,59,0.02247842401266098,13,0.0015889359638094902,True,0.13313482892649786,0.024481957942033058,0.9745748043060303,0.61673903,single_softmax
opxrd_198,opxrd,candidate_npjt_topk,clean,61,13,62,14,orthorhombic,monoclinic,29,Head,Low symmetry,False,0.36650699377059937,18,0.09736870974302292,61,0.052823130041360855,True,2.7282066854081823,0.5016857111538522,0.36650699377059937,0.009271885,single_softmax
opxrd_199,opxrd,candidate_npjt_topk,clean,18,18,19,19,orthorhombic,orthorhombic,27,Head,Low symmetry,True,0.43968841433525085,162,0.16916395723819733,1,0.05338628590106964,True,2.355900595464042,0.43322291964339493,0.43968841433525085,0.5402251,single_softmax
opxrd_208,opxrd,candidate_npjt_topk,clean,18,18,19,19,orthorhombic,orthorhombic,27,Head,Low symmetry,True,0.2847546637058258,162,0.21600927412509918,60,0.16001108288764954,True,2.4681635388260093,0.45386677880480103,0.2847546637058258,0.40592667,single_softmax
opxrd_209,opxrd,candidate_npjt_topk,clean,73,73,74,74,orthorhombic,orthorhombic,29,Head,Low symmetry,True,0.9996291399002075,1,0.00010505415411898866,224,9.172621503239498e-05,True,0.004014258835930343,0.000738175853622336,0.9996291399002075,0.28460357,single_softmax
opxrd_210,opxrd,candidate_npjt_topk,clean,138,138,139,139,tetragonal,tetragonal,11,Head,Medium symmetry,True,0.444368451833725,139,0.07950853556394577,61,0.07604850828647614,True,2.3480504744684367,0.431779373025249,0.444368451833725,0.4995373,single_softmax
opxrd_218,opxrd,candidate_npjt_topk,clean,147,147,148,148,trigonal,trigonal,23,Head,Medium symmetry,True,0.11945310980081558,13,0.10689881443977356,14,0.07746683061122894,True,3.5521637814298623,0.6532019081812974,0.11945310980081558,0.31828034,single_softmax
opxrd_220,opxrd,candidate_npjt_topk,clean,165,165,166,166,trigonal,trigonal,12,Head,Medium symmetry,True,0.8140637874603271,13,0.056138910353183746,61,0.018175438046455383,True,1.0134516270209906,0.1863620534842229,0.8140637874603271,0.5733285,single_softmax
opxrd_231,opxrd,candidate_npjt_topk,clean,3,3,4,4,monoclinic,monoclinic,14,Head,Low symmetry,True,0.6049973964691162,13,0.10613341629505157,18,0.09765848517417908,True,1.6517430222545273,0.30373647172527024,0.6049973964691162,0.3870654,single_softmax
opxrd_233,opxrd,candidate_npjt_topk,clean,60,192,61,193,orthorhombic,hexagonal,11,Head,Low symmetry,False,0.1453762650489807,190,0.13319949805736542,60,0.10232611000537872,True,3.03584718458636,0.55825724711387,0.1453762650489807,0.5464654,single_softmax
opxrd_240,opxrd,candidate_npjt_topk,clean,1,1,2,2,triclinic,triclinic,52,Head,Low symmetry,True,0.8326066136360168,162,0.03966556489467621,18,0.029757630079984665,True,0.8725300510197923,0.16044820265641982,0.8326066136360168,0.55070704,single_softmax
opxrd_243,opxrd,candidate_npjt_topk,clean,73,73,74,74,orthorhombic,orthorhombic,29,Head,Low symmetry,True,0.9999333620071411,1,4.239038025843911e-05,162,1.3391851098276675e-05,True,0.0007808097525857857,0.0001435818987237969,0.9999333620071411,0.4001654,single_softmax
opxrd_244,opxrd,candidate_npjt_topk,clean,28,28,29,29,orthorhombic,orthorhombic,4,Medium,Low symmetry,True,0.5000954866409302,63,0.21317075192928314,13,0.11683832854032516,True,1.8337328356486413,0.3372022972595709,0.5000954866409302,0.4896927,single_softmax
opxrd_247,opxrd,candidate_npjt_topk,clean,18,18,19,19,orthorhombic,orthorhombic,27,Head,Low symmetry,True,0.9206048250198364,13,0.0336650125682354,1,0.02292233146727085,True,0.41964268601326804,0.07716744500667502,0.9206048250198364,0.47051886,single_softmax
opxrd_260,opxrd,candidate_npjt_topk,clean,147,147,148,148,trigonal,trigonal,23,Head,Medium symmetry,True,0.9961764812469482,138,0.000841027416754514,3,0.0006816689274273813,True,0.034728101339268666,0.0063860968857670525,0.9961764812469482,0.58679646,single_softmax
opxrd_265,opxrd,candidate_npjt_topk,clean,165,165,166,166,trigonal,trigonal,12,Head,Medium symmetry,True,0.39707037806510925,59,0.1133166179060936,61,0.1037982851266861,True,2.481057839778514,0.45623789187984337,0.39707037806510925,0.43948877,single_softmax
opxrd_266,opxrd,candidate_npjt_topk,clean,140,140,141,141,tetragonal,tetragonal,5,Medium,Medium symmetry,True,0.999762237071991,226,0.00015809823526069522,174,2.1392272174125537e-05,True,0.002526804687280766,0.0004646502089689279,0.999762237071991,0.6967162,single_softmax
opxrd_270,opxrd,candidate_npjt_topk,clean,13,13,14,14,monoclinic,monoclinic,109,Head,Low symmetry,True,0.3457701504230499,18,0.1050511822104454,51,0.04728008434176445,True,2.727572539813705,0.5015690991005052,0.3457701504230499,0.0019893195,single_softmax
opxrd_274,opxrd,candidate_npjt_topk,clean,163,139,164,140,trigonal,tetragonal,4,Medium,Medium symmetry,False,0.30387142300605774,163,0.12503273785114288,61,0.06665028631687164,True,2.951251414289269,0.5427010616499545,0.30387142300605774,0.26360953,single_softmax
opxrd_275,opxrd,candidate_npjt_topk,clean,1,1,2,2,triclinic,triclinic,52,Head,Low symmetry,True,0.5862712264060974,10,0.16633178293704987,13,0.11721578240394592,True,1.5352220364494134,0.2823096077194589,0.5862712264060974,0.48820218,single_softmax
opxrd_277,opxrd,candidate_npjt_topk,clean,224,70,225,71,cubic,orthorhombic,289,Head,High symmetry,False,0.20678403973579407,224,0.20385882258415222,61,0.1683957725763321,True,2.5291414926040714,0.4650799204884843,0.20678403973579407,0.49021587,single_softmax
opxrd_289,opxrd,candidate_npjt_topk,clean,32,35,33,36,orthorhombic,orthorhombic,9,Head,Low symmetry,False,0.9353408217430115,32,0.03291115537285805,42,0.027453014627099037,True,0.30583770230653984,0.05624002242937118,0.9353408217430115,0.020390073,single_softmax
opxrd_292,opxrd,candidate_npjt_topk,clean,224,61,225,62,cubic,orthorhombic,289,Head,High symmetry,False,0.1171407699584961,226,0.10405691713094711,62,0.06958571821451187,False,3.566841982022881,0.6559010598043591,0.1171407699584961,0.46724123,single_softmax
opxrd_294,opxrd,candidate_npjt_topk,clean,204,224,205,225,cubic,cubic,4,Medium,High symmetry,False,0.6813325881958008,190,0.024256734177470207,61,0.020186902955174446,False,1.741956242500326,0.32032564137893277,0.6813325881958008,0.57028246,single_softmax
opxrd_296,opxrd,candidate_npjt_topk,clean,61,61,62,62,orthorhombic,orthorhombic,29,Head,Low symmetry,True,0.7433138489723206,87,0.18317073583602905,60,0.052532777190208435,True,0.8167365985129145,0.1501884308992614,0.7433138489723206,0.6285818,single_softmax
opxrd_306,opxrd,candidate_npjt_topk,clean,60,60,61,61,orthorhombic,orthorhombic,11,Head,Low symmetry,True,0.9988555908203125,224,0.0005888337618671358,59,0.0005131857469677925,True,0.009908815338645228,0.0018221167393395908,0.9988555908203125,0.66368455,single_softmax
opxrd_308,opxrd,candidate_npjt_topk,clean,32,32,33,33,orthorhombic,orthorhombic,9,Head,Low symmetry,True,0.9985663294792175,13,0.00044865382369607687,87,0.0003593657456804067,True,0.013510205599442887,0.0024843708287362342,0.9985663294792175,0.62227124,single_softmax
opxrd_309,opxrd,candidate_npjt_topk,clean,14,18,15,19,monoclinic,orthorhombic,37,Head,Low symmetry,False,0.2050059288740158,1,0.10650122910737991,3,0.06891696900129318,False,3.3668089048921366,0.6191172863859546,0.2050059288740158,0.1530131,single_softmax
opxrd_314,opxrd,candidate_npjt_topk,clean,226,226,227,227,cubic,cubic,13,Head,High symmetry,True,0.34227877855300903,14,0.06908927857875824,138,0.05301518365740776,True,3.024659061993332,0.5561998805405893,0.34227877855300903,0.5000863,single_softmax
opxrd_319,opxrd,candidate_npjt_topk,clean,32,35,33,36,orthorhombic,orthorhombic,9,Head,Low symmetry,False,0.9385066628456116,32,0.031252212822437286,42,0.026331821456551552,True,0.2933430976707296,0.05394240889230705,0.9385066628456116,0.021388786,single_softmax
opxrd_321,opxrd,candidate_npjt_topk,clean,175,175,176,176,hexagonal,hexagonal,5,Head,Medium symmetry,True,0.2735085189342499,61,0.04401988163590431,73,0.041778430342674255,True,3.488329440161507,0.6414635098163431,0.2735085189342499,0.4238077,single_softmax
opxrd_323,opxrd,candidate_npjt_topk,clean,59,59,60,60,orthorhombic,orthorhombic,24,Head,Low symmetry,True,0.9997159838676453,61,0.00011918612290173769,224,4.808505764231086e-05,True,0.003146166116644359,0.0005785436250409038,0.9997159838676453,0.5735745,single_softmax
opxrd_328,opxrd,candidate_npjt_topk,clean,62,13,63,14,orthorhombic,monoclinic,10,Head,Low symmetry,False,0.15547148883342743,18,0.06996238231658936,51,0.051023829728364944,False,3.539799523582723,0.6509282639137614,0.15547148883342743,0.01309156,single_softmax
opxrd_331,opxrd,candidate_npjt_topk,clean,165,165,166,166,trigonal,trigonal,12,Head,Medium symmetry,True,0.9128255844116211,59,0.044275302439928055,61,0.021481849253177643,True,0.45001759187047896,0.08275303950276293,0.9128255844116211,0.5685944,single_softmax
opxrd_332,opxrd,candidate_npjt_topk,clean,73,73,74,74,orthorhombic,orthorhombic,29,Head,Low symmetry,True,0.9899868369102478,14,0.0065153236500918865,1,0.0007360950112342834,True,0.07219423940726319,0.013275687114162098,0.9899868369102478,0.24207798,single_softmax
opxrd_333,opxrd,candidate_npjt_topk,clean,13,13,14,14,monoclinic,monoclinic,109,Head,Low symmetry,True,0.7301681041717529,18,0.16690850257873535,3,0.01884908229112625,True,1.0750430935560038,0.19768801308064687,0.7301681041717529,0.424902,single_softmax
opxrd_342,opxrd,candidate_npjt_topk,clean,59,59,60,60,orthorhombic,orthorhombic,24,Head,Low symmetry,True,0.9999545812606812,61,1.6531575965927914e-05,13,1.3024730833421927e-05,True,0.0005800921494069548,0.00010667224886829023,0.9999545812606812,0.55990076,single_softmax
opxrd_344,opxrd,candidate_npjt_topk,clean,60,60,61,61,orthorhombic,orthorhombic,11,Head,Low symmetry,True,0.7381327152252197,61,0.1722068041563034,62,0.047329600900411606,True,0.8568086410789993,0.15755721687859267,0.7381327152252197,0.57716876,single_softmax
opxrd_352,opxrd,candidate_npjt_topk,clean,14,60,15,61,monoclinic,orthorhombic,37,Head,Low symmetry,False,0.16826771199703217,59,0.15657372772693634,18,0.13408879935741425,False,2.9929369589136723,0.5503665520292512,0.16826771199703217,0.5680921,single_softmax
opxrd_354,opxrd,candidate_npjt_topk,clean,61,61,62,62,orthorhombic,orthorhombic,29,Head,Low symmetry,True,0.32488980889320374,59,0.23459701240062714,139,0.08357538282871246,True,2.4857825869394916,0.45710671833355554,0.32488980889320374,0.55227935,single_softmax
opxrd_361,opxrd,candidate_npjt_topk,clean,1,1,2,2,triclinic,triclinic,52,Head,Low symmetry,True,0.9955744743347168,10,0.0019226790172979236,18,0.0009574071154929698,True,0.035960285385081885,0.0066126813057094695,0.9955744743347168,0.64607745,single_softmax
opxrd_363,opxrd,candidate_npjt_topk,clean,1,57,2,58,triclinic,orthorhombic,52,Head,Low symmetry,False,0.4047873020172119,13,0.26483026146888733,60,0.1122947484254837,False,1.968793802024789,0.3620384496405283,0.4047873020172119,0.31551027,single_softmax
opxrd_376,opxrd,candidate_npjt_topk,clean,56,13,57,14,orthorhombic,monoclinic,2,Tail,Low symmetry,False,0.051101598888635635,56,0.04078160226345062,18,0.040219515562057495,True,4.240213239616187,0.7797262597216148,0.051101598888635635,0.09715479,single_softmax
opxrd_377,opxrd,candidate_npjt_topk,clean,14,14,15,15,monoclinic,monoclinic,37,Head,Low symmetry,True,0.9923964142799377,12,0.0049467794597148895,185,0.00044490283471532166,True,0.05659629804475183,0.010407405782384327,0.9923964142799377,0.5966736,single_softmax
opxrd_381,opxrd,candidate_npjt_topk,clean,160,162,161,163,trigonal,trigonal,2,Medium,Medium symmetry,False,0.40141427516937256,147,0.2384822815656662,17,0.15067467093467712,False,1.7882487746962434,0.3288383035830233,0.40141427516937256,0.5484086,single_softmax
opxrd_382,opxrd,candidate_npjt_topk,clean,14,14,15,15,monoclinic,monoclinic,37,Head,Low symmetry,True,0.9484387636184692,73,0.021733758971095085,193,0.0036482319701462984,True,0.3287988938702731,0.06046232046133568,0.9484387636184692,0.57944375,single_softmax
opxrd_398,opxrd,candidate_npjt_topk,clean,14,14,15,15,monoclinic,monoclinic,37,Head,Low symmetry,True,0.9448869228363037,18,0.027761202305555344,73,0.006605170667171478,True,0.32238822892718316,0.05928347319212229,0.9448869228363037,0.5141118,single_softmax
opxrd_405,opxrd,candidate_npjt_topk,clean,61,61,62,62,orthorhombic,orthorhombic,29,Head,Low symmetry,True,0.9505108594894409,59,0.016748186200857162,139,0.007205623667687178,True,0.3149590708656336,0.057917336797355244,0.9505108594894409,0.47405276,single_softmax
opxrd_409,opxrd,candidate_npjt_topk,clean,128,128,129,129,tetragonal,tetragonal,29,Head,Medium symmetry,True,0.9999517202377319,13,4.2140967707382515e-05,1,2.1666828615707345e-06,True,0.0005587426557156097,0.00010274632346732866,0.9999517202377319,0.5787418,single_softmax
opxrd_410,opxrd,candidate_npjt_topk,clean,11,226,12,227,monoclinic,cubic,10,Head,Low symmetry,False,0.3485589325428009,32,0.13103418052196503,190,0.12082020938396454,False,2.4420299010201445,0.4490611045361336,0.3485589325428009,0.453109,single_softmax
opxrd_413,opxrd,candidate_npjt_topk,clean,13,13,14,14,monoclinic,monoclinic,109,Head,Low symmetry,True,0.9565780758857727,165,0.01386769488453865,62,0.0076385256834328175,True,0.27251892547495954,0.050113084049324304,0.9565780758857727,0.5860712,single_softmax
opxrd_415,opxrd,candidate_npjt_topk,clean,13,61,14,62,monoclinic,orthorhombic,109,Head,Low symmetry,False,0.4397580027580261,60,0.33580532670021057,87,0.1773577481508255,False,1.2845895363899782,0.2362211846160703,0.4397580027580261,0.61970586,single_softmax
opxrd_420,opxrd,candidate_npjt_topk,clean,192,192,193,193,hexagonal,hexagonal,6,Head,Medium symmetry,True,0.5859464406967163,62,0.07214915007352829,45,0.05975284054875374,True,1.8908407082093674,0.3477037756891001,0.5859464406967163,0.5361983,single_softmax
opxrd_422,opxrd,candidate_npjt_topk,clean,87,87,88,88,tetragonal,tetragonal,11,Head,Medium symmetry,True,0.6931824088096619,13,0.11096921563148499,226,0.0990700051188469,True,1.1792817924983492,0.21685630633655856,0.6931824088096619,0.48742354,single_softmax
opxrd_424,opxrd,candidate_npjt_topk,clean,226,226,227,227,cubic,cubic,13,Head,High symmetry,True,0.9674490094184875,193,0.006016260478645563,165,0.0034469375386834145,True,0.2395529382055009,0.04405101959664785,0.9674490094184875,0.53258413,single_softmax
opxrd_427,opxrd,candidate_npjt_topk,clean,224,224,225,225,cubic,cubic,289,Head,High symmetry,True,0.9959062337875366,193,0.0020241111051291227,226,0.0006573927239514887,True,0.03398263381021252,0.006249014013909534,0.9959062337875366,0.5306801,single_softmax
opxrd_428,opxrd,candidate_npjt_topk,clean,147,147,148,148,trigonal,trigonal,23,Head,Medium symmetry,True,0.9999918937683105,162,4.836582775169518e-06,59,1.4782289099457557e-06,True,0.00011555653567522206,2.1249512761906305e-05,0.9999918937683105,0.66259474,single_softmax
opxrd_433,opxrd,candidate_npjt_topk,clean,13,10,14,11,monoclinic,monoclinic,109,Head,Low symmetry,False,0.14766697585582733,124,0.10897430777549744,13,0.10802122205495834,True,3.1887555062021526,0.5863753220681815,0.14766697585582733,0.53026307,single_softmax
opxrd_435,opxrd,candidate_npjt_topk,clean,139,139,140,140,tetragonal,tetragonal,6,Head,Medium symmetry,True,0.4036411643028259,138,0.20174533128738403,220,0.10582297295331955,True,2.276291183532832,0.418583667913362,0.4036411643028259,0.48586366,single_softmax
opxrd_439,opxrd,candidate_npjt_topk,clean,147,147,148,148,trigonal,trigonal,23,Head,Medium symmetry,True,0.9989581108093262,138,0.0002539251290727407,224,0.00024365284480154514,True,0.010719056871168193,0.001971110802591567,0.9989581108093262,0.5826462,single_softmax
opxrd_442,opxrd,candidate_npjt_topk,clean,120,61,121,62,tetragonal,orthorhombic,2,Tail,Medium symmetry,False,0.05954066291451454,59,0.05529789626598358,139,0.054286688566207886,False,4.301326832274208,0.7909643438293147,0.05954066291451454,0.27061597,single_softmax
opxrd_447,opxrd,candidate_npjt_topk,clean,224,224,225,225,cubic,cubic,289,Head,High symmetry,True,0.14256234467029572,61,0.0929807648062706,226,0.09051593393087387,True,3.2451517244229398,0.5967459354809443,0.14256234467029572,0.45279714,single_softmax
opxrd_458,opxrd,candidate_npjt_topk,clean,144,144,145,145,trigonal,trigonal,2,Medium,Medium symmetry,True,0.991277813911438,73,0.0017431984888389707,1,0.001572233042679727,True,0.07160491159002533,0.01316731653260937,0.991277813911438,0.5410167,single_softmax
opxrd_462,opxrd,candidate_npjt_topk,clean,87,87,88,88,tetragonal,tetragonal,11,Head,Medium symmetry,True,0.841330349445343,32,0.15265816450119019,13,0.0023927963338792324,True,0.47407359724747444,0.08717666115490079,0.841330349445343,0.6127344,single_softmax
opxrd_465,opxrd,candidate_npjt_topk,clean,62,62,63,63,orthorhombic,orthorhombic,10,Head,Low symmetry,True,0.9878644347190857,32,0.006655080243945122,60,0.004846404772251844,True,0.07646808409289357,0.014061597808516544,0.9878644347190857,0.6435778,single_softmax
opxrd_477,opxrd,candidate_npjt_topk,clean,13,13,14,14,monoclinic,monoclinic,109,Head,Low symmetry,True,0.9917639493942261,71,0.0028557104524224997,61,0.001877382630482316,True,0.06711706103623401,0.01234205262988781,0.9917639493942261,0.5005197,single_softmax
opxrd_479,opxrd,candidate_npjt_topk,clean,147,147,148,148,trigonal,trigonal,23,Head,Medium symmetry,True,0.9999383687973022,162,2.244414463348221e-05,59,1.6104651876958087e-05,True,0.0007711452645958167,0.00014180471096301696,0.9999383687973022,0.6381048,single_softmax
opxrd_485,opxrd,candidate_npjt_topk,clean,91,124,92,125,tetragonal,tetragonal,3,Medium,Medium symmetry,False,0.3638225793838501,91,0.1491592824459076,59,0.07718666642904282,True,2.6531480957850855,0.48788330310512523,0.3638225793838501,0.46723416,single_softmax
opxrd_486,opxrd,candidate_npjt_topk,clean,138,138,139,139,tetragonal,tetragonal,11,Head,Medium symmetry,True,0.33990374207496643,147,0.22176983952522278,226,0.06233096495270729,True,2.6045545579602827,0.47894751253195966,0.33990374207496643,0.42632756,single_softmax
opxrd_493,opxrd,candidate_npjt_topk,clean,73,73,74,74,orthorhombic,orthorhombic,29,Head,Low symmetry,True,0.9996603727340698,1,9.86941231531091e-05,224,8.387228444917127e-05,True,0.00370116719117908,0.0006806019149271942,0.9996603727340698,0.28632492,single_softmax
opxrd_513,opxrd,candidate_npjt_topk,clean,13,13,14,14,monoclinic,monoclinic,109,Head,Low symmetry,True,0.48273035883903503,59,0.242421492934227,122,0.21645402908325195,True,1.3470306929255407,0.24770339239356712,0.48273035883903503,0.53637743,single_softmax
opxrd_514,opxrd,candidate_npjt_topk,clean,10,10,11,11,monoclinic,monoclinic,13,Head,Low symmetry,True,0.3368989825248718,13,0.20531116425991058,1,0.1937704086303711,True,2.038636058881603,0.3748816343182897,0.3368989825248718,0.464537,single_softmax
opxrd_519,opxrd,candidate_npjt_topk,clean,147,11,148,12,trigonal,monoclinic,23,Head,Medium symmetry,False,0.11572869122028351,14,0.08043703436851501,181,0.07629258185625076,False,3.6764496596739686,0.676056646257693,0.11572869122028351,0.32814103,single_softmax
opxrd_526,opxrd,candidate_npjt_topk,clean,162,162,163,163,trigonal,trigonal,4,Medium,Medium symmetry,True,0.9930619597434998,18,0.004410031717270613,11,0.0006657164776697755,True,0.05175807291058396,0.009517712039553294,0.9930619597434998,0.48996726,single_softmax
opxrd_527,opxrd,candidate_npjt_topk,clean,1,13,2,14,triclinic,monoclinic,52,Head,Low symmetry,False,0.343875527381897,1,0.27044007182121277,18,0.0967983603477478,True,2.093627342154693,0.38499389641473547,0.343875527381897,0.49866736,single_softmax
opxrd_529,opxrd,candidate_npjt_topk,clean,226,226,227,227,cubic,cubic,13,Head,High symmetry,True,0.565128743648529,220,0.13692542910575867,61,0.11234468966722488,True,1.6251308762493064,0.2988428053233195,0.565128743648529,0.53489894,single_softmax
opxrd_533,opxrd,candidate_npjt_topk,clean,13,13,14,14,monoclinic,monoclinic,109,Head,Low symmetry,True,0.7414038777351379,59,0.07183325290679932,32,0.021382547914981842,True,1.3832531228517018,0.25436427905381215,0.7414038777351379,0.5599942,single_softmax
opxrd_536,opxrd,candidate_npjt_topk,clean,59,139,60,140,orthorhombic,tetragonal,24,Head,Low symmetry,False,0.05630098283290863,61,0.04432938992977142,73,0.04406621679663658,False,4.097985136277684,0.7535721536008885,0.05630098283290863,0.469324,single_softmax
opxrd_538,opxrd,candidate_npjt_topk,clean,11,13,12,14,monoclinic,monoclinic,10,Head,Low symmetry,False,0.08259664475917816,11,0.06830721348524094,14,0.06451468169689178,True,3.9821611970317434,0.7322734684096137,0.08259664475917816,0.48918214,single_softmax
opxrd_551,opxrd,candidate_npjt_topk,clean,224,224,225,225,cubic,cubic,289,Head,High symmetry,True,0.9657513499259949,70,0.005707777105271816,215,0.004082764033228159,True,0.24525176561059758,0.045098968161087806,0.9657513499259949,0.5691955,single_softmax
opxrd_553,opxrd,candidate_npjt_topk,clean,61,61,62,62,orthorhombic,orthorhombic,29,Head,Low symmetry,True,0.9519920349121094,59,0.01086519192904234,62,0.008577530272305012,True,0.31657880166077307,0.05821518659010867,0.9519920349121094,0.4964644,single_softmax
opxrd_566,opxrd,candidate_npjt_topk,clean,224,224,225,225,cubic,cubic,289,Head,High symmetry,True,0.998008668422699,32,0.0014273844426497817,13,0.00037712304037995636,True,0.016378515894172885,0.00301181997608932,0.998008668422699,0.58975625,single_softmax
opxrd_572,opxrd,candidate_npjt_topk,clean,162,162,163,163,trigonal,trigonal,4,Medium,Medium symmetry,True,0.48847997188568115,1,0.07973060756921768,18,0.061065804213285446,True,2.3525002805068445,0.4325976409808314,0.48847997188568115,0.23452835,single_softmax
opxrd_575,opxrd,candidate_npjt_topk,clean,13,13,14,14,monoclinic,monoclinic,109,Head,Low symmetry,True,0.9989890456199646,11,0.00043110805563628674,128,0.00020292836416047066,True,0.00959073678386167,0.001763625765465482,0.9989890456199646,0.54102653,single_softmax
opxrd_591,opxrd,candidate_npjt_topk,clean,35,35,36,36,orthorhombic,orthorhombic,6,Head,Low symmetry,True,0.6285648941993713,42,0.1320030391216278,32,0.050107814371585846,True,1.6772091392788298,0.3084193966290163,0.6285648941993713,0.03744539,single_softmax
opxrd_593,opxrd,candidate_npjt_topk,clean,13,13,14,14,monoclinic,monoclinic,109,Head,Low symmetry,True,0.9937124848365784,1,0.0017890516901388764,10,0.001534729264676571,True,0.053742286641522335,0.009882586036091472,0.9937124848365784,0.58313715,single_softmax
opxrd_598,opxrd,candidate_npjt_topk,clean,13,13,14,14,monoclinic,monoclinic,109,Head,Low symmetry,True,0.9966481328010559,18,0.002132042543962598,3,0.0009680542862042785,True,0.025829958370441927,0.004749831126599838,0.9966481328010559,0.57682955,single_softmax
opxrd_613,opxrd,candidate_npjt_topk,clean,122,61,123,62,tetragonal,orthorhombic,3,Medium,Medium symmetry,False,0.10977257043123245,190,0.06924854218959808,226,0.0600624643266201,False,3.799157065511955,0.6986211214827305,0.10977257043123245,0.5305593,single_softmax
opxrd_615,opxrd,candidate_npjt_topk,clean,1,1,2,2,triclinic,triclinic,52,Head,Low symmetry,True,0.38499540090560913,18,0.24051542580127716,58,0.12612739205360413,True,1.8596455816046382,0.34196735206733686,0.38499540090560913,0.4634032,single_softmax
opxrd_618,opxrd,candidate_npjt_topk,clean,128,128,129,129,tetragonal,tetragonal,29,Head,Medium symmetry,True,0.9999608993530273,13,3.34917422151193e-05,1,1.7551379869473749e-06,True,0.0004625775219768098,8.506266563964579e-05,0.9999608993530273,0.57834935,single_softmax
opxrd_620,opxrd,candidate_npjt_topk,clean,62,62,63,63,orthorhombic,orthorhombic,10,Head,Low symmetry,True,0.9967733025550842,59,0.0009640151401981711,13,0.0005734228761866689,True,0.028370160521330373,0.00521694497444687,0.9967733025550842,0.59060556,single_softmax
opxrd_621,opxrd,candidate_npjt_topk,clean,58,58,59,59,orthorhombic,orthorhombic,2,Tail,Low symmetry,True,0.9028332233428955,1,0.015084066428244114,18,0.013187860138714314,True,0.6131313973435704,0.11274778511183164,0.9028332233428955,0.46135065,single_softmax
opxrd_622,opxrd,candidate_npjt_topk,clean,57,57,58,58,orthorhombic,orthorhombic,3,Medium,Low symmetry,True,0.9369324445724487,60,0.04709160700440407,13,0.00997417327016592,True,0.29544035353035464,0.05432807003119183,0.9369324445724487,0.36146468,single_softmax
opxrd_626,opxrd,candidate_npjt_topk,clean,8,18,9,19,monoclinic,orthorhombic,2,Tail,Low symmetry,False,0.265114426612854,1,0.23494569957256317,8,0.14107608795166016,True,2.5354833936238994,0.4662461228661182,0.265114426612854,0.3443889,single_softmax
opxrd_630,opxrd,candidate_npjt_topk,clean,128,128,129,129,tetragonal,tetragonal,29,Head,Medium symmetry,True,0.9901379346847534,165,0.003132272744551301,208,0.0007651739288121462,True,0.08145004915050987,0.014977723663731918,0.9901379346847534,0.5767381,single_softmax
opxrd_634,opxrd,candidate_npjt_topk,clean,192,192,193,193,hexagonal,hexagonal,6,Head,Medium symmetry,True,0.5665329694747925,62,0.06684822589159012,45,0.05292204022407532,True,2.014020145537744,0.3703550520554184,0.5665329694747925,0.54003614,single_softmax
opxrd_671,opxrd,candidate_npjt_topk,clean,12,14,13,15,monoclinic,monoclinic,5,Medium,Low symmetry,False,0.37461549043655396,12,0.14919444918632507,200,0.10162337869405746,True,2.478831249009791,0.4558284475444013,0.37461549043655396,0.48538175,single_softmax
opxrd_676,opxrd,candidate_npjt_topk,clean,13,13,14,14,monoclinic,monoclinic,109,Head,Low symmetry,True,0.5837525129318237,3,0.09390074014663696,71,0.07038889825344086,True,1.8914308202962489,0.3478122904887856,0.5837525129318237,0.60004383,single_softmax
opxrd_688,opxrd,candidate_npjt_topk,clean,139,139,140,140,tetragonal,tetragonal,6,Head,Medium symmetry,True,0.7806232571601868,61,0.08487056940793991,59,0.01943311095237732,True,1.1207669480751106,0.20609610202559472,0.7806232571601868,0.38293803,single_softmax
opxrd_693,opxrd,candidate_npjt_topk,clean,73,175,74,176,orthorhombic,hexagonal,29,Head,Low symmetry,False,0.12052459269762039,14,0.09560716152191162,73,0.07567526400089264,True,3.6783785687082107,0.6764113503590247,0.12052459269762039,0.4810306,single_softmax
opxrd_704,opxrd,candidate_npjt_topk,clean,1,1,2,2,triclinic,triclinic,52,Head,Low symmetry,True,0.30849409103393555,3,0.24949882924556732,18,0.23065823316574097,True,2.0026107425028528,0.3682569945636548,0.30849409103393555,0.36942175,single_softmax
opxrd_708,opxrd,candidate_npjt_topk,clean,44,44,45,45,orthorhombic,orthorhombic,3,Medium,Low symmetry,True,0.9945632815361023,147,0.0048198760487139225,174,0.000548988115042448,True,0.036018779109313254,0.0066234376262609895,0.9945632815361023,0.5504905,single_softmax
opxrd_711,opxrd,candidate_npjt_topk,clean,13,13,14,14,monoclinic,monoclinic,109,Head,Low symmetry,True,0.5136754512786865,14,0.07260097563266754,87,0.0679248720407486,True,2.1290903838152433,0.39151514034039137,0.5136754512786865,0.5365966,single_softmax
opxrd_715,opxrd,candidate_npjt_topk,clean,52,52,53,53,orthorhombic,orthorhombic,1,Tail,Low symmetry,True,0.544221043586731,100,0.15449576079845428,13,0.1152900978922844,True,1.6348329408012043,0.300626902980001,0.544221043586731,0.5364576,single_softmax
opxrd_717,opxrd,candidate_npjt_topk,clean,62,226,63,227,orthorhombic,cubic,10,Head,Low symmetry,False,0.16430038213729858,62,0.16083000600337982,61,0.12276498228311539,True,3.1330998084919464,0.576140881827694,0.16430038213729858,0.39648855,single_softmax
opxrd_718,opxrd,candidate_npjt_topk,clean,163,13,164,14,trigonal,monoclinic,4,Medium,Medium symmetry,False,0.21309442818164825,165,0.08270677924156189,163,0.06517025083303452,True,3.5949184745778204,0.6610640026303068,0.21309442818164825,0.41502064,single_softmax
opxrd_720,opxrd,candidate_npjt_topk,clean,2,2,3,3,monoclinic,monoclinic,2,Tail,Low symmetry,True,0.5996638536453247,18,0.06577284634113312,60,0.05664697661995888,True,1.9671973147968917,0.3617448740714339,0.5996638536453247,0.5834499,single_softmax
opxrd_721,opxrd,candidate_npjt_topk,clean,1,1,2,2,triclinic,triclinic,52,Head,Low symmetry,True,0.8803200721740723,13,0.07740476727485657,18,0.015803851187229156,True,0.5421468950139748,0.09969455467932967,0.8803200721740723,0.4891206,single_softmax
opxrd_722,opxrd,candidate_npjt_topk,clean,13,13,14,14,monoclinic,monoclinic,109,Head,Low symmetry,True,0.6114860773086548,18,0.11398854851722717,61,0.033385831862688065,True,1.7230120192085367,0.31684201743459195,0.6114860773086548,0.006048852,single_softmax
opxrd_723,opxrd,candidate_npjt_topk,clean,35,35,36,36,orthorhombic,orthorhombic,6,Head,Low symmetry,True,0.9513577222824097,42,0.026164719834923744,32,0.01899302378296852,True,0.24635513376429224,0.04530186482570323,0.9513577222824097,0.056308907,single_softmax
opxrd_732,opxrd,candidate_npjt_topk,clean,202,202,203,203,cubic,cubic,4,Medium,High symmetry,True,0.8993857502937317,145,0.06761085987091064,14,0.006451290566474199,True,0.48064755750425603,0.08838553654698904,0.8993857502937317,0.5037722,single_softmax
opxrd_733,opxrd,candidate_npjt_topk,clean,147,147,148,148,trigonal,trigonal,23,Head,Medium symmetry,True,0.9997231364250183,224,0.00014066310541238636,138,6.576909800060093e-05,True,0.003014609598399028,0.0005543519002108773,0.9997231364250183,0.5863643,single_softmax
opxrd_737,opxrd,candidate_npjt_topk,clean,14,14,15,15,monoclinic,monoclinic,37,Head,Low symmetry,True,0.9971832633018494,12,0.0012745059793815017,185,0.00061274558538571,True,0.024062310617205984,0.004424781113015913,0.9971832633018494,0.6204951,single_softmax
opxrd_741,opxrd,candidate_npjt_topk,clean,59,59,60,60,orthorhombic,orthorhombic,24,Head,Low symmetry,True,0.9999338388442993,13,2.724359728745185e-05,61,1.8444667148287408e-05,True,0.0008141701061714307,0.00014971648258889518,0.9999338388442993,0.55371356,single_softmax
opxrd_757,opxrd,candidate_npjt_topk,clean,13,13,14,14,monoclinic,monoclinic,109,Head,Low symmetry,True,0.18873053789138794,3,0.1121671125292778,18,0.0834268182516098,True,3.157235574045291,0.5805791704553976,0.18873053789138794,0.04799051,single_softmax
opxrd_759,opxrd,candidate_npjt_topk,clean,13,13,14,14,monoclinic,monoclinic,109,Head,Low symmetry,True,0.9461098313331604,18,0.024144314229488373,32,0.01445333193987608,True,0.302407590909395,0.05560926454551383,0.9461098313331604,0.5724341,single_softmax
opxrd_764,opxrd,candidate_npjt_topk,clean,6,6,7,7,monoclinic,monoclinic,2,Tail,Low symmetry,True,0.06534045934677124,13,0.0633305013179779,11,0.03868774697184563,True,4.353087655016349,0.8004825615311433,0.06534045934677124,0.17270821,single_softmax
opxrd_786,opxrd,candidate_npjt_topk,clean,18,18,19,19,orthorhombic,orthorhombic,27,Head,Low symmetry,True,0.16371142864227295,3,0.12434472143650055,1,0.10682723671197891,True,3.319624288796244,0.6104405802521422,0.16371142864227295,0.22191489,single_softmax
opxrd_802,opxrd,candidate_npjt_topk,clean,13,145,14,146,monoclinic,trigonal,109,Head,Low symmetry,False,0.2403544783592224,13,0.2361687272787094,14,0.06272072345018387,True,2.8286230149132177,0.5201511148011041,0.2403544783592224,0.49641004,single_softmax
opxrd_803,opxrd,candidate_npjt_topk,clean,124,124,125,125,tetragonal,tetragonal,13,Head,Medium symmetry,True,0.9974623918533325,91,0.000815864244941622,13,0.0003387232718523592,True,0.023772501528275695,0.004371488567529357,0.9974623918533325,0.48626882,single_softmax
opxrd_806,opxrd,candidate_npjt_topk,clean,86,3,87,4,tetragonal,monoclinic,3,Medium,Medium symmetry,False,0.08085503429174423,147,0.06608520448207855,86,0.06282641738653183,True,3.895628517328828,0.7163611076684001,0.08085503429174423,0.11882582,single_softmax
opxrd_807,opxrd,candidate_npjt_topk,clean,166,61,167,62,trigonal,orthorhombic,5,Medium,Medium symmetry,False,0.1897280067205429,138,0.12920710444450378,166,0.10237501561641693,True,2.9737263896993227,0.5468339501448272,0.1897280067205429,0.5382154,single_softmax
opxrd_809,opxrd,candidate_npjt_topk,clean,61,18,62,19,orthorhombic,orthorhombic,29,Head,Low symmetry,False,0.20843666791915894,35,0.16632404923439026,13,0.12057686597108841,False,3.007213160095663,0.552991780601877,0.20843666791915894,0.0592327,single_softmax
opxrd_813,opxrd,candidate_npjt_topk,clean,13,13,14,14,monoclinic,monoclinic,109,Head,Low symmetry,True,0.5398662686347961,14,0.11170050501823425,87,0.04910081997513771,True,2.088593007522624,0.38406814039940695,0.5398662686347961,0.5408224,single_softmax
opxrd_822,opxrd,candidate_npjt_topk,clean,14,13,15,14,monoclinic,monoclinic,37,Head,Low symmetry,False,0.07801352441310883,18,0.05766674131155014,3,0.05741250887513161,False,3.981697237722253,0.7321881516492036,0.07801352441310883,0.074379176,single_softmax
opxrd_823,opxrd,candidate_npjt_topk,clean,13,13,14,14,monoclinic,monoclinic,109,Head,Low symmetry,True,0.28334665298461914,18,0.12132652848958969,14,0.09898364543914795,True,2.778803935354746,0.5109899612525111,0.28334665298461914,0.41598314,single_softmax
opxrd_825,opxrd,candidate_npjt_topk,clean,3,3,4,4,monoclinic,monoclinic,14,Head,Low symmetry,True,0.7981341481208801,1,0.03757350146770477,4,0.02589120715856552,True,1.116940256215307,0.20539241757334253,0.7981341481208801,0.4235043,single_softmax
opxrd_829,opxrd,candidate_npjt_topk,clean,10,10,11,11,monoclinic,monoclinic,13,Head,Low symmetry,True,0.9833268523216248,59,0.01388622634112835,13,0.0013415671419352293,True,0.0977744866653969,0.017979599250228184,0.9833268523216248,0.61857426,single_softmax
opxrd_834,opxrd,candidate_npjt_topk,clean,14,3,15,4,monoclinic,monoclinic,37,Head,Low symmetry,False,0.11021216213703156,1,0.10285448282957077,14,0.08445580303668976,True,3.580096246609296,0.658338366035746,0.11021216213703156,0.48145333,single_softmax
opxrd_836,opxrd,candidate_npjt_topk,clean,11,13,12,14,monoclinic,monoclinic,10,Head,Low symmetry,False,0.21983495354652405,11,0.18571913242340088,224,0.11581172049045563,True,2.856749523749696,0.5253232550437676,0.21983495354652405,0.38940996,single_softmax
opxrd_838,opxrd,candidate_npjt_topk,clean,165,193,166,194,trigonal,hexagonal,12,Head,Medium symmetry,False,0.12255261838436127,14,0.0757894292473793,165,0.06704086065292358,True,3.7303655294212916,0.6859711522228513,0.12255261838436127,0.42747894,single_softmax
opxrd_841,opxrd,candidate_npjt_topk,clean,200,200,201,201,cubic,cubic,2,Medium,High symmetry,True,0.40538787841796875,165,0.06673184782266617,10,0.06439701467752457,True,2.6720085249614054,0.49135151827906953,0.40538787841796875,0.5498887,single_softmax
opxrd_844,opxrd,candidate_npjt_topk,clean,165,165,166,166,trigonal,trigonal,12,Head,Medium symmetry,True,0.9557069540023804,87,0.02828652411699295,190,0.007605178281664848,True,0.24725150186662506,0.045466696570775796,0.9557069540023804,0.48271102,single_softmax
opxrd_845,opxrd,candidate_npjt_topk,clean,14,14,15,15,monoclinic,monoclinic,37,Head,Low symmetry,True,0.9929723739624023,226,0.003474519122391939,147,0.0017070310423150659,True,0.05396186187447369,0.009922963386342885,0.9929723739624023,0.5527964,single_softmax
opxrd_846,opxrd,candidate_npjt_topk,clean,220,220,221,221,cubic,cubic,14,Head,High symmetry,True,0.539467990398407,139,0.27659985423088074,138,0.07409323006868362,True,1.4539275043004178,0.2673604818367963,0.539467990398407,0.51474804,single_softmax
opxrd_855,opxrd,candidate_npjt_topk,clean,13,13,14,14,monoclinic,monoclinic,109,Head,Low symmetry,True,0.689985990524292,60,0.06914552301168442,62,0.05446140840649605,True,1.4453814592563055,0.26578896282086556,0.689985990524292,0.47738498,single_softmax
opxrd_857,opxrd,candidate_npjt_topk,clean,224,224,225,225,cubic,cubic,289,Head,High symmetry,True,0.9987150430679321,50,0.0011106499005109072,229,3.854805254377425e-05,True,0.01080246941647539,0.0019864494066406703,0.9987150430679321,0.40036437,single_softmax
opxrd_861,opxrd,candidate_npjt_topk,clean,224,224,225,225,cubic,cubic,289,Head,High symmetry,True,0.9999783039093018,50,2.0197830963297747e-05,205,5.180338007448881e-07,True,0.00026233545242035215,4.824046092705803e-05,0.9999783039093018,0.4198163,single_softmax
opxrd_864,opxrd,candidate_npjt_topk,clean,224,224,225,225,cubic,cubic,289,Head,High symmetry,True,0.9991588592529297,50,0.000737680122256279,229,2.1275387553032488e-05,True,0.007378225773733658,0.0013567705350723607,0.9991588592529297,0.39715317,single_softmax
opxrd_867,opxrd,candidate_npjt_topk,clean,224,224,225,225,cubic,cubic,289,Head,High symmetry,True,0.9985145926475525,50,0.0013317589182406664,190,4.342296961112879e-05,True,0.012044067644248549,0.002214764985954833,0.9985145926475525,0.38398463,single_softmax
opxrd_874,opxrd,candidate_npjt_topk,clean,224,224,225,225,cubic,cubic,289,Head,High symmetry,True,0.9998409748077393,50,0.00015377112140413374,62,1.4845604709989857e-06,True,0.0015858337912661345,0.0002916165250962749,0.9998409748077393,0.3758454,single_softmax
opxrd_875,opxrd,candidate_npjt_topk,clean,224,224,225,225,cubic,cubic,289,Head,High symmetry,True,0.9976063966751099,50,0.002135919639840722,190,6.154215225251392e-05,True,0.018337419300140965,0.0033720396960837985,0.9976063966751099,0.39960432,single_softmax
opxrd_879,opxrd,candidate_npjt_topk,clean,224,224,225,225,cubic,cubic,289,Head,High symmetry,True,0.9973576664924622,50,0.0022810797672718763,190,0.00010287207260262221,True,0.020319093846998138,0.0037364467659853897,0.9973576664924622,0.4208082,single_softmax
opxrd_885,opxrd,candidate_npjt_topk,clean,224,224,225,225,cubic,cubic,289,Head,High symmetry,True,1.0,50,4.541769982324695e-08,205,3.4856832975549423e-09,True,8.508353096949537e-07,1.5645879020168783e-07,1.0,0.43063748,single_softmax
opxrd_886,opxrd,candidate_npjt_topk,clean,224,224,225,225,cubic,cubic,289,Head,High symmetry,True,0.9999498128890991,50,4.9150552513310686e-05,62,3.360453320055967e-07,True,0.0005561289219454115,0.000102265688003644,0.9999498128890991,0.37818182,single_softmax
opxrd_888,opxrd,candidate_npjt_topk,clean,224,224,225,225,cubic,cubic,289,Head,High symmetry,True,0.9985324144363403,50,0.0012583046918734908,229,4.7049754357431084e-05,True,0.012190436184620762,0.0022416804706429727,0.9985324144363403,0.40240845,single_softmax
opxrd_898,opxrd,candidate_npjt_topk,clean,224,224,225,225,cubic,cubic,289,Head,High symmetry,True,0.9999996423721313,50,3.702737387811794e-07,205,1.5998395497263118e-08,True,6.2853097216254066e-06,1.1557958912647732e-06,0.9999996423721313,0.4160445,single_softmax
opxrd_903,opxrd,candidate_npjt_topk,clean,224,224,225,225,cubic,cubic,289,Head,High symmetry,True,0.9999929666519165,50,6.88019827066455e-06,205,5.278768355765351e-08,True,9.16638942458192e-05,1.685593185362531e-05,0.9999929666519165,0.39712995,single_softmax
opxrd_904,opxrd,candidate_npjt_topk,clean,224,224,225,225,cubic,cubic,289,Head,High symmetry,True,0.9999992847442627,50,6.46561716166616e-07,205,5.4057373688465304e-08,True,1.1209488099055679e-05,2.0612954431654456e-06,0.9999992847442627,0.43121135,single_softmax
opxrd_914,opxrd,candidate_npjt_topk,clean,224,224,225,225,cubic,cubic,289,Head,High symmetry,True,0.999998927116394,50,8.888423508324195e-07,205,4.894772231978095e-08,True,1.476433867162573e-05,2.714991421217291e-06,0.999998927116394,0.42640415,single_softmax
opxrd_918,opxrd,candidate_npjt_topk,clean,224,224,225,225,cubic,cubic,289,Head,High symmetry,True,0.9999998807907104,50,1.0378957426837587e-07,205,5.190325058634926e-09,True,1.919839220260276e-06,3.5303626725525396e-07,0.9999998807907104,0.42278123,single_softmax
opxrd_920,opxrd,candidate_npjt_topk,clean,224,224,225,225,cubic,cubic,289,Head,High symmetry,True,1.0,50,6.591566403812976e-09,205,1.5059774538528359e-09,True,1.5763126104261032e-07,2.8986568986582725e-08,1.0,0.442751,single_softmax
opxrd_923,opxrd,candidate_npjt_topk,clean,224,224,225,225,cubic,cubic,289,Head,High symmetry,True,0.9999997615814209,50,2.9017979841228225e-07,205,3.712927210131056e-08,True,5.418513078647361e-06,9.964019961526253e-07,0.9999997615814209,0.43803772,single_softmax
opxrd_924,opxrd,candidate_npjt_topk,clean,224,224,225,225,cubic,cubic,289,Head,High symmetry,True,0.9999921321868896,50,7.655043191334698e-06,205,4.970302924789394e-08,True,0.00010100850907351048,1.8574298632932475e-05,0.9999921321868896,0.39014062,single_softmax
opxrd_926,opxrd,candidate_npjt_topk,clean,224,224,225,225,cubic,cubic,289,Head,High symmetry,True,0.9959015250205994,50,0.003262434620410204,229,0.0001657489046920091,True,0.030946483362810508,0.005690701000265161,0.9959015250205994,0.39718035,single_softmax
opxrd_927,opxrd,candidate_npjt_topk,clean,224,224,225,225,cubic,cubic,289,Head,High symmetry,True,0.9999973773956299,50,2.4699215828150045e-06,205,4.8162320354094845e-08,True,3.647728127436025e-05,6.707750880812952e-06,0.9999973773956299,0.40337372,single_softmax
opxrd_932,opxrd,candidate_npjt_topk,clean,224,224,225,225,cubic,cubic,289,Head,High symmetry,True,0.9999418258666992,50,5.423512993729673e-05,229,1.0671064956113696e-06,True,0.0006491950921927547,0.00011937948222408384,0.9999418258666992,0.41527376,single_softmax
opxrd_934,opxrd,candidate_npjt_topk,clean,224,224,225,225,cubic,cubic,289,Head,High symmetry,True,0.9999997615814209,50,1.8735183004991995e-07,205,1.2942436455887218e-08,True,3.459139861233588e-06,6.360958832574545e-07,0.9999997615814209,0.42661083,single_softmax
opxrd_943,opxrd,candidate_npjt_topk,clean,224,224,225,225,cubic,cubic,289,Head,High symmetry,True,0.9999003410339355,50,9.174549632007256e-05,229,2.5152689886454027e-06,True,0.0010634403743002287,0.0001955544069677797,0.9999003410339355,0.41141295,single_softmax
opxrd_944,opxrd,candidate_npjt_topk,clean,224,224,225,225,cubic,cubic,289,Head,High symmetry,True,1.0,50,5.59640955799523e-09,205,1.118758974349987e-09,True,1.316166171645393e-07,2.4202776327401696e-08,1.0,0.43905485,single_softmax
opxrd_946,opxrd,candidate_npjt_topk,clean,224,224,225,225,cubic,cubic,289,Head,High symmetry,True,0.9982434511184692,50,0.001495725242421031,190,0.00010989497968694195,True,0.014232225137957131,0.0026171418858500026,0.9982434511184692,0.3696247,single_softmax
opxrd_947,opxrd,candidate_npjt_topk,clean,224,224,225,225,cubic,cubic,289,Head,High symmetry,True,0.9999992847442627,50,7.54438076455699e-07,205,4.3472290656154655e-08,True,1.247544867512249e-05,2.294090977057261e-06,0.9999992847442627,0.42542663,single_softmax
opxrd_958,opxrd,candidate_npjt_topk,clean,224,224,225,225,cubic,cubic,289,Head,High symmetry,True,0.9994170665740967,50,0.0005210544331930578,229,1.5140962204895914e-05,True,0.005278345654090369,0.0009706268250684163,0.9994170665740967,0.40911534,single_softmax
opxrd_963,opxrd,candidate_npjt_topk,clean,224,224,225,225,cubic,cubic,289,Head,High symmetry,True,0.9999995231628418,50,5.009554797652527e-07,205,3.285206773284699e-08,True,8.573067205102493e-06,1.576488079354632e-06,0.9999995231628418,0.43031257,single_softmax
opxrd_964,opxrd,candidate_npjt_topk,clean,224,224,225,225,cubic,cubic,289,Head,High symmetry,True,0.9999994039535522,50,5.695808340533404e-07,205,2.0575241066467242e-08,True,9.3941532412749e-06,1.7274763216233882e-06,0.9999994039535522,0.41384238,single_softmax
opxrd_965,opxrd,candidate_npjt_topk,clean,224,224,225,225,cubic,cubic,289,Head,High symmetry,True,0.9999796152114868,50,2.0006724298582412e-05,62,1.1877489924927431e-07,True,0.0002441392132518332,4.489438262719557e-05,0.9999796152114868,0.3843782,single_softmax
opxrd_974,opxrd,candidate_npjt_topk,clean,224,224,225,225,cubic,cubic,289,Head,High symmetry,True,0.9999996423721313,50,3.813031526078703e-07,205,4.082700399976602e-08,True,6.912813247273561e-06,1.2711865448395565e-06,0.9999996423721313,0.43491128,single_softmax
opxrd_976,opxrd,candidate_npjt_topk,clean,224,224,225,225,cubic,cubic,289,Head,High symmetry,True,0.999996542930603,50,3.3275691748713143e-06,205,8.526761519078718e-08,True,4.8539487980361974e-05,8.925851430801102e-06,0.999996542930603,0.41148067,single_softmax
opxrd_977,opxrd,candidate_npjt_topk,clean,224,224,225,225,cubic,cubic,289,Head,High symmetry,True,1.0,50,2.1561199048392155e-08,205,2.424693557045998e-09,True,4.3639007285648213e-07,8.02470960915229e-08,1.0,0.43541545,single_softmax
opxrd_978,opxrd,candidate_npjt_topk,clean,224,224,225,225,cubic,cubic,289,Head,High symmetry,True,0.9928619265556335,50,0.005383926909416914,229,0.0003135504375677556,True,0.05122362423261921,0.009419433098110167,0.9928619265556335,0.40185013,single_softmax
opxrd_985,opxrd,candidate_npjt_topk,clean,224,224,225,225,cubic,cubic,289,Head,High symmetry,True,0.9992161989212036,50,0.0006787279271520674,229,2.3287781004910357e-05,True,0.00696440841167381,0.0012806742998849065,0.9992161989212036,0.38907433,single_softmax
opxrd_986,opxrd,candidate_npjt_topk,clean,224,224,225,225,cubic,cubic,289,Head,High symmetry,True,0.9997445940971375,50,0.00024536115233786404,62,2.606344423838891e-06,True,0.0024358295818673855,0.00044792093742923155,0.9997445940971375,0.38154086,single_softmax
opxrd_993,opxrd,candidate_npjt_topk,clean,224,224,225,225,cubic,cubic,289,Head,High symmetry,True,0.9999996423721313,50,3.6510863310468267e-07,205,1.9244414062313808e-08,True,6.28017457691866e-06,1.1548515974406062e-06,0.9999996423721313,0.41938913,single_softmax
opxrd_996,opxrd,candidate_npjt_topk,clean,224,224,225,225,cubic,cubic,289,Head,High symmetry,True,0.9999995231628418,50,4.5477776211555465e-07,205,2.3706952845259366e-08,True,7.752433488357302e-06,1.4255830134063228e-06,0.9999995231628418,0.41895342,single_softmax
opxrd_1002,opxrd,candidate_npjt_topk,clean,224,224,225,225,cubic,cubic,289,Head,High symmetry,True,0.9999889135360718,50,1.0700372513383627e-05,205,1.3745840021783806e-07,True,0.0001399271596223609,2.5730989136689906e-05,0.9999889135360718,0.4059634,single_softmax
opxrd_1006,opxrd,candidate_npjt_topk,clean,224,224,225,225,cubic,cubic,289,Head,High symmetry,True,0.9997441172599792,50,0.0002453488705214113,62,2.522110435165814e-06,True,0.0024422550314305153,0.00044910250341937563,0.9997441172599792,0.38329357,single_softmax
opxrd_1007,opxrd,candidate_npjt_topk,clean,224,224,225,225,cubic,cubic,289,Head,High symmetry,True,0.9999955892562866,50,4.340415671322262e-06,205,3.437826734398186e-08,True,5.975310630086317e-05,1.0987906374005236e-05,0.9999955892562866,0.39368886,single_softmax
opxrd_1026,opxrd,candidate_npjt_topk,clean,224,224,225,225,cubic,cubic,289,Head,High symmetry,True,0.999998927116394,50,1.1246665962971747e-06,205,2.0175423998125552e-08,True,1.7168309345543836e-05,3.157053873299131e-06,0.999998927116394,0.40900168,single_softmax
opxrd_1033,opxrd,candidate_npjt_topk,clean,224,224,225,225,cubic,cubic,289,Head,High symmetry,True,0.9999983310699463,50,1.486718247178942e-06,205,4.362358652088005e-08,True,2.303036009970672e-05,4.2350173271502e-06,0.9999983310699463,0.41121984,single_softmax
opxrd_1035,opxrd,candidate_npjt_topk,clean,224,224,225,225,cubic,cubic,289,Head,High symmetry,True,0.9999990463256836,50,8.080208431238134e-07,205,5.0703214071745606e-08,True,1.3575431195763548e-05,2.496365062842683e-06,0.9999990463256836,0.4272314,single_softmax
opxrd_1037,opxrd,candidate_npjt_topk,clean,224,224,225,225,cubic,cubic,289,Head,High symmetry,True,0.9999990463256836,50,9.533187608212756e-07,205,1.928305692899812e-08,True,1.4804063719554541e-05,2.7222963988890263e-06,0.9999990463256836,0.41003382,single_softmax
opxrd_1050,opxrd,candidate_npjt_topk,clean,224,224,225,225,cubic,cubic,289,Head,High symmetry,True,0.9999991655349731,50,8.097265435935697e-07,205,1.8674102264526482e-08,True,1.2781189989784162e-05,2.350313274911577e-06,0.9999991655349731,0.41201892,single_softmax
opxrd_1052,opxrd,candidate_npjt_topk,clean,224,224,225,225,cubic,cubic,289,Head,High symmetry,True,0.9999668598175049,50,3.257565913372673e-05,62,2.1164538566154079e-07,True,0.00038180077335369246,7.02087541693638e-05,0.9999668598175049,0.3821071,single_softmax
opxrd_1058,opxrd,candidate_npjt_topk,clean,224,224,225,225,cubic,cubic,289,Head,High symmetry,True,0.9999959468841553,50,3.7556658298854018e-06,205,1.5039204015465657e-07,True,5.5769830879112766e-05,1.0255428012534053e-05,0.9999959468841553,0.42399025,single_softmax
opxrd_1063,opxrd,candidate_npjt_topk,clean,224,224,225,225,cubic,cubic,289,Head,High symmetry,True,0.9999958276748657,50,3.835159532172838e-06,205,1.1875654593040963e-07,True,5.607169957571231e-05,1.0310938180637747e-05,0.9999958276748657,0.41676462,single_softmax
opxrd_1083,opxrd,candidate_npjt_topk,clean,224,224,225,225,cubic,cubic,289,Head,High symmetry,True,0.9999997615814209,50,1.9367858783425618e-07,205,1.1946122313588603e-08,True,3.536000446448144e-06,6.502296574906545e-07,0.9999997615814209,0.42316303,single_softmax
opxrd_1084,opxrd,candidate_npjt_topk,clean,224,224,225,225,cubic,cubic,289,Head,High symmetry,True,0.9999982118606567,50,1.7870996771307546e-06,205,3.672801440757212e-08,True,2.6678700055772545e-05,4.905904923452697e-06,0.9999982118606567,0.41152048,single_softmax
opxrd_1097,opxrd,candidate_npjt_topk,clean,224,224,225,225,cubic,cubic,289,Head,High symmetry,True,0.9985883831977844,50,0.0012359404936432838,190,6.486761412816122e-05,True,0.011627948283810858,0.002138245439843232,0.9985883831977844,0.38156483,single_softmax
opxrd_1106,opxrd,candidate_npjt_topk,clean,224,224,225,225,cubic,cubic,289,Head,High symmetry,True,0.9988828301429749,50,0.0010268670739606023,62,1.4630216355726589e-05,True,0.009270082114077736,0.0017046610737851344,0.9988828301429749,0.4136676,single_softmax
opxrd_1108,opxrd,candidate_npjt_topk,clean,224,224,225,225,cubic,cubic,289,Head,High symmetry,True,0.9998236298561096,50,0.00016987421258818358,62,1.761160774549353e-06,True,0.0017459576643374408,0.00032106145665668147,0.9998236298561096,0.38986295,single_softmax
opxrd_1117,opxrd,candidate_npjt_topk,clean,224,224,225,225,cubic,cubic,289,Head,High symmetry,True,0.9999991655349731,50,7.678666520405386e-07,205,5.638171174382478e-08,True,1.3022350568553314e-05,2.3946599210469946e-06,0.9999991655349731,0.4294657,single_softmax
opxrd_1125,opxrd,candidate_npjt_topk,clean,224,224,225,225,cubic,cubic,289,Head,High symmetry,True,0.9999886751174927,50,1.0936690159724094e-05,205,1.0708934183867314e-07,True,0.00014173968609344653,2.606429182834273e-05,0.9999886751174927,0.4020403,single_softmax
opxrd_1136,opxrd,candidate_npjt_topk,clean,224,224,225,225,cubic,cubic,289,Head,High symmetry,True,0.9999996423721313,50,3.1367744668386877e-07,205,9.814922208306598e-09,True,5.329675825434308e-06,9.800658509501672e-07,0.9999996423721313,0.41609466,single_softmax
opxrd_1138,opxrd,candidate_npjt_topk,clean,224,224,225,225,cubic,cubic,289,Head,High symmetry,True,0.9999994039535522,50,4.5637307266588323e-07,205,5.8486875786911696e-08,True,8.535508793017851e-06,1.5695815209999178e-06,0.9999994039535522,0.44053674,single_softmax
opxrd_1141,opxrd,candidate_npjt_topk,clean,224,224,225,225,cubic,cubic,289,Head,High symmetry,True,0.995618462562561,50,0.0034285669680684805,190,0.0003795609518419951,True,0.032737511870269874,0.00602005046461014,0.995618462562561,0.39432782,single_softmax
opxrd_1144,opxrd,candidate_npjt_topk,clean,224,224,225,225,cubic,cubic,289,Head,High symmetry,True,0.9999996423721313,50,3.2885657219594577e-07,205,1.9235862680488935e-08,True,5.7602110976778934e-06,1.0592363168051118e-06,0.9999996423721313,0.4233425,single_softmax
opxrd_1156,opxrd,candidate_npjt_topk,clean,224,224,225,225,cubic,cubic,289,Head,High symmetry,True,0.9999831914901733,50,1.577168222866021e-05,205,4.4322379721961624e-07,True,0.00020892036061277242,3.841804224332674e-05,0.9999831914901733,0.4216323,single_softmax
opxrd_1157,opxrd,candidate_npjt_topk,clean,224,224,225,225,cubic,cubic,289,Head,High symmetry,True,0.9997203946113586,50,0.0002679411554709077,62,2.9225454909465043e-06,True,0.0026455455662522183,0.0004864852856984294,0.9997203946113586,0.39066395,single_softmax
opxrd_1160,opxrd,candidate_npjt_topk,clean,224,224,225,225,cubic,cubic,289,Head,High symmetry,True,0.9999939203262329,50,5.669441634381656e-06,205,2.4354761762879207e-07,True,8.209484637236468e-05,1.5096294428376117e-05,0.9999939203262329,0.42732185,single_softmax
opxrd_1163,opxrd,candidate_npjt_topk,clean,224,224,225,225,cubic,cubic,289,Head,High symmetry,True,0.9999897480010986,50,9.710583071864676e-06,205,2.2681520306377934e-07,True,0.00013197500692343377,2.426868006630201e-05,0.9999897480010986,0.4145235,single_softmax
opxrd_1172,opxrd,candidate_npjt_topk,clean,224,224,225,225,cubic,cubic,289,Head,High symmetry,True,0.9996106028556824,50,0.0003532406990416348,229,8.192259883799125e-06,True,0.0036583538421815836,0.0006727290343446612,0.9996106028556824,0.3918679,single_softmax
opxrd_1185,opxrd,candidate_npjt_topk,clean,224,224,225,225,cubic,cubic,289,Head,High symmetry,True,0.9999998807907104,50,9.182960525322414e-08,205,2.035820578782932e-08,True,2.0298244074016357e-06,3.732612733453431e-07,0.9999998807907104,0.44502968,single_softmax
opxrd_1186,opxrd,candidate_npjt_topk,clean,224,224,225,225,cubic,cubic,289,Head,High symmetry,True,0.9999961853027344,50,3.8177795431693085e-06,205,3.6268762215740935e-08,True,5.313903565339009e-05,9.771655144160127e-06,0.9999961853027344,0.3970704,single_softmax
opxrd_10,opxrd,candidate_exp_test4,clean,147,147,148,148,trigonal,trigonal,23,Head,Medium symmetry,True,0.9775243997573853,1,0.0009796862723305821,162,0.0008867912692949176,True,0.22103759280718727,0.040646261345341675,0.9775243997573853,0.15842518,single_softmax
opxrd_23,opxrd,candidate_exp_test4,clean,59,59,60,60,orthorhombic,orthorhombic,24,Head,Low symmetry,True,0.9704427719116211,61,0.0014183376915752888,13,0.0006028898060321808,True,0.28869587993382995,0.053087839204572974,0.9704427719116211,0.17450847,single_softmax
opxrd_31,opxrd,candidate_exp_test4,clean,14,14,15,15,monoclinic,monoclinic,37,Head,Low symmetry,True,0.9845594763755798,71,0.0022173342294991016,128,0.0013041389174759388,True,0.1498179687543823,0.0275497947425206,0.9845594763755798,0.3316979,single_softmax
opxrd_43,opxrd,candidate_exp_test4,clean,61,61,62,62,orthorhombic,orthorhombic,29,Head,Low symmetry,True,0.9027263522148132,62,0.013351993635296822,59,0.004240833688527346,True,0.7914439597047732,0.14553740663658848,0.9027263522148132,0.19208154,single_softmax
opxrd_44,opxrd,candidate_exp_test4,clean,13,13,14,14,monoclinic,monoclinic,109,Head,Low symmetry,True,0.8413394093513489,18,0.009539080783724785,87,0.009524201042950153,True,1.2433571435023034,0.22863902360933072,0.8413394093513489,0.19055808,single_softmax
opxrd_49,opxrd,candidate_exp_test4,clean,25,25,26,26,orthorhombic,orthorhombic,5,Medium,Low symmetry,True,0.9447435140609741,14,0.0033679616171866655,215,0.0017935107462108135,True,0.49453644914363704,0.09093954336638042,0.9447435140609741,0.2879391,single_softmax
opxrd_51,opxrd,candidate_exp_test4,clean,10,10,11,11,monoclinic,monoclinic,13,Head,Low symmetry,True,0.8288622498512268,124,0.01932651177048683,128,0.007922276854515076,True,1.2791442853581536,0.2352198658190293,0.8288622498512268,0.30918714,single_softmax
opxrd_54,opxrd,candidate_exp_test4,clean,1,1,2,2,triclinic,triclinic,52,Head,Low symmetry,True,0.9681577682495117,13,0.002598582999780774,3,0.0012640898348763585,True,0.3004588274255164,0.05525090944012194,0.9681577682495117,0.22484575,single_softmax
opxrd_56,opxrd,candidate_exp_test4,clean,128,128,129,129,tetragonal,tetragonal,29,Head,Medium symmetry,True,0.8838843703269958,1,0.0057246023789048195,10,0.002062232233583927,True,0.9691339578939768,0.17821254579787968,0.8838843703269958,0.21758163,single_softmax
opxrd_58,opxrd,candidate_exp_test4,clean,198,198,199,199,cubic,cubic,2,Medium,High symmetry,True,0.7329918146133423,4,0.07412096112966537,145,0.05714067071676254,True,1.3946796076569796,0.2564654776859337,0.7329918146133423,0.015333062,single_softmax
opxrd_59,opxrd,candidate_exp_test4,clean,1,1,2,2,triclinic,triclinic,52,Head,Low symmetry,True,0.9909037947654724,18,0.00048068631440401077,58,0.00020927855803165585,True,0.09873203952489552,0.018155682165739807,0.9909037947654724,0.15467227,single_softmax
opxrd_70,opxrd,candidate_exp_test4,clean,32,32,33,33,orthorhombic,orthorhombic,9,Head,Low symmetry,True,0.9101378917694092,1,0.020146645605564117,147,0.00570595683529973,True,0.6694636741464863,0.12310664043607854,0.9101378917694092,0.14187178,single_softmax
opxrd_76,opxrd,candidate_exp_test4,clean,128,128,129,129,tetragonal,tetragonal,29,Head,Medium symmetry,True,0.9870952367782593,1,0.0005735069280490279,14,0.0004578650987241417,True,0.13501721894636506,0.02482810773370278,0.9870952367782593,0.2691982,single_softmax
opxrd_78,opxrd,candidate_exp_test4,clean,220,220,221,221,cubic,cubic,14,Head,High symmetry,True,0.9612141251564026,224,0.014482595957815647,138,0.0015759399393573403,True,0.3109600886265328,0.057181970133515135,0.9612141251564026,0.34612566,single_softmax
opxrd_81,opxrd,candidate_exp_test4,clean,147,147,148,148,trigonal,trigonal,23,Head,Medium symmetry,True,0.9359565377235413,224,0.002197343623265624,138,0.0018352876650169492,True,0.569675883935298,0.10475681790821484,0.9359565377235413,0.12931575,single_softmax
opxrd_83,opxrd,candidate_exp_test4,clean,1,1,2,2,triclinic,triclinic,52,Head,Low symmetry,True,0.15594901144504547,18,0.15506663918495178,2,0.09294071793556213,True,4.165372472021294,0.7659639066290276,0.15594901144504547,0.21311133,single_softmax
opxrd_86,opxrd,candidate_exp_test4,clean,14,14,15,15,monoclinic,monoclinic,37,Head,Low symmetry,True,0.9515461325645447,10,0.004784377757459879,13,0.0029912127647548914,True,0.4256556338440115,0.0782731566907391,0.9515461325645447,0.30916226,single_softmax
opxrd_88,opxrd,candidate_exp_test4,clean,59,59,60,60,orthorhombic,orthorhombic,24,Head,Low symmetry,True,0.6285502910614014,1,0.1911667436361313,224,0.00969565100967884,True,1.810908698863665,0.33300520201906475,0.6285502910614014,0.2445854,single_softmax
opxrd_96,opxrd,candidate_exp_test4,clean,160,160,161,161,trigonal,trigonal,2,Medium,Medium symmetry,True,0.9947735667228699,13,0.0005494687939062715,1,0.00024067630874924362,True,0.057260486139419406,0.010529542304663016,0.9947735667228699,0.25777838,single_softmax
opxrd_101,opxrd,candidate_exp_test4,clean,73,73,74,74,orthorhombic,orthorhombic,29,Head,Low symmetry,True,0.9236504435539246,14,0.0133138969540596,126,0.0008801597869023681,True,0.6430172567247343,0.11824344960722159,0.9236504435539246,0.058819294,single_softmax
opxrd_107,opxrd,candidate_exp_test4,clean,87,87,88,88,tetragonal,tetragonal,11,Head,Medium symmetry,True,0.9703436493873596,14,0.015036745928227901,226,0.0005291455308906734,True,0.22927437568721742,0.04216091061985936,0.9703436493873596,0.15820633,single_softmax
opxrd_109,opxrd,candidate_exp_test4,clean,14,14,15,15,monoclinic,monoclinic,37,Head,Low symmetry,True,0.8754420876502991,200,0.013990938663482666,128,0.010082624852657318,True,0.9544825911831886,0.17551832861595162,0.8754420876502991,0.3336589,single_softmax
opxrd_113,opxrd,candidate_exp_test4,clean,14,73,15,74,monoclinic,orthorhombic,37,Head,Low symmetry,False,0.6293042302131653,14,0.21196679770946503,224,0.005628783255815506,True,1.753122627778084,0.32237901071090175,0.6293042302131653,0.06606596,single_softmax
opxrd_128,opxrd,candidate_exp_test4,clean,161,161,162,162,trigonal,trigonal,2,Medium,Medium symmetry,True,0.9846861362457275,31,0.001181814237497747,199,0.0010382424807175994,True,0.1512202079345655,0.027807650338315663,0.9846861362457275,0.2121327,single_softmax
opxrd_129,opxrd,candidate_exp_test4,clean,73,73,74,74,orthorhombic,orthorhombic,29,Head,Low symmetry,True,0.9187955260276794,14,0.002099360339343548,126,0.0008626042981632054,True,0.7161513740911156,0.1316919694267795,0.9187955260276794,0.07814864,single_softmax
opxrd_135,opxrd,candidate_exp_test4,clean,13,13,14,14,monoclinic,monoclinic,109,Head,Low symmetry,True,0.9221651554107666,1,0.011120072565972805,3,0.0035087312571704388,True,0.646820145494964,0.11894275694611782,0.9221651554107666,0.12538633,single_softmax
opxrd_140,opxrd,candidate_exp_test4,clean,147,147,148,148,trigonal,trigonal,23,Head,Medium symmetry,True,0.9326368570327759,86,0.012933175079524517,202,0.00999055802822113,True,0.4727166835188974,0.0869271403863547,0.9326368570327759,0.022952741,single_softmax
opxrd_155,opxrd,candidate_exp_test4,clean,59,59,60,60,orthorhombic,orthorhombic,24,Head,Low symmetry,True,0.9654234647750854,61,0.0007952857413329184,13,0.0007303626043722034,True,0.3333843948207195,0.06130554114458724,0.9654234647750854,0.18217504,single_softmax
opxrd_156,opxrd,candidate_exp_test4,clean,3,3,4,4,monoclinic,monoclinic,14,Head,Low symmetry,True,0.8992575407028198,13,0.018048711121082306,197,0.013366147875785828,True,0.6958787459538904,0.1279640671683552,0.8992575407028198,0.055227347,single_softmax
opxrd_158,opxrd,candidate_exp_test4,clean,61,61,62,62,orthorhombic,orthorhombic,29,Head,Low symmetry,True,0.9581006169319153,229,0.005760212894529104,62,0.003355694469064474,True,0.3683647609261206,0.0677380266083433,0.9581006169319153,0.21172899,single_softmax
opxrd_163,opxrd,candidate_exp_test4,clean,61,61,62,62,orthorhombic,orthorhombic,29,Head,Low symmetry,True,0.9268855452537537,73,0.0021399976685643196,13,0.0020807681139558554,True,0.6397521274568096,0.11764303003213981,0.9268855452537537,0.27160192,single_softmax
opxrd_168,opxrd,candidate_exp_test4,clean,226,226,227,227,cubic,cubic,13,Head,High symmetry,True,0.4541736841201782,61,0.06809211522340775,13,0.045108236372470856,True,3.329194806217995,0.6122004879103565,0.4541736841201782,0.3263079,single_softmax
opxrd_170,opxrd,candidate_exp_test4,clean,59,59,60,60,orthorhombic,orthorhombic,24,Head,Low symmetry,True,0.9710537195205688,61,0.0017184675671160221,13,0.0004982309765182436,True,0.28258035953471705,0.051963265609429175,0.9710537195205688,0.18074116,single_softmax
opxrd_174,opxrd,candidate_exp_test4,clean,197,197,198,198,cubic,cubic,3,Medium,High symmetry,True,0.545516312122345,3,0.2895355522632599,61,0.09206962585449219,True,1.4057706904257965,0.2585049997559075,0.545516312122345,0.010654044,single_softmax
opxrd_178,opxrd,candidate_exp_test4,clean,192,192,193,193,hexagonal,hexagonal,6,Head,Medium symmetry,True,0.8132101893424988,45,0.058229465037584305,138,0.0066622039303183556,True,1.2394138787450326,0.2279139027471174,0.8132101893424988,0.35546824,single_softmax
opxrd_184,opxrd,candidate_exp_test4,clean,13,13,14,14,monoclinic,monoclinic,109,Head,Low symmetry,True,0.9305435419082642,18,0.005248077679425478,61,0.0034160579089075327,True,0.5930795407375944,0.10906048018910397,0.9305435419082642,0.05191216,single_softmax
opxrd_192,opxrd,candidate_exp_test4,clean,10,10,11,11,monoclinic,monoclinic,13,Head,Low symmetry,True,0.964153528213501,13,0.0012211002176627517,59,0.0008908066665753722,True,0.34175139450629993,0.06284413578623788,0.964153528213501,0.24797666,single_softmax
opxrd_198,opxrd,candidate_exp_test4,clean,61,61,62,62,orthorhombic,orthorhombic,29,Head,Low symmetry,True,0.4343246519565582,13,0.10502532124519348,3,0.07541806250810623,True,2.9614329319026256,0.5445733251891511,0.4343246519565582,0.027885867,single_softmax
opxrd_199,opxrd,candidate_exp_test4,clean,18,18,19,19,orthorhombic,orthorhombic,27,Head,Low symmetry,True,0.9628611207008362,1,0.007943285629153252,197,0.0007722906302660704,True,0.3300243651762212,0.0606876704859183,0.9628611207008362,0.27606693,single_softmax
opxrd_208,opxrd,candidate_exp_test4,clean,18,18,19,19,orthorhombic,orthorhombic,27,Head,Low symmetry,True,0.9154185056686401,60,0.03670468553900719,162,0.004689342807978392,True,0.5846549044702574,0.10751128684550686,0.9154185056686401,0.33686993,single_softmax
opxrd_209,opxrd,candidate_exp_test4,clean,73,73,74,74,orthorhombic,orthorhombic,29,Head,Low symmetry,True,0.9620621800422668,14,0.003989833407104015,126,0.0007611289038322866,True,0.3548698041213917,0.06525645985690123,0.9620621800422668,0.057729613,single_softmax
opxrd_210,opxrd,candidate_exp_test4,clean,138,138,139,139,tetragonal,tetragonal,11,Head,Medium symmetry,True,0.9851917028427124,139,0.000990557367913425,61,0.0008825580589473248,True,0.15144573513743562,0.02784912218711714,0.9851917028427124,0.3609508,single_softmax
opxrd_218,opxrd,candidate_exp_test4,clean,147,147,148,148,trigonal,trigonal,23,Head,Medium symmetry,True,0.9486426711082458,14,0.009819786064326763,86,0.007198278326541185,True,0.4096484835082185,0.0753296265532644,0.9486426711082458,0.31275088,single_softmax
opxrd_220,opxrd,candidate_exp_test4,clean,165,165,166,166,trigonal,trigonal,12,Head,Medium symmetry,True,0.953316867351532,166,0.007817409932613373,138,0.006402546539902687,True,0.3870445514039993,0.07117302441119394,0.953316867351532,0.24085659,single_softmax
opxrd_231,opxrd,candidate_exp_test4,clean,3,3,4,4,monoclinic,monoclinic,14,Head,Low symmetry,True,0.9814019799232483,1,0.008079730905592442,28,0.0018534990958869457,True,0.1506929701745203,0.02771069740142486,0.9814019799232483,0.29122055,single_softmax
opxrd_233,opxrd,candidate_exp_test4,clean,60,60,61,61,orthorhombic,orthorhombic,11,Head,Low symmetry,True,0.9431211352348328,128,0.004831202793866396,59,0.004472109489142895,True,0.47492595396681403,0.0873333997147708,0.9431211352348328,0.29022223,single_softmax
opxrd_240,opxrd,candidate_exp_test4,clean,1,1,2,2,triclinic,triclinic,52,Head,Low symmetry,True,0.9876425266265869,4,0.0008576200343668461,147,0.0004133746260777116,True,0.12933460204279304,0.02378314009333616,0.9876425266265869,0.18638486,single_softmax
opxrd_243,opxrd,candidate_exp_test4,clean,73,73,74,74,orthorhombic,orthorhombic,29,Head,Low symmetry,True,0.8928387761116028,14,0.0034932871349155903,126,0.0012115694116801023,True,0.9128520952564472,0.1678629610565946,0.8928387761116028,0.071790636,single_softmax
opxrd_244,opxrd,candidate_exp_test4,clean,28,28,29,29,orthorhombic,orthorhombic,4,Medium,Low symmetry,True,0.9493620991706848,13,0.005576199386268854,63,0.004368606489151716,True,0.42473674648251025,0.07810418391389977,0.9493620991706848,0.27321878,single_softmax
opxrd_247,opxrd,candidate_exp_test4,clean,18,18,19,19,orthorhombic,orthorhombic,27,Head,Low symmetry,True,0.9686210751533508,13,0.0036613866686820984,1,0.001568628940731287,True,0.2914481323699778,0.053593946651669555,0.9686210751533508,0.24769336,single_softmax
opxrd_260,opxrd,candidate_exp_test4,clean,147,147,148,148,trigonal,trigonal,23,Head,Medium symmetry,True,0.9926335215568542,138,0.0009057984570972621,12,0.00031694278004579246,True,0.0792245411888704,0.014568478444011108,0.9926335215568542,0.14222224,single_softmax
opxrd_265,opxrd,candidate_exp_test4,clean,165,165,166,166,trigonal,trigonal,12,Head,Medium symmetry,True,0.9446643590927124,1,0.013050142675638199,91,0.002340607577934861,True,0.4587763185935516,0.08436366822395512,0.9446643590927124,0.30830613,single_softmax
opxrd_266,opxrd,candidate_exp_test4,clean,140,140,141,141,tetragonal,tetragonal,5,Medium,Medium symmetry,True,0.9692524671554565,220,0.001767873065546155,224,0.0010945942485705018,True,0.2948775124851378,0.05422457006121286,0.9692524671554565,0.16430816,single_softmax
opxrd_270,opxrd,candidate_exp_test4,clean,13,13,14,14,monoclinic,monoclinic,109,Head,Low symmetry,True,0.8044875264167786,18,0.03128097951412201,51,0.030680228024721146,True,1.212681848138025,0.22299819095101622,0.8044875264167786,0.02754529,single_softmax
opxrd_274,opxrd,candidate_exp_test4,clean,163,163,164,164,trigonal,trigonal,4,Medium,Medium symmetry,True,0.9675545692443848,91,0.0040978193283081055,73,0.0023496735375374556,True,0.2897469304925557,0.05328111526750223,0.9675545692443848,0.26698333,single_softmax
opxrd_275,opxrd,candidate_exp_test4,clean,1,1,2,2,triclinic,triclinic,52,Head,Low symmetry,True,0.9632846117019653,10,0.00414776336401701,128,0.0028422221075743437,True,0.33390555839052083,0.06140137710802127,0.9632846117019653,0.2093591,single_softmax
opxrd_277,opxrd,candidate_exp_test4,clean,224,224,225,225,cubic,cubic,289,Head,High symmetry,True,0.9682918787002563,220,0.011765026487410069,215,0.002006188500672579,True,0.25761302120627244,0.04737206034924174,0.9682918787002563,0.29877558,single_softmax
opxrd_289,opxrd,candidate_exp_test4,clean,32,32,33,33,orthorhombic,orthorhombic,9,Head,Low symmetry,True,0.7951523065567017,35,0.08721025288105011,1,0.015006606467068195,True,1.2016496050184882,0.22096948881321649,0.7951523065567017,0.057430275,single_softmax
opxrd_292,opxrd,candidate_exp_test4,clean,224,224,225,225,cubic,cubic,289,Head,High symmetry,True,0.9544930458068848,68,0.003622832940891385,62,0.003114821622148156,True,0.3943651496046936,0.07251919790091892,0.9544930458068848,0.343598,single_softmax
opxrd_294,opxrd,candidate_exp_test4,clean,204,204,205,205,cubic,cubic,4,Medium,High symmetry,True,0.7633825540542603,224,0.11325064301490784,13,0.006128986366093159,True,1.3416419711837255,0.24671246868030444,0.7633825540542603,0.3559174,single_softmax
opxrd_296,opxrd,candidate_exp_test4,clean,61,61,62,62,orthorhombic,orthorhombic,29,Head,Low symmetry,True,0.9434776306152344,87,0.007042508106678724,226,0.006422258447855711,True,0.4649849792473275,0.08550536923658807,0.9434776306152344,0.20696783,single_softmax
opxrd_306,opxrd,candidate_exp_test4,clean,60,60,61,61,orthorhombic,orthorhombic,11,Head,Low symmetry,True,0.9432594180107117,91,0.001982182264328003,1,0.0017926293658092618,True,0.5135599558514106,0.0944377466155604,0.9432594180107117,0.11448636,single_softmax
opxrd_308,opxrd,candidate_exp_test4,clean,32,32,33,33,orthorhombic,orthorhombic,9,Head,Low symmetry,True,0.8214552402496338,1,0.015266727656126022,13,0.009148438461124897,True,1.353347285328407,0.24886494080874041,0.8214552402496338,0.1931863,single_softmax
opxrd_309,opxrd,candidate_exp_test4,clean,14,18,15,19,monoclinic,orthorhombic,37,Head,Low symmetry,False,0.4430157542228699,1,0.1543542593717575,60,0.06829271465539932,False,2.925856675211679,0.5380312623265204,0.4430157542228699,0.10675622,single_softmax
opxrd_314,opxrd,candidate_exp_test4,clean,226,226,227,227,cubic,cubic,13,Head,High symmetry,True,0.7595139145851135,61,0.048372842371463776,147,0.015325850807130337,True,1.6138685247381848,0.29677178890900546,0.7595139145851135,0.2371814,single_softmax
opxrd_319,opxrd,candidate_exp_test4,clean,32,32,33,33,orthorhombic,orthorhombic,9,Head,Low symmetry,True,0.7869535088539124,35,0.09748278558254242,1,0.014346946962177753,True,1.2115284921551637,0.2227861021017475,0.7869535088539124,0.059219655,single_softmax
opxrd_321,opxrd,candidate_exp_test4,clean,175,175,176,176,hexagonal,hexagonal,5,Head,Medium symmetry,True,0.9264737963676453,138,0.0034972340799868107,147,0.0027068043127655983,True,0.6309937828891015,0.11603247158490701,0.9264737963676453,0.31427673,single_softmax
opxrd_323,opxrd,candidate_exp_test4,clean,59,59,60,60,orthorhombic,orthorhombic,24,Head,Low symmetry,True,0.9712492823600769,61,0.001957354601472616,13,0.000499956717249006,True,0.2801922421224726,0.05152411838913656,0.9712492823600769,0.18381256,single_softmax
opxrd_328,opxrd,candidate_exp_test4,clean,62,12,63,13,orthorhombic,monoclinic,10,Head,Low symmetry,False,0.24872887134552002,13,0.1664184331893921,69,0.13700124621391296,False,3.3370313163076597,0.6136415316400436,0.24872887134552002,0.08532742,single_softmax
opxrd_331,opxrd,candidate_exp_test4,clean,165,165,166,166,trigonal,trigonal,12,Head,Medium symmetry,True,0.9599671959877014,13,0.0035264298785477877,61,0.0012836515670642257,True,0.371412405611116,0.0682984532795753,0.9599671959877014,0.24795628,single_softmax
opxrd_332,opxrd,candidate_exp_test4,clean,73,73,74,74,orthorhombic,orthorhombic,29,Head,Low symmetry,True,0.618068277835846,14,0.23024027049541473,226,0.00247100368142128,True,1.7316135648369961,0.31842374236720655,0.618068277835846,0.049510334,single_softmax
opxrd_333,opxrd,candidate_exp_test4,clean,13,13,14,14,monoclinic,monoclinic,109,Head,Low symmetry,True,0.6226335763931274,18,0.0696587860584259,28,0.012895055115222931,True,2.462436634153162,0.45281366715498556,0.6226335763931274,0.19888783,single_softmax
opxrd_342,opxrd,candidate_exp_test4,clean,59,59,60,60,orthorhombic,orthorhombic,24,Head,Low symmetry,True,0.9569171071052551,61,0.0013277605175971985,13,0.0008785423706285655,True,0.4059291456789907,0.0746456832677877,0.9569171071052551,0.17250164,single_softmax
opxrd_344,opxrd,candidate_exp_test4,clean,60,60,61,61,orthorhombic,orthorhombic,11,Head,Low symmetry,True,0.945014238357544,62,0.0073343501426279545,61,0.006835557986050844,True,0.46599161319180094,0.0856904775969648,0.945014238357544,0.17431837,single_softmax
opxrd_352,opxrd,candidate_exp_test4,clean,14,59,15,60,monoclinic,orthorhombic,37,Head,Low symmetry,False,0.13580581545829773,13,0.11496338248252869,18,0.031346920877695084,False,4.627467691472688,0.8509378824026349,0.13580581545829773,0.2550788,single_softmax
opxrd_354,opxrd,candidate_exp_test4,clean,61,61,62,62,orthorhombic,orthorhombic,29,Head,Low symmetry,True,0.8883371949195862,59,0.018056858330965042,13,0.005182039923965931,True,0.8661511436789243,0.15927519524360018,0.8883371949195862,0.2930357,single_softmax
opxrd_361,opxrd,candidate_exp_test4,clean,1,1,2,2,triclinic,triclinic,52,Head,Low symmetry,True,0.9900035262107849,14,0.0006377822137437761,128,0.0003601136850193143,True,0.10632850962821458,0.01955258531330042,0.9900035262107849,0.17898148,single_softmax
opxrd_363,opxrd,candidate_exp_test4,clean,1,1,2,2,triclinic,triclinic,52,Head,Low symmetry,True,0.966935932636261,60,0.002332365373149514,57,0.0017454170156270266,True,0.3122525269622478,0.057419634621709396,0.966935932636261,0.17873701,single_softmax
opxrd_376,opxrd,candidate_exp_test4,clean,56,56,57,57,orthorhombic,orthorhombic,2,Tail,Low symmetry,True,0.8257501125335693,51,0.0719635859131813,1,0.012863950803875923,True,1.018350756508265,0.1872629468344239,0.8257501125335693,0.20802145,single_softmax
opxrd_377,opxrd,candidate_exp_test4,clean,14,14,15,15,monoclinic,monoclinic,37,Head,Low symmetry,True,0.9829884171485901,12,0.00619622552767396,147,0.0011171743972226977,True,0.1486973541544523,0.027343726655559963,0.9829884171485901,0.16865312,single_softmax
opxrd_381,opxrd,candidate_exp_test4,clean,160,17,161,18,trigonal,orthorhombic,2,Medium,Medium symmetry,False,0.3286665678024292,147,0.12809130549430847,13,0.06074504926800728,False,3.5172420683520027,0.6467802083321323,0.3286665678024292,0.24285005,single_softmax
opxrd_382,opxrd,candidate_exp_test4,clean,14,14,15,15,monoclinic,monoclinic,37,Head,Low symmetry,True,0.9761274456977844,87,0.002933779964223504,193,0.0023910708259791136,True,0.21287616887230826,0.0391454697107866,0.9761274456977844,0.25723293,single_softmax
opxrd_398,opxrd,candidate_exp_test4,clean,14,14,15,15,monoclinic,monoclinic,37,Head,Low symmetry,True,0.994375467300415,18,0.0009789824252948165,73,0.0009677605121396482,True,0.058528299201339604,0.010762678489315542,0.994375467300415,0.28206566,single_softmax
opxrd_405,opxrd,candidate_exp_test4,clean,61,61,62,62,orthorhombic,orthorhombic,29,Head,Low symmetry,True,0.9121138453483582,62,0.010640336200594902,59,0.004445008002221584,True,0.7284152768324466,0.1339471595489992,0.9121138453483582,0.18162838,single_softmax
opxrd_409,opxrd,candidate_exp_test4,clean,128,128,129,129,tetragonal,tetragonal,29,Head,Medium symmetry,True,0.8867448568344116,1,0.00600875960662961,10,0.0018600693438202143,True,0.9478135310401663,0.17429196545275186,0.8867448568344116,0.21412146,single_softmax
opxrd_410,opxrd,candidate_exp_test4,clean,11,11,12,12,monoclinic,monoclinic,10,Head,Low symmetry,True,0.5441601276397705,226,0.050749652087688446,224,0.01892688497900963,True,2.8255142766742622,0.5195794537306495,0.5441601276397705,0.21861748,single_softmax
opxrd_413,opxrd,candidate_exp_test4,clean,13,13,14,14,monoclinic,monoclinic,109,Head,Low symmetry,True,0.9288151264190674,1,0.003171077696606517,228,0.0019625124987214804,True,0.6243308868953139,0.11480724193758382,0.9288151264190674,0.20592074,single_softmax
opxrd_415,opxrd,candidate_exp_test4,clean,13,61,14,62,monoclinic,orthorhombic,109,Head,Low symmetry,False,0.6810184717178345,60,0.03531560301780701,87,0.03474535793066025,False,2.095889987713291,0.38540997080976774,0.6810184717178345,0.19371863,single_softmax
opxrd_420,opxrd,candidate_exp_test4,clean,192,192,193,193,hexagonal,hexagonal,6,Head,Medium symmetry,True,0.8617045879364014,45,0.03492362052202225,138,0.003997618332505226,True,1.0012046210601375,0.18410997048485267,0.8617045879364014,0.34882012,single_softmax
opxrd_422,opxrd,candidate_exp_test4,clean,87,87,88,88,tetragonal,tetragonal,11,Head,Medium symmetry,True,0.9206502437591553,14,0.023004986345767975,32,0.008594478480517864,True,0.5826752617302606,0.10714725340142883,0.9206502437591553,0.16596353,single_softmax
opxrd_424,opxrd,candidate_exp_test4,clean,226,226,227,227,cubic,cubic,13,Head,High symmetry,True,0.9299989342689514,229,0.005670152138918638,14,0.004929704591631889,True,0.5890817367129779,0.10832533018530455,0.9299989342689514,0.19411746,single_softmax
opxrd_427,opxrd,candidate_exp_test4,clean,224,224,225,225,cubic,cubic,289,Head,High symmetry,True,0.9249252080917358,1,0.00701482780277729,193,0.0032673836685717106,True,0.6383453277834856,0.11738433581430897,0.9249252080917358,0.19299278,single_softmax
opxrd_428,opxrd,candidate_exp_test4,clean,147,147,148,148,trigonal,trigonal,23,Head,Medium symmetry,True,0.9799054265022278,1,0.0007868772372603416,86,0.0007232369971461594,True,0.19994850071308595,0.03676822079166737,0.9799054265022278,0.15847228,single_softmax
opxrd_433,opxrd,candidate_exp_test4,clean,13,10,14,11,monoclinic,monoclinic,109,Head,Low symmetry,False,0.35320818424224854,14,0.14465659856796265,124,0.06421975791454315,False,3.3160825336178577,0.609789292365889,0.35320818424224854,0.296529,single_softmax
opxrd_435,opxrd,candidate_exp_test4,clean,139,139,140,140,tetragonal,tetragonal,6,Head,Medium symmetry,True,0.545391857624054,138,0.0484231561422348,124,0.038930002599954605,True,2.8352112537133336,0.5213626158524597,0.545391857624054,0.37515572,single_softmax
opxrd_439,opxrd,candidate_exp_test4,clean,147,147,148,148,trigonal,trigonal,23,Head,Medium symmetry,True,0.9802595376968384,138,0.001138698193244636,198,0.0006842743023298681,True,0.19847184256306424,0.03649668040651728,0.9802595376968384,0.13172036,single_softmax
opxrd_442,opxrd,candidate_exp_test4,clean,120,120,121,121,tetragonal,tetragonal,2,Tail,Medium symmetry,True,0.8544664978981018,61,0.015408385545015335,1,0.01332341879606247,True,1.0622720477363212,0.19533956520149828,0.8544664978981018,0.28062752,single_softmax
opxrd_447,opxrd,candidate_exp_test4,clean,224,224,225,225,cubic,cubic,289,Head,High symmetry,True,0.9049742221832275,205,0.010266854427754879,50,0.009357519447803497,True,0.7275654274551069,0.13379088206037465,0.9049742221832275,0.3582988,single_softmax
opxrd_458,opxrd,candidate_exp_test4,clean,144,144,145,145,trigonal,trigonal,2,Medium,Medium symmetry,True,0.975071132183075,136,0.007772832177579403,31,0.0012203287333250046,True,0.21443804260012872,0.03943268025684421,0.975071132183075,0.20163,single_softmax
opxrd_462,opxrd,candidate_exp_test4,clean,87,87,88,88,tetragonal,tetragonal,11,Head,Medium symmetry,True,0.9230262041091919,13,0.004315398167818785,32,0.003986090887337923,True,0.6519519359994574,0.11988643397121615,0.9230262041091919,0.16102095,single_softmax
opxrd_465,opxrd,candidate_exp_test4,clean,62,62,63,63,orthorhombic,orthorhombic,10,Head,Low symmetry,True,0.9398458003997803,13,0.003976063337177038,60,0.0031612603925168514,True,0.5281477290672065,0.097120269687973,0.9398458003997803,0.1767893,single_softmax
opxrd_477,opxrd,candidate_exp_test4,clean,13,13,14,14,monoclinic,monoclinic,109,Head,Low symmetry,True,0.9654200077056885,61,0.0028663717675954103,32,0.0007992380997166038,True,0.3273676915355124,0.060199138875805594,0.9654200077056885,0.20733026,single_softmax
opxrd_479,opxrd,candidate_exp_test4,clean,147,147,148,148,trigonal,trigonal,23,Head,Medium symmetry,True,0.9896895885467529,86,0.000444679957581684,1,0.0004192573542241007,True,0.10871283354078715,0.019991034952800933,0.9896895885467529,0.18011938,single_softmax
opxrd_485,opxrd,candidate_exp_test4,clean,91,91,92,92,tetragonal,tetragonal,3,Medium,Medium symmetry,True,0.9439563751220703,124,0.018596511334180832,122,0.0016489042900502682,True,0.4392354654355577,0.0807703309355618,0.9439563751220703,0.33266392,single_softmax
opxrd_486,opxrd,candidate_exp_test4,clean,138,138,139,139,tetragonal,tetragonal,11,Head,Medium symmetry,True,0.8049746155738831,147,0.06240443140268326,160,0.011589876376092434,True,1.2774887231732241,0.23491542704738194,0.8049746155738831,0.18676747,single_softmax
opxrd_493,opxrd,candidate_exp_test4,clean,73,73,74,74,orthorhombic,orthorhombic,29,Head,Low symmetry,True,0.9651663303375244,14,0.003613679204136133,126,0.0007824772037565708,True,0.328730024120946,0.06044965610956462,0.9651663303375244,0.056866724,single_softmax
opxrd_513,opxrd,candidate_exp_test4,clean,13,13,14,14,monoclinic,monoclinic,109,Head,Low symmetry,True,0.3509664833545685,122,0.13886739313602448,91,0.07319377362728119,True,3.3597324314666928,0.6178160046238751,0.3509664833545685,0.24117365,single_softmax
opxrd_514,opxrd,candidate_exp_test4,clean,10,10,11,11,monoclinic,monoclinic,13,Head,Low symmetry,True,0.9185904860496521,13,0.00713282311335206,1,0.006613119505345821,True,0.6685577242488059,0.1229400467094674,0.9185904860496521,0.21944419,single_softmax
opxrd_519,opxrd,candidate_exp_test4,clean,147,162,148,163,trigonal,trigonal,23,Head,Medium symmetry,False,0.11325093358755112,13,0.058980971574783325,128,0.05591198429465294,False,4.5595192298247404,0.8384429447991224,0.11325093358755112,0.27562013,single_softmax
opxrd_526,opxrd,candidate_exp_test4,clean,162,162,163,163,trigonal,trigonal,4,Medium,Medium symmetry,True,0.9913032054901123,73,0.0003677479980979115,1,0.0003443682799115777,True,0.09384858453358544,0.01725767117437803,0.9913032054901123,0.2198769,single_softmax
opxrd_527,opxrd,candidate_exp_test4,clean,1,1,2,2,triclinic,triclinic,52,Head,Low symmetry,True,0.8616629242897034,52,0.006646626628935337,3,0.005058068782091141,True,1.1065536009451238,0.20348243158745594,0.8616629242897034,0.18128437,single_softmax
opxrd_529,opxrd,candidate_exp_test4,clean,226,226,227,227,cubic,cubic,13,Head,High symmetry,True,0.8028016686439514,61,0.055470507591962814,220,0.04419495537877083,True,1.1782832203909963,0.216672680454951,0.8028016686439514,0.3156845,single_softmax
opxrd_533,opxrd,candidate_exp_test4,clean,13,13,14,14,monoclinic,monoclinic,109,Head,Low symmetry,True,0.6561399102210999,1,0.024019494652748108,59,0.01655207946896553,True,2.383628639668122,0.43832178684060213,0.6561399102210999,0.24740647,single_softmax
opxrd_536,opxrd,candidate_exp_test4,clean,59,61,60,62,orthorhombic,orthorhombic,24,Head,Low symmetry,False,0.05929231271147728,199,0.027381308376789093,138,0.02726620063185692,False,5.171629769220713,0.9510030059206248,0.05929231271147728,0.3033035,single_softmax
opxrd_538,opxrd,candidate_exp_test4,clean,11,11,12,12,monoclinic,monoclinic,10,Head,Low symmetry,True,0.9575431942939758,1,0.004352898336946964,14,0.002388612600043416,True,0.3784561692778097,0.06959372009466859,0.9575431942939758,0.3134575,single_softmax
opxrd_551,opxrd,candidate_exp_test4,clean,224,224,225,225,cubic,cubic,289,Head,High symmetry,True,0.9432006478309631,204,0.0062270923517644405,220,0.0014439551159739494,True,0.5029363848902446,0.09248419456939329,0.9432006478309631,0.31546107,single_softmax
opxrd_553,opxrd,candidate_exp_test4,clean,61,61,62,62,orthorhombic,orthorhombic,29,Head,Low symmetry,True,0.8820912837982178,62,0.023452477529644966,1,0.00377309275791049,True,0.9130469899195415,0.16789879993499685,0.8820912837982178,0.19553967,single_softmax
opxrd_566,opxrd,candidate_exp_test4,clean,224,224,225,225,cubic,cubic,289,Head,High symmetry,True,0.8720582127571106,32,0.005157754756510258,1,0.004672197625041008,True,1.0497366209235675,0.19303444493740343,0.8720582127571106,0.115371674,single_softmax
opxrd_572,opxrd,candidate_exp_test4,clean,162,162,163,163,trigonal,trigonal,4,Medium,Medium symmetry,True,0.9962934851646423,73,0.00027321447851136327,1,0.00026522809639573097,True,0.042785317497837344,0.007867725913381234,0.9962934851646423,0.18564562,single_softmax
opxrd_575,opxrd,candidate_exp_test4,clean,13,13,14,14,monoclinic,monoclinic,109,Head,Low symmetry,True,0.9107373952865601,3,0.004657002165913582,163,0.0031722320709377527,True,0.7585497726671875,0.13948854541758962,0.9107373952865601,0.14452936,single_softmax
opxrd_591,opxrd,candidate_exp_test4,clean,35,35,36,36,orthorhombic,orthorhombic,6,Head,Low symmetry,True,0.8684044480323792,42,0.06919258087873459,18,0.016010379418730736,True,0.6922271839548603,0.1272925870755514,0.8684044480323792,0.111564144,single_softmax
opxrd_593,opxrd,candidate_exp_test4,clean,13,13,14,14,monoclinic,monoclinic,109,Head,Low symmetry,True,0.9623818397521973,10,0.0038989270105957985,1,0.0010521307121962309,True,0.34975206445988166,0.06431536661960466,0.9623818397521973,0.16920416,single_softmax
opxrd_598,opxrd,candidate_exp_test4,clean,13,13,14,14,monoclinic,monoclinic,109,Head,Low symmetry,True,0.9204353094100952,14,0.0029757001902908087,69,0.0027743412647396326,True,0.6888382639434008,0.12666940381194972,0.9204353094100952,0.16227025,single_softmax
opxrd_613,opxrd,candidate_exp_test4,clean,122,61,123,62,tetragonal,orthorhombic,3,Medium,Medium symmetry,False,0.11963411420583725,13,0.09722120314836502,192,0.06119522452354431,False,4.554994788128047,0.8376109522076812,0.11963411420583725,0.33164886,single_softmax
opxrd_615,opxrd,candidate_exp_test4,clean,1,1,2,2,triclinic,triclinic,52,Head,Low symmetry,True,0.9803691506385803,2,0.0006324949790723622,14,0.00043321034172549844,True,0.1988847855287457,0.03657261585030602,0.9803691506385803,0.117191255,single_softmax
opxrd_618,opxrd,candidate_exp_test4,clean,128,128,129,129,tetragonal,tetragonal,29,Head,Medium symmetry,True,0.8898827433586121,1,0.005063029937446117,10,0.0017153943190351129,True,0.9265919516005063,0.1703895620058514,0.8898827433586121,0.207987,single_softmax
opxrd_620,opxrd,candidate_exp_test4,clean,62,62,63,63,orthorhombic,orthorhombic,10,Head,Low symmetry,True,0.9371500611305237,13,0.01997508853673935,61,0.0033526290208101273,True,0.48686382401496475,0.08952863618889913,0.9371500611305237,0.18970425,single_softmax
opxrd_621,opxrd,candidate_exp_test4,clean,58,58,59,59,orthorhombic,orthorhombic,2,Tail,Low symmetry,True,0.9542295336723328,1,0.006678448989987373,31,0.0028965240344405174,True,0.38954723716996986,0.071633239428997,0.9542295336723328,0.15756853,single_softmax
opxrd_622,opxrd,candidate_exp_test4,clean,57,57,58,58,orthorhombic,orthorhombic,3,Medium,Low symmetry,True,0.9050940275192261,1,0.011427496559917927,60,0.0050262524746358395,True,0.778443081764963,0.14314669528405682,0.9050940275192261,0.10234268,single_softmax
opxrd_626,opxrd,candidate_exp_test4,clean,8,8,9,9,monoclinic,monoclinic,2,Tail,Low symmetry,True,0.8775542974472046,1,0.01728866435587406,18,0.014403504319489002,True,0.9355524508308533,0.17203729436158294,0.8775542974472046,0.21764705,single_softmax
opxrd_630,opxrd,candidate_exp_test4,clean,128,128,129,129,tetragonal,tetragonal,29,Head,Medium symmetry,True,0.9701996445655823,1,0.00099273887462914,13,0.0009911959059536457,True,0.2882708613589051,0.05300968319566236,0.9701996445655823,0.29860893,single_softmax
opxrd_634,opxrd,candidate_exp_test4,clean,192,192,193,193,hexagonal,hexagonal,6,Head,Medium symmetry,True,0.8972421288490295,45,0.01983756199479103,165,0.0033301236107945442,True,0.7995259329728306,0.1470235882108064,0.8972421288490295,0.35251436,single_softmax
opxrd_671,opxrd,candidate_exp_test4,clean,12,12,13,13,monoclinic,monoclinic,5,Medium,Low symmetry,True,0.7528653144836426,14,0.05029964819550514,32,0.012079717591404915,True,1.6517766457862986,0.3037426547045652,0.7528653144836426,0.28157616,single_softmax
opxrd_676,opxrd,candidate_exp_test4,clean,13,13,14,14,monoclinic,monoclinic,109,Head,Low symmetry,True,0.149514839053154,8,0.018665887415409088,18,0.018018605187535286,True,4.95708676544167,0.9115510245147992,0.149514839053154,0.14805774,single_softmax
opxrd_688,opxrd,candidate_exp_test4,clean,139,139,140,140,tetragonal,tetragonal,6,Head,Medium symmetry,True,0.9425736665725708,1,0.006635129451751709,61,0.004460398573428392,True,0.49230711825357787,0.09052959515426055,0.9425736665725708,0.29976022,single_softmax
opxrd_693,opxrd,candidate_exp_test4,clean,73,73,74,74,orthorhombic,orthorhombic,29,Head,Low symmetry,True,0.9717262983322144,14,0.005231891293078661,175,0.0008559165871702135,True,0.2599384854212354,0.04779968636991178,0.9717262983322144,0.31618437,single_softmax
opxrd_704,opxrd,candidate_exp_test4,clean,1,1,2,2,triclinic,triclinic,52,Head,Low symmetry,True,0.9973721504211426,3,0.0001465429668314755,4,8.321839413838461e-05,True,0.03168386511352872,0.005826296990840044,0.9973721504211426,0.25090608,single_softmax
opxrd_708,opxrd,candidate_exp_test4,clean,44,44,45,45,orthorhombic,orthorhombic,3,Medium,Low symmetry,True,0.9656900763511658,174,0.0025842180475592613,147,0.0014421730302274227,True,0.3202613626287669,0.058892367035408774,0.9656900763511658,0.19592617,single_softmax
opxrd_711,opxrd,candidate_exp_test4,clean,13,13,14,14,monoclinic,monoclinic,109,Head,Low symmetry,True,0.9285633563995361,14,0.0016834221314638853,32,0.0008834475302137434,True,0.6316652547366455,0.11615594750524569,0.9285633563995361,0.32489893,single_softmax
opxrd_715,opxrd,candidate_exp_test4,clean,52,52,53,53,orthorhombic,orthorhombic,1,Tail,Low symmetry,True,0.98484867811203,100,0.0013885253574699163,13,0.0009877042612060905,True,0.15147747779516188,0.02785495929539068,0.98484867811203,0.2207882,single_softmax
opxrd_717,opxrd,candidate_exp_test4,clean,62,62,63,63,orthorhombic,orthorhombic,10,Head,Low symmetry,True,0.9152261018753052,224,0.018852729350328445,61,0.004920502658933401,True,0.6601344395373081,0.12139110190138484,0.9152261018753052,0.32163215,single_softmax
opxrd_718,opxrd,candidate_exp_test4,clean,163,163,164,164,trigonal,trigonal,4,Medium,Medium symmetry,True,0.9628564119338989,13,0.004511071834713221,11,0.003639830509200692,True,0.32384232997528173,0.05955086558665993,0.9628564119338989,0.2207015,single_softmax
opxrd_720,opxrd,candidate_exp_test4,clean,2,2,3,3,monoclinic,monoclinic,2,Tail,Low symmetry,True,0.9078760743141174,1,0.008851838298141956,147,0.0022693632636219263,True,0.771563709032705,0.14188165806384384,0.9078760743141174,0.18840802,single_softmax
opxrd_721,opxrd,candidate_exp_test4,clean,1,1,2,2,triclinic,triclinic,52,Head,Low symmetry,True,0.9519636034965515,128,0.0023180791176855564,13,0.0015456763794645667,True,0.4412952249987996,0.08114909693845221,0.9519636034965515,0.15051368,single_softmax
opxrd_722,opxrd,candidate_exp_test4,clean,13,13,14,14,monoclinic,monoclinic,109,Head,Low symmetry,True,0.6706750988960266,3,0.04941960796713829,61,0.04470303654670715,True,1.9658680540592433,0.3615004383686542,0.6706750988960266,0.01587304,single_softmax
opxrd_723,opxrd,candidate_exp_test4,clean,35,35,36,36,orthorhombic,orthorhombic,6,Head,Low symmetry,True,0.5652058720588684,32,0.2636455297470093,42,0.011733455583453178,True,1.8274720879239146,0.3360510180359572,0.5652058720588684,0.12967779,single_softmax
opxrd_732,opxrd,candidate_exp_test4,clean,202,202,203,203,cubic,cubic,4,Medium,High symmetry,True,0.8696826100349426,13,0.015660133212804794,14,0.00784660130739212,True,0.9716972654337015,0.17868390845997226,0.8696826100349426,0.12690765,single_softmax
opxrd_733,opxrd,candidate_exp_test4,clean,147,147,148,148,trigonal,trigonal,23,Head,Medium symmetry,True,0.977257490158081,138,0.0014589253114536405,198,0.0011636576382443309,True,0.22342864595651502,0.041085948413789604,0.977257490158081,0.114435844,single_softmax
opxrd_737,opxrd,candidate_exp_test4,clean,14,14,15,15,monoclinic,monoclinic,37,Head,Low symmetry,True,0.9898430705070496,12,0.003518129466101527,71,0.00033320655347779393,True,0.09647508744855476,0.01774065473636095,0.9898430705070496,0.1798028,single_softmax
opxrd_741,opxrd,candidate_exp_test4,clean,59,59,60,60,orthorhombic,orthorhombic,24,Head,Low symmetry,True,0.9680935144424438,61,0.000743336568120867,13,0.0006914720288477838,True,0.3101310837009589,0.05702952569891235,0.9680935144424438,0.18345074,single_softmax
opxrd_757,opxrd,candidate_exp_test4,clean,13,13,14,14,monoclinic,monoclinic,109,Head,Low symmetry,True,0.4974067807197571,18,0.08880126476287842,3,0.0632748231291771,True,2.8320167684225344,0.5207751868891569,0.4974067807197571,0.13714376,single_softmax
opxrd_759,opxrd,candidate_exp_test4,clean,13,13,14,14,monoclinic,monoclinic,109,Head,Low symmetry,True,0.8742161393165588,58,0.005286312196403742,61,0.005255202762782574,True,1.0241088974422423,0.18832180247202537,0.8742161393165588,0.12843984,single_softmax
opxrd_764,opxrd,candidate_exp_test4,clean,6,6,7,7,monoclinic,monoclinic,2,Tail,Low symmetry,True,0.9581533074378967,28,0.007566889747977257,59,0.003927570302039385,True,0.3534229815850053,0.06499040589663398,0.9581533074378967,0.23830974,single_softmax
opxrd_786,opxrd,candidate_exp_test4,clean,18,18,19,19,orthorhombic,orthorhombic,27,Head,Low symmetry,True,0.9575779438018799,1,0.005133685190230608,8,0.002170862630009651,True,0.38173824763226094,0.07019725641107828,0.9575779438018799,0.3477409,single_softmax
opxrd_802,opxrd,candidate_exp_test4,clean,13,13,14,14,monoclinic,monoclinic,109,Head,Low symmetry,True,0.9224793314933777,14,0.008731106296181679,10,0.006663472857326269,True,0.6148681451040405,0.11306715297349934,0.9224793314933777,0.16055445,single_softmax
opxrd_803,opxrd,candidate_exp_test4,clean,124,124,125,125,tetragonal,tetragonal,13,Head,Medium symmetry,True,0.9544276595115662,13,0.0029944111593067646,91,0.0025992062874138355,True,0.41391222870891237,0.07611368006894183,0.9544276595115662,0.3233843,single_softmax
opxrd_806,opxrd,candidate_exp_test4,clean,86,86,87,87,tetragonal,tetragonal,3,Medium,Medium symmetry,True,0.8733248114585876,147,0.039907749742269516,11,0.016980217769742012,True,0.8245711511747985,0.1516291146805789,0.8733248114585876,0.11594862,single_softmax
opxrd_807,opxrd,candidate_exp_test4,clean,166,166,167,167,trigonal,trigonal,5,Medium,Medium symmetry,True,0.891071081161499,138,0.04187256470322609,61,0.005265726707875729,True,0.7478567733447334,0.13752222629736122,0.891071081161499,0.32910755,single_softmax
opxrd_809,opxrd,candidate_exp_test4,clean,61,35,62,36,orthorhombic,orthorhombic,29,Head,Low symmetry,False,0.15367025136947632,42,0.13988053798675537,18,0.10477891564369202,False,3.9214864236546427,0.7211160781013221,0.15367025136947632,0.1382976,single_softmax
opxrd_813,opxrd,candidate_exp_test4,clean,13,13,14,14,monoclinic,monoclinic,109,Head,Low symmetry,True,0.7478818893432617,14,0.005031140521168709,87,0.005003443453460932,True,1.8975285926223906,0.34893360041821897,0.7478818893432617,0.29534867,single_softmax
opxrd_822,opxrd,candidate_exp_test4,clean,14,14,15,15,monoclinic,monoclinic,37,Head,Low symmetry,True,0.9309367537498474,1,0.016129715368151665,13,0.005288220010697842,True,0.5361310147618772,0.0985883037568346,0.9309367537498474,0.19634858,single_softmax
opxrd_823,opxrd,candidate_exp_test4,clean,13,13,14,14,monoclinic,monoclinic,109,Head,Low symmetry,True,0.2008589208126068,18,0.08224526047706604,0,0.07800224423408508,True,4.236841739323736,0.7791062797432208,0.2008589208126068,0.18142599,single_softmax
opxrd_825,opxrd,candidate_exp_test4,clean,3,3,4,4,monoclinic,monoclinic,14,Head,Low symmetry,True,0.9359995722770691,1,0.023623934015631676,11,0.012726412154734135,True,0.43239192170180796,0.07951188225451362,0.9359995722770691,0.2095409,single_softmax
opxrd_829,opxrd,candidate_exp_test4,clean,10,10,11,11,monoclinic,monoclinic,13,Head,Low symmetry,True,0.9691043496131897,1,0.0008780459174886346,128,0.0008280283655039966,True,0.29925237150911993,0.0550290561261372,0.9691043496131897,0.249844,single_softmax
opxrd_834,opxrd,candidate_exp_test4,clean,14,14,15,15,monoclinic,monoclinic,37,Head,Low symmetry,True,0.9510192275047302,1,0.004686590284109116,187,0.0036428608000278473,True,0.42038144681813416,0.07730329458938595,0.9510192275047302,0.26833993,single_softmax
opxrd_836,opxrd,candidate_exp_test4,clean,11,1,12,2,monoclinic,triclinic,10,Head,Low symmetry,False,0.23582614958286285,11,0.10918000340461731,58,0.045025650411844254,True,3.9709407951923854,0.7302101660556104,0.23582614958286285,0.20841382,single_softmax
opxrd_838,opxrd,candidate_exp_test4,clean,165,165,166,166,trigonal,trigonal,12,Head,Medium symmetry,True,0.9785257577896118,193,0.003257331671193242,163,0.0015780680114403367,True,0.20014467766496483,0.03680429546817254,0.9785257577896118,0.23521622,single_softmax
opxrd_841,opxrd,candidate_exp_test4,clean,200,200,201,201,cubic,cubic,2,Medium,High symmetry,True,0.9499131441116333,14,0.020137717947363853,13,0.0034410119988024235,True,0.3775164849631867,0.06942092299825973,0.9499131441116333,0.28341243,single_softmax
opxrd_844,opxrd,candidate_exp_test4,clean,165,165,166,166,trigonal,trigonal,12,Head,Medium symmetry,True,0.971794068813324,87,0.004623444750905037,128,0.0016356618143618107,True,0.25584112691026384,0.047046229445470045,0.971794068813324,0.26830763,single_softmax
opxrd_845,opxrd,candidate_exp_test4,clean,14,14,15,15,monoclinic,monoclinic,37,Head,Low symmetry,True,0.9343245625495911,1,0.005599350668489933,147,0.004253534134477377,True,0.5610861087894569,0.10317725743145857,0.9343245625495911,0.17270373,single_softmax
opxrd_846,opxrd,candidate_exp_test4,clean,220,220,221,221,cubic,cubic,14,Head,High symmetry,True,0.9298279881477356,139,0.016245294362306595,224,0.005470515228807926,True,0.5500600074794408,0.10114968470151997,0.9298279881477356,0.3636266,single_softmax
opxrd_855,opxrd,candidate_exp_test4,clean,13,13,14,14,monoclinic,monoclinic,109,Head,Low symmetry,True,0.9600213766098022,162,0.0028264224529266357,11,0.0015968563966453075,True,0.37045328325732374,0.06812208175218355,0.9600213766098022,0.31154397,single_softmax
opxrd_857,opxrd,candidate_exp_test4,clean,224,224,225,225,cubic,cubic,289,Head,High symmetry,True,0.8750227093696594,1,0.0010371612152084708,61,0.0009490118245594203,True,1.0535699066929682,0.1937393419335011,0.8750227093696594,0.12932454,single_softmax
opxrd_861,opxrd,candidate_exp_test4,clean,224,224,225,225,cubic,cubic,289,Head,High symmetry,True,0.8529768586158752,61,0.0007991823949851096,139,0.0007672802312299609,True,1.2139779855634028,0.2232365356590919,0.8529768586158752,0.13553533,single_softmax
opxrd_864,opxrd,candidate_exp_test4,clean,224,224,225,225,cubic,cubic,289,Head,High symmetry,True,0.8783174753189087,1,0.0010123451938852668,59,0.000854245328810066,True,1.0293575427815698,0.1892869677521115,0.8783174753189087,0.12338743,single_softmax
opxrd_867,opxrd,candidate_exp_test4,clean,224,224,225,225,cubic,cubic,289,Head,High symmetry,True,0.8772065043449402,1,0.0011495662620291114,145,0.000798803404904902,True,1.0371477359139194,0.19071949432809707,0.8772065043449402,0.080715135,single_softmax
opxrd_874,opxrd,candidate_exp_test4,clean,224,224,225,225,cubic,cubic,289,Head,High symmetry,True,0.8866509199142456,10,0.0007407295051962137,1,0.0006519927410408854,True,0.9679166378029038,0.17798869468760337,0.8866509199142456,0.07641369,single_softmax
opxrd_875,opxrd,candidate_exp_test4,clean,224,224,225,225,cubic,cubic,289,Head,High symmetry,True,0.8862306475639343,126,0.0010009536053985357,188,0.0006994202849455178,True,0.9701385040010101,0.17839727022905613,0.8862306475639343,0.09257081,single_softmax
opxrd_879,opxrd,candidate_exp_test4,clean,224,224,225,225,cubic,cubic,289,Head,High symmetry,True,0.9095088243484497,1,0.0008320614579133689,126,0.0008145563770085573,True,0.7926602133669118,0.14576106164289612,0.9095088243484497,0.0848488,single_softmax
opxrd_885,opxrd,candidate_exp_test4,clean,224,224,225,225,cubic,cubic,289,Head,High symmetry,True,0.8446609377861023,45,0.0013218352105468512,147,0.000849213800393045,True,1.2736632538964598,0.23421196741403544,0.8446609377861023,0.12844528,single_softmax
opxrd_886,opxrd,candidate_exp_test4,clean,224,224,225,225,cubic,cubic,289,Head,High symmetry,True,0.8689032793045044,10,0.0007784219924360514,162,0.0007090763538144529,True,1.0992926601143214,0.20214722839928467,0.8689032793045044,0.08000335,single_softmax
opxrd_888,opxrd,candidate_exp_test4,clean,224,224,225,225,cubic,cubic,289,Head,High symmetry,True,0.8737567067146301,1,0.0010567380813881755,61,0.0009710555314086378,True,1.0628762270983245,0.19545066681066603,0.8737567067146301,0.13082458,single_softmax
opxrd_898,opxrd,candidate_exp_test4,clean,224,224,225,225,cubic,cubic,289,Head,High symmetry,True,0.8396294116973877,162,0.0008408264257013798,45,0.0008254438289441168,True,1.3093820303159924,0.2407802380093029,0.8396294116973877,0.12714949,single_softmax
opxrd_903,opxrd,candidate_exp_test4,clean,224,224,225,225,cubic,cubic,289,Head,High symmetry,True,0.8380036950111389,128,0.0008595006074756384,162,0.0008560869027860463,True,1.320557646179565,0.24283530473943218,0.8380036950111389,0.106728725,single_softmax
opxrd_904,opxrd,candidate_exp_test4,clean,224,224,225,225,cubic,cubic,289,Head,High symmetry,True,0.8417462110519409,45,0.0010151572059839964,162,0.0008177314884960651,True,1.2946205379399363,0.23806576998897916,0.8417462110519409,0.1336993,single_softmax
opxrd_914,opxrd,candidate_exp_test4,clean,224,224,225,225,cubic,cubic,289,Head,High symmetry,True,0.8450693488121033,162,0.0008074118522927165,45,0.0008038998348638415,True,1.270686664782446,0.23366460704194053,0.8450693488121033,0.13780099,single_softmax
opxrd_918,opxrd,candidate_exp_test4,clean,224,224,225,225,cubic,cubic,289,Head,High symmetry,True,0.841636598110199,45,0.001035994035191834,147,0.000835725455544889,True,1.295190847180552,0.23817064327386855,0.841636598110199,0.12764534,single_softmax
opxrd_920,opxrd,candidate_exp_test4,clean,224,224,225,225,cubic,cubic,289,Head,High symmetry,True,0.852868914604187,45,0.0024062946904450655,147,0.0008417335920967162,True,1.2138783159463244,0.2232182075672388,0.852868914604187,0.13691995,single_softmax
opxrd_923,opxrd,candidate_exp_test4,clean,224,224,225,225,cubic,cubic,289,Head,High symmetry,True,0.84051114320755,45,0.0013651014305651188,162,0.0008279873873107135,True,1.303346177802739,0.23967031441856945,0.84051114320755,0.1347643,single_softmax
opxrd_924,opxrd,candidate_exp_test4,clean,224,224,225,225,cubic,cubic,289,Head,High symmetry,True,0.8403326272964478,162,0.0008499393588863313,10,0.0008485264843329787,True,1.3040683084349332,0.2398031059045283,0.8403326272964478,0.10370458,single_softmax
opxrd_926,opxrd,candidate_exp_test4,clean,224,224,225,225,cubic,cubic,289,Head,High symmetry,True,0.8532138466835022,1,0.0015207120450213552,61,0.0014926582807675004,True,1.2107922060505705,0.22265070758784533,0.8532138466835022,0.15004566,single_softmax
opxrd_927,opxrd,candidate_exp_test4,clean,224,224,225,225,cubic,cubic,289,Head,High symmetry,True,0.835242509841919,162,0.0008706153021194041,61,0.000869330542627722,True,1.340172628078994,0.24644227344752798,0.835242509841919,0.12115204,single_softmax
opxrd_932,opxrd,candidate_exp_test4,clean,224,224,225,225,cubic,cubic,289,Head,High symmetry,True,0.8587339520454407,61,0.0007806831272318959,1,0.0007482952205464244,True,1.1726450644169393,0.21563588866620206,0.8587339520454407,0.12850672,single_softmax
opxrd_934,opxrd,candidate_exp_test4,clean,224,224,225,225,cubic,cubic,289,Head,High symmetry,True,0.8385648131370544,45,0.001035915920510888,162,0.0008414157782681286,True,1.3170296002382962,0.2421865378236059,0.8385648131370544,0.131111,single_softmax
opxrd_943,opxrd,candidate_exp_test4,clean,224,224,225,225,cubic,cubic,289,Head,High symmetry,True,0.8393844962120056,61,0.0011491825571283698,139,0.0010282817529514432,True,1.310272253892859,0.24094393984708334,0.8393844962120056,0.14369272,single_softmax
opxrd_944,opxrd,candidate_exp_test4,clean,224,224,225,225,cubic,cubic,289,Head,High symmetry,True,0.8545387387275696,45,0.0022071211133152246,147,0.0008371765143238008,True,1.2020607318326788,0.22104509028771432,0.8545387387275696,0.13506801,single_softmax
opxrd_946,opxrd,candidate_exp_test4,clean,224,224,225,225,cubic,cubic,289,Head,High symmetry,True,0.876197874546051,1,0.0013868778478354216,42,0.0009369258186779916,True,1.0436422651847337,0.19191376327893006,0.876197874546051,0.08000529,single_softmax
opxrd_947,opxrd,candidate_exp_test4,clean,224,224,225,225,cubic,cubic,289,Head,High symmetry,True,0.8392645716667175,45,0.0008919579559005797,162,0.0008312420104630291,True,1.3121387277311134,0.24128716283671348,0.8392645716667175,0.13061574,single_softmax
opxrd_958,opxrd,candidate_exp_test4,clean,224,224,225,225,cubic,cubic,289,Head,High symmetry,True,0.8726893067359924,1,0.000905785767827183,61,0.0008572349324822426,True,1.070958954054002,0.19693698697933568,0.8726893067359924,0.12662749,single_softmax
opxrd_963,opxrd,candidate_exp_test4,clean,224,224,225,225,cubic,cubic,289,Head,High symmetry,True,0.8459419012069702,45,0.0009258625796064734,162,0.0008090576156973839,True,1.2645538925252926,0.23253686102928303,0.8459419012069702,0.13812536,single_softmax
opxrd_964,opxrd,candidate_exp_test4,clean,224,224,225,225,cubic,cubic,289,Head,High symmetry,True,0.8365335464477539,162,0.0008532633073627949,128,0.0008442912949249148,True,1.331213526765206,0.2447947981525121,0.8365335464477539,0.12749863,single_softmax
opxrd_965,opxrd,candidate_exp_test4,clean,224,224,225,225,cubic,cubic,289,Head,High symmetry,True,0.8462116122245789,10,0.0008703668136149645,162,0.0008268483215942979,True,1.2626815901617787,0.23219256624115045,0.8462116122245789,0.092662185,single_softmax
opxrd_974,opxrd,candidate_exp_test4,clean,224,224,225,225,cubic,cubic,289,Head,High symmetry,True,0.84139084815979,45,0.001198595971800387,162,0.0008220747695304453,True,1.297158342061749,0.23853244286696543,0.84139084815979,0.13379538,single_softmax
opxrd_976,opxrd,candidate_exp_test4,clean,224,224,225,225,cubic,cubic,289,Head,High symmetry,True,0.8430063724517822,162,0.0008157589472830296,61,0.0008100106497295201,True,1.2853169063061798,0.23635493954586842,0.8430063724517822,0.1279732,single_softmax
opxrd_977,opxrd,candidate_exp_test4,clean,224,224,225,225,cubic,cubic,289,Head,High symmetry,True,0.8488531708717346,45,0.001636908738873899,147,0.0008498392417095602,True,1.2435581879584172,0.2286759933636673,0.8488531708717346,0.12895097,single_softmax
opxrd_978,opxrd,candidate_exp_test4,clean,224,224,225,225,cubic,cubic,289,Head,High symmetry,True,0.8363996744155884,1,0.001884865458123386,61,0.0017350348643958569,True,1.3298437077766894,0.24454290425565975,0.8363996744155884,0.15582445,single_softmax
opxrd_985,opxrd,candidate_exp_test4,clean,224,224,225,225,cubic,cubic,289,Head,High symmetry,True,0.8600443601608276,61,0.0015090814558789134,1,0.0011685590725392103,True,1.1611161486370494,0.213515854160458,0.8600443601608276,0.13972016,single_softmax
opxrd_986,opxrd,candidate_exp_test4,clean,224,224,225,225,cubic,cubic,289,Head,High symmetry,True,0.8778267502784729,10,0.000786936900112778,126,0.0007176179205998778,True,1.0332254645730752,0.18999823391278678,0.8778267502784729,0.08132468,single_softmax
opxrd_993,opxrd,candidate_exp_test4,clean,224,224,225,225,cubic,cubic,289,Head,High symmetry,True,0.8412880897521973,45,0.0008592692320235074,162,0.0008300728513859212,True,1.2976826461983118,0.23862885634436773,0.8412880897521973,0.12929145,single_softmax
opxrd_996,opxrd,candidate_exp_test4,clean,224,224,225,225,cubic,cubic,289,Head,High symmetry,True,0.8412126898765564,45,0.0008342580404132605,162,0.0008288561948575079,True,1.298207444122485,0.23872536062361058,0.8412126898765564,0.13201602,single_softmax
opxrd_1002,opxrd,candidate_exp_test4,clean,224,224,225,225,cubic,cubic,289,Head,High symmetry,True,0.8518714904785156,128,0.0007924235542304814,162,0.0007689388585276902,True,1.22172956294304,0.22466196124398874,0.8518714904785156,0.12299146,single_softmax
opxrd_1006,opxrd,candidate_exp_test4,clean,224,224,225,225,cubic,cubic,289,Head,High symmetry,True,0.8894330859184265,145,0.0008087400929071009,126,0.0007125762058421969,True,0.9471691226302594,0.17417346618613588,0.8894330859184265,0.06944029,single_softmax
opxrd_1007,opxrd,candidate_exp_test4,clean,224,224,225,225,cubic,cubic,289,Head,High symmetry,True,0.8381763696670532,128,0.0008610635995864868,162,0.000853184552397579,True,1.3192735358266725,0.24259917167112893,0.8381763696670532,0.10821431,single_softmax
opxrd_1026,opxrd,candidate_exp_test4,clean,224,224,225,225,cubic,cubic,289,Head,High symmetry,True,0.8355466723442078,162,0.000850086915306747,128,0.0008492381311953068,True,1.3379835199917536,0.2460397217444573,0.8355466723442078,0.122047275,single_softmax
opxrd_1033,opxrd,candidate_exp_test4,clean,224,224,225,225,cubic,cubic,289,Head,High symmetry,True,0.8430509567260742,128,0.0008257491863332689,162,0.0008104197913780808,True,1.2848867680577918,0.2362758420881167,0.8430509567260742,0.12649304,single_softmax
opxrd_1035,opxrd,candidate_exp_test4,clean,224,224,225,225,cubic,cubic,289,Head,High symmetry,True,0.8404248952865601,45,0.0009040727745741606,162,0.0008247187361121178,True,1.3039248176511946,0.23977671960606017,0.8404248952865601,0.13242866,single_softmax
opxrd_1037,opxrd,candidate_exp_test4,clean,224,224,225,225,cubic,cubic,289,Head,High symmetry,True,0.8369680047035217,162,0.0008431961759924889,128,0.0008410161244682968,True,1.327971304623634,0.24419859093349416,0.8369680047035217,0.12357577,single_softmax
opxrd_1050,opxrd,candidate_exp_test4,clean,224,224,225,225,cubic,cubic,289,Head,High symmetry,True,0.8363525867462158,162,0.0008454960188828409,128,0.0008419909863732755,True,1.332362245406637,0.24500603424823178,0.8363525867462158,0.12455469,single_softmax
opxrd_1052,opxrd,candidate_exp_test4,clean,224,224,225,225,cubic,cubic,289,Head,High symmetry,True,0.8526819348335266,10,0.000868127855937928,162,0.0007951064617373049,True,1.2166245936144624,0.22372321632347958,0.8526819348335266,0.08618754,single_softmax
opxrd_1058,opxrd,candidate_exp_test4,clean,224,224,225,225,cubic,cubic,289,Head,High symmetry,True,0.842863917350769,61,0.0008714132127352059,139,0.0008337658364325762,True,1.285884566845012,0.2364593257650802,0.842863917350769,0.1492703,single_softmax
opxrd_1063,opxrd,candidate_exp_test4,clean,224,224,225,225,cubic,cubic,289,Head,High symmetry,True,0.8437225222587585,128,0.0008208153303712606,162,0.0007971765007823706,True,1.2801416961252325,0.23540327814356865,0.8437225222587585,0.13471039,single_softmax
opxrd_1083,opxrd,candidate_exp_test4,clean,224,224,225,225,cubic,cubic,289,Head,High symmetry,True,0.8408603072166443,45,0.0009923462057486176,162,0.0008396954508498311,True,1.3007787978630647,0.23919820288914367,0.8408603072166443,0.12982275,single_softmax
opxrd_1084,opxrd,candidate_exp_test4,clean,224,224,225,225,cubic,cubic,289,Head,High symmetry,True,0.845146894454956,128,0.0008158547570928931,162,0.0008022896945476532,True,1.2699706352601123,0.23353293747964513,0.845146894454956,0.12466536,single_softmax
opxrd_1097,opxrd,candidate_exp_test4,clean,224,224,225,225,cubic,cubic,289,Head,High symmetry,True,0.8903164863586426,1,0.001129892305471003,145,0.0008094591903500259,True,0.9394360167229071,0.17275143729173134,0.8903164863586426,0.07571159,single_softmax
opxrd_1106,opxrd,candidate_exp_test4,clean,224,224,225,225,cubic,cubic,289,Head,High symmetry,True,0.8882495164871216,145,0.00119647232349962,1,0.0010880278423428535,True,0.9547154954715575,0.1755611570256048,0.8882495164871216,0.07566228,single_softmax
opxrd_1108,opxrd,candidate_exp_test4,clean,224,224,225,225,cubic,cubic,289,Head,High symmetry,True,0.8791053891181946,10,0.0007747311610728502,1,0.0006931494572199881,True,1.0241241969332469,0.18832461587178206,0.8791053891181946,0.079334676,single_softmax
opxrd_1117,opxrd,candidate_exp_test4,clean,224,224,225,225,cubic,cubic,289,Head,High symmetry,True,0.8404296040534973,45,0.0009622123325243592,162,0.0008236669236794114,True,1.3039395686218735,0.2397794321392619,0.8404296040534973,0.13311517,single_softmax
opxrd_1125,opxrd,candidate_exp_test4,clean,224,224,225,225,cubic,cubic,289,Head,High symmetry,True,0.8537225723266602,162,0.0007813883712515235,128,0.0007684865850023925,True,1.2086918497307289,0.22226447631012286,0.8537225723266602,0.11106807,single_softmax
opxrd_1136,opxrd,candidate_exp_test4,clean,224,224,225,225,cubic,cubic,289,Head,High symmetry,True,0.8428826928138733,45,0.0008416111231781542,162,0.0008264867938123643,True,1.2863092310029056,0.23653741660079064,0.8428826928138733,0.123178534,single_softmax
opxrd_1138,opxrd,candidate_exp_test4,clean,224,224,225,225,cubic,cubic,289,Head,High symmetry,True,0.8422703742980957,45,0.001290364540182054,162,0.000821187044493854,True,1.2908361468373442,0.23736986415759814,0.8422703742980957,0.14060724,single_softmax
opxrd_1141,opxrd,candidate_exp_test4,clean,224,224,225,225,cubic,cubic,289,Head,High symmetry,True,0.8838672041893005,1,0.0012742247199639678,145,0.0009232627926394343,True,0.9869689090667759,0.181492187406551,0.8838672041893005,0.09395358,single_softmax
opxrd_1144,opxrd,candidate_exp_test4,clean,224,224,225,225,cubic,cubic,289,Head,High symmetry,True,0.8406471014022827,45,0.0009384725126437843,162,0.0008336466271430254,True,1.3023224871453594,0.23948206952561615,0.8406471014022827,0.12909906,single_softmax
opxrd_1156,opxrd,candidate_exp_test4,clean,224,224,225,225,cubic,cubic,289,Head,High symmetry,True,0.8499397039413452,61,0.0007919090567156672,128,0.0007816793513484299,True,1.2356545109732497,0.22722259841736733,0.8499397039413452,0.14059246,single_softmax
opxrd_1157,opxrd,candidate_exp_test4,clean,224,224,225,225,cubic,cubic,289,Head,High symmetry,True,0.8735436201095581,10,0.0008059206884354353,126,0.000767596357036382,True,1.0648902488029663,0.1958210221494227,0.8735436201095581,0.08321815,single_softmax
opxrd_1160,opxrd,candidate_exp_test4,clean,224,224,225,225,cubic,cubic,289,Head,High symmetry,True,0.8461679816246033,128,0.0008001121459528804,162,0.0007815783028490841,True,1.2627107719534028,0.23219793243571404,0.8461679816246033,0.14346899,single_softmax
opxrd_1163,opxrd,candidate_exp_test4,clean,224,224,225,225,cubic,cubic,289,Head,High symmetry,True,0.8476107120513916,61,0.0008648617076687515,139,0.000797193730250001,True,1.2521747764599986,0.23026048450697276,0.8476107120513916,0.1364001,single_softmax
opxrd_1172,opxrd,candidate_exp_test4,clean,224,224,225,225,cubic,cubic,289,Head,High symmetry,True,0.8584069013595581,61,0.001191531540825963,139,0.0009419504785910249,True,1.1741975246220706,0.21592136817412022,0.8584069013595581,0.12811883,single_softmax
opxrd_1185,opxrd,candidate_exp_test4,clean,224,224,225,225,cubic,cubic,289,Head,High symmetry,True,0.8384866118431091,45,0.0017659117002040148,147,0.000827720679808408,True,1.317325744970701,0.24224099542077976,0.8384866118431091,0.14255351,single_softmax
opxrd_1186,opxrd,candidate_exp_test4,clean,224,224,225,225,cubic,cubic,289,Head,High symmetry,True,0.8394898176193237,128,0.0008514392538927495,162,0.0008418195066042244,True,1.3100110738475506,0.2408959118521845,0.8394898176193237,0.11173659,single_softmax
opxrd_10,opxrd,candidate_ablation3,clean,147,147,148,148,trigonal,trigonal,23,Head,Medium symmetry,True,0.6579664945602417,162,0.11297982931137085,17,0.08761768043041229,True,1.4077921690711335,0.2588767263399645,0.6579664945602417,0.41978356,single_softmax
opxrd_23,opxrd,candidate_ablation3,clean,59,59,60,60,orthorhombic,orthorhombic,24,Head,Low symmetry,True,0.9982013702392578,60,0.0003730722237378359,13,0.00025961591745726764,True,0.017840281095942226,0.0032806217200011404,0.9982013702392578,0.4948813,single_softmax
opxrd_31,opxrd,candidate_ablation3,clean,14,14,15,15,monoclinic,monoclinic,37,Head,Low symmetry,True,0.4481694996356964,204,0.04754266142845154,73,0.04314584285020828,True,2.8797208760374566,0.529547421515571,0.4481694996356964,0.48664933,single_softmax
opxrd_43,opxrd,candidate_ablation3,clean,61,61,62,62,orthorhombic,orthorhombic,29,Head,Low symmetry,True,0.8585491180419922,62,0.04314666613936424,59,0.016396410763263702,True,0.8338946408270781,0.1533435967840269,0.8585491180419922,0.4738512,single_softmax
opxrd_44,opxrd,candidate_ablation3,clean,13,13,14,14,monoclinic,monoclinic,109,Head,Low symmetry,True,0.5544165372848511,18,0.11594443023204803,32,0.10438559949398041,True,1.835551017010661,0.3375366398203784,0.5544165372848511,0.54227364,single_softmax
opxrd_49,opxrd,candidate_ablation3,clean,25,25,26,26,orthorhombic,orthorhombic,5,Medium,Low symmetry,True,0.8182366490364075,18,0.040617287158966064,1,0.018324533477425575,True,1.03205722730551,0.18978340856707174,0.8182366490364075,0.5094455,single_softmax
opxrd_51,opxrd,candidate_ablation3,clean,10,10,11,11,monoclinic,monoclinic,13,Head,Low symmetry,True,0.3286677300930023,1,0.06324116885662079,165,0.0474579781293869,True,3.171781856935648,0.5832540639359852,0.3286677300930023,0.53498286,single_softmax
opxrd_54,opxrd,candidate_ablation3,clean,1,1,2,2,triclinic,triclinic,52,Head,Low symmetry,True,0.6490068435668945,18,0.11324437707662582,28,0.02135215885937214,True,1.788538373884649,0.32889155753022675,0.6490068435668945,0.4563422,single_softmax
opxrd_56,opxrd,candidate_ablation3,clean,128,128,129,129,tetragonal,tetragonal,29,Head,Medium symmetry,True,0.9946103096008301,1,0.0023244968615472317,13,0.0007933502201922238,True,0.046459583037449674,0.008543380925176177,0.9946103096008301,0.46991834,single_softmax
opxrd_58,opxrd,candidate_ablation3,clean,198,198,199,199,cubic,cubic,2,Medium,High symmetry,True,0.9725127220153809,4,0.007675906177610159,18,0.004617133177816868,True,0.19583678934325627,0.0360121245421914,0.9725127220153809,0.43950477,single_softmax
opxrd_59,opxrd,candidate_ablation3,clean,1,1,2,2,triclinic,triclinic,52,Head,Low symmetry,True,0.9436585307121277,204,0.012778246775269508,18,0.008434603922069073,True,0.3799060997014723,0.06986034555952407,0.9436585307121277,0.52158344,single_softmax
opxrd_70,opxrd,candidate_ablation3,clean,32,32,33,33,orthorhombic,orthorhombic,9,Head,Low symmetry,True,0.9794761538505554,18,0.007350573316216469,87,0.003087382996454835,True,0.15484478267766122,0.028474167786332327,0.9794761538505554,0.46428323,single_softmax
opxrd_76,opxrd,candidate_ablation3,clean,128,128,129,129,tetragonal,tetragonal,29,Head,Medium symmetry,True,0.9933621883392334,204,0.0016029666876420379,87,0.0008606204646639526,True,0.05898222157390986,0.010846149572906659,0.9933621883392334,0.5521363,single_softmax
opxrd_78,opxrd,candidate_ablation3,clean,220,220,221,221,cubic,cubic,14,Head,High symmetry,True,0.5325416922569275,224,0.045874178409576416,226,0.028408139944076538,True,2.499224779520924,0.45957858235351856,0.5325416922569275,0.49400064,single_softmax
opxrd_81,opxrd,candidate_ablation3,clean,147,147,148,148,trigonal,trigonal,23,Head,Medium symmetry,True,0.9973323345184326,12,0.0007124781841412187,174,0.0005261572077870369,True,0.025303219697440538,0.0046529699660542235,0.9973323345184326,0.5598675,single_softmax
opxrd_83,opxrd,candidate_ablation3,clean,1,2,2,3,triclinic,monoclinic,52,Head,Low symmetry,False,0.32311683893203735,18,0.16623146831989288,1,0.13794082403182983,True,2.509234960822226,0.4614193391230781,0.32311683893203735,0.5454886,single_softmax
opxrd_86,opxrd,candidate_ablation3,clean,14,14,15,15,monoclinic,monoclinic,37,Head,Low symmetry,True,0.42472535371780396,12,0.05168519914150238,87,0.037638962268829346,True,2.8459807743451586,0.5233430063580108,0.42472535371780396,0.5081587,single_softmax
opxrd_88,opxrd,candidate_ablation3,clean,59,59,60,60,orthorhombic,orthorhombic,24,Head,Low symmetry,True,0.7218602299690247,165,0.10355743020772934,139,0.025303611531853676,True,1.335274800596511,0.24554161952097592,0.7218602299690247,0.5500625,single_softmax
opxrd_96,opxrd,candidate_ablation3,clean,160,160,161,161,trigonal,trigonal,2,Medium,Medium symmetry,True,0.9674871563911438,138,0.00580606609582901,128,0.0030753142200410366,True,0.251483646165222,0.046244939045403284,0.9674871563911438,0.48640236,single_softmax
opxrd_101,opxrd,candidate_ablation3,clean,73,73,74,74,orthorhombic,orthorhombic,29,Head,Low symmetry,True,0.9022149443626404,14,0.04736541584134102,1,0.009459640830755234,True,0.5700620495621675,0.10482782930855171,0.9022149443626404,0.51394874,single_softmax
opxrd_107,opxrd,candidate_ablation3,clean,87,87,88,88,tetragonal,tetragonal,11,Head,Medium symmetry,True,0.9695483446121216,14,0.01153010968118906,165,0.006374305579811335,True,0.20391119135875913,0.03749691385047784,0.9695483446121216,0.48672602,single_softmax
opxrd_109,opxrd,candidate_ablation3,clean,14,14,15,15,monoclinic,monoclinic,37,Head,Low symmetry,True,0.2546096742153168,200,0.061865776777267456,12,0.05623532459139824,True,3.5464629771810765,0.6521535960981265,0.2546096742153168,0.48961392,single_softmax
opxrd_113,opxrd,candidate_ablation3,clean,14,73,15,74,monoclinic,orthorhombic,37,Head,Low symmetry,False,0.6563249230384827,14,0.24816565215587616,1,0.010379067622125149,True,1.2145512657578261,0.2233419552680856,0.6563249230384827,0.55249286,single_softmax
opxrd_128,opxrd,candidate_ablation3,clean,161,161,162,162,trigonal,trigonal,2,Medium,Medium symmetry,True,0.8841944336891174,11,0.03180379420518875,181,0.005576333962380886,True,0.7561624278959174,0.13904954027705171,0.8841944336891174,0.5669223,single_softmax
opxrd_129,opxrd,candidate_ablation3,clean,73,73,74,74,orthorhombic,orthorhombic,29,Head,Low symmetry,True,0.9738677740097046,14,0.011449474841356277,1,0.0029013354796916246,True,0.18816266457933978,0.03460094159910261,0.9738677740097046,0.4799486,single_softmax
opxrd_135,opxrd,candidate_ablation3,clean,13,13,14,14,monoclinic,monoclinic,109,Head,Low symmetry,True,0.9540051221847534,1,0.021389080211520195,4,0.004077441990375519,True,0.2947876016514476,0.05420803649695558,0.9540051221847534,0.5572999,single_softmax
opxrd_140,opxrd,candidate_ablation3,clean,147,147,148,148,trigonal,trigonal,23,Head,Medium symmetry,True,0.4616227149963379,163,0.06252337992191315,13,0.062022630125284195,True,2.592367780371768,0.47670650483490057,0.4616227149963379,0.46747464,single_softmax
opxrd_155,opxrd,candidate_ablation3,clean,59,59,60,60,orthorhombic,orthorhombic,24,Head,Low symmetry,True,0.9985733032226562,13,0.00026800433988682926,60,0.00024892378132790327,True,0.014558043072324615,0.0026770560422752056,0.9985733032226562,0.519456,single_softmax
opxrd_156,opxrd,candidate_ablation3,clean,3,3,4,4,monoclinic,monoclinic,14,Head,Low symmetry,True,0.7109915018081665,13,0.044926080852746964,163,0.044611163437366486,True,1.5522110329052698,0.2854336880225872,0.7109915018081665,0.5033292,single_softmax
opxrd_158,opxrd,candidate_ablation3,clean,61,61,62,62,orthorhombic,orthorhombic,29,Head,Low symmetry,True,0.5806224346160889,25,0.11957453191280365,229,0.0443941093981266,True,1.9435573234972918,0.35739775260507173,0.5806224346160889,0.49514827,single_softmax
opxrd_163,opxrd,candidate_ablation3,clean,61,61,62,62,orthorhombic,orthorhombic,29,Head,Low symmetry,True,0.5571894645690918,166,0.1182573214173317,59,0.03633321076631546,True,2.167616185986595,0.3985995905631263,0.5571894645690918,0.60678494,single_softmax
opxrd_168,opxrd,candidate_ablation3,clean,226,226,227,227,cubic,cubic,13,Head,High symmetry,True,0.7397396564483643,138,0.0324360691010952,62,0.02408495545387268,True,1.5013270795175386,0.27607671647120924,0.7397396564483643,0.51630557,single_softmax
opxrd_170,opxrd,candidate_ablation3,clean,59,59,60,60,orthorhombic,orthorhombic,24,Head,Low symmetry,True,0.9932529330253601,60,0.0012278154026716948,25,0.0010973968310281634,True,0.05930257762752396,0.010905059352521023,0.9932529330253601,0.50350523,single_softmax
opxrd_174,opxrd,candidate_ablation3,clean,197,197,198,198,cubic,cubic,3,Medium,High symmetry,True,0.8976303935050964,18,0.017494531348347664,163,0.01537319552153349,True,0.6461545747141599,0.11882036616382231,0.8976303935050964,0.5062483,single_softmax
opxrd_178,opxrd,candidate_ablation3,clean,192,192,193,193,hexagonal,hexagonal,6,Head,Medium symmetry,True,0.6695647239685059,165,0.035920001566410065,45,0.024863790720701218,True,1.923363175141533,0.35368428187237705,0.6695647239685059,0.49825338,single_softmax
opxrd_184,opxrd,candidate_ablation3,clean,13,13,14,14,monoclinic,monoclinic,109,Head,Low symmetry,True,0.6022691130638123,35,0.06972873210906982,18,0.06568936258554459,True,1.922841267219938,0.35358830903124205,0.6022691130638123,0.5152253,single_softmax
opxrd_192,opxrd,candidate_ablation3,clean,10,10,11,11,monoclinic,monoclinic,13,Head,Low symmetry,True,0.9735236763954163,59,0.010335203260183334,1,0.0025505663361400366,True,0.19485412650762546,0.0358314241919743,0.9735236763954163,0.56296843,single_softmax
opxrd_198,opxrd,candidate_ablation3,clean,61,61,62,62,orthorhombic,orthorhombic,29,Head,Low symmetry,True,0.9045745134353638,87,0.014583958312869072,4,0.011869588866829872,True,0.6366651491144837,0.11707537035544834,0.9045745134353638,0.4881653,single_softmax
opxrd_199,opxrd,candidate_ablation3,clean,18,18,19,19,orthorhombic,orthorhombic,27,Head,Low symmetry,True,0.8118794560432434,1,0.07843054831027985,11,0.010789938271045685,True,1.0192904532645781,0.18743574621871592,0.8118794560432434,0.502226,single_softmax
opxrd_208,opxrd,candidate_ablation3,clean,18,18,19,19,orthorhombic,orthorhombic,27,Head,Low symmetry,True,0.5383175015449524,60,0.10243017226457596,162,0.05315445363521576,True,2.2108699835985233,0.40655346456068914,0.5383175015449524,0.55207556,single_softmax
opxrd_209,opxrd,candidate_ablation3,clean,73,73,74,74,orthorhombic,orthorhombic,29,Head,Low symmetry,True,0.9007713794708252,14,0.047053441405296326,1,0.009762736037373543,True,0.5808603030171923,0.10681350344855664,0.9007713794708252,0.5099029,single_softmax
opxrd_210,opxrd,candidate_ablation3,clean,138,138,139,139,tetragonal,tetragonal,11,Head,Medium symmetry,True,0.8229819536209106,226,0.02366623654961586,50,0.020121749490499496,True,1.062496536860913,0.1953808461596894,0.8229819536209106,0.44897267,single_softmax
opxrd_218,opxrd,candidate_ablation3,clean,147,147,148,148,trigonal,trigonal,23,Head,Medium symmetry,True,0.18238572776317596,86,0.05468044430017471,61,0.05294717848300934,True,3.849914481734624,0.7079548243103782,0.18238572776317596,0.510907,single_softmax
opxrd_220,opxrd,candidate_ablation3,clean,165,165,166,166,trigonal,trigonal,12,Head,Medium symmetry,True,0.8504552841186523,1,0.016271518543362617,128,0.011870747432112694,True,0.9933132441725957,0.18265883738449623,0.8504552841186523,0.46864602,single_softmax
opxrd_231,opxrd,candidate_ablation3,clean,3,3,4,4,monoclinic,monoclinic,14,Head,Low symmetry,True,0.549450695514679,18,0.07341840118169785,1,0.06875915825366974,True,2.0563400166399948,0.37813718775042554,0.549450695514679,0.5680385,single_softmax
opxrd_233,opxrd,candidate_ablation3,clean,60,60,61,61,orthorhombic,orthorhombic,11,Head,Low symmetry,True,0.613386332988739,25,0.05017576739192009,192,0.025946849957108498,True,2.125597627189188,0.3908728627222029,0.613386332988739,0.47662377,single_softmax
opxrd_240,opxrd,candidate_ablation3,clean,1,1,2,2,triclinic,triclinic,52,Head,Low symmetry,True,0.9463546872138977,136,0.013471606187522411,51,0.005261262878775597,True,0.3717516599164827,0.0683608382294987,0.9463546872138977,0.46798047,single_softmax
opxrd_243,opxrd,candidate_ablation3,clean,73,73,74,74,orthorhombic,orthorhombic,29,Head,Low symmetry,True,0.9701651930809021,14,0.01348569430410862,1,0.0024390260223299265,True,0.2125383294217749,0.03908334493633194,0.9701651930809021,0.46469936,single_softmax
opxrd_244,opxrd,candidate_ablation3,clean,28,28,29,29,orthorhombic,orthorhombic,4,Medium,Low symmetry,True,0.5136690735816956,1,0.0639234259724617,18,0.032307419925928116,True,2.579119296822503,0.474270261669501,0.5136690735816956,0.47754332,single_softmax
opxrd_247,opxrd,candidate_ablation3,clean,18,18,19,19,orthorhombic,orthorhombic,27,Head,Low symmetry,True,0.7258515954017639,1,0.04046199470758438,204,0.024972373619675636,True,1.5409155233614011,0.28335657422887434,0.7258515954017639,0.44729128,single_softmax
opxrd_260,opxrd,candidate_ablation3,clean,147,147,148,148,trigonal,trigonal,23,Head,Medium symmetry,True,0.992331862449646,12,0.004996466916054487,138,0.0005616915295831859,True,0.05704369898157083,0.010489677649233505,0.992331862449646,0.48385972,single_softmax
opxrd_265,opxrd,candidate_ablation3,clean,165,165,166,166,trigonal,trigonal,12,Head,Medium symmetry,True,0.9595195055007935,1,0.0067200432531535625,200,0.006025456823408604,True,0.28380600338258466,0.052188647362478725,0.9595195055007935,0.49395922,single_softmax
opxrd_266,opxrd,candidate_ablation3,clean,140,140,141,141,tetragonal,tetragonal,5,Medium,Medium symmetry,True,0.9988231062889099,226,0.00021380239923018962,14,0.00015287681890185922,True,0.012797060984991546,0.0023532317676929057,0.9988231062889099,0.49772745,single_softmax
opxrd_270,opxrd,candidate_ablation3,clean,13,13,14,14,monoclinic,monoclinic,109,Head,Low symmetry,True,0.9818030595779419,1,0.010513458400964737,18,0.0014746910892426968,True,0.12690140553570062,0.02333570334795809,0.9818030595779419,0.43267992,single_softmax
opxrd_274,opxrd,candidate_ablation3,clean,163,163,164,164,trigonal,trigonal,4,Medium,Medium symmetry,True,0.7830188870429993,139,0.028614884242415428,91,0.02304648980498314,True,1.2781326876832748,0.23503384468593935,0.7830188870429993,0.39525533,single_softmax
opxrd_275,opxrd,candidate_ablation3,clean,1,1,2,2,triclinic,triclinic,52,Head,Low symmetry,True,0.9212609529495239,10,0.009965415112674236,197,0.007492691278457642,True,0.5513639166437586,0.10138945854265874,0.9212609529495239,0.5127901,single_softmax
opxrd_277,opxrd,candidate_ablation3,clean,224,224,225,225,cubic,cubic,289,Head,High symmetry,True,0.73456209897995,70,0.044200897216796875,220,0.04288078099489212,True,1.3812668876212755,0.25399903332685725,0.73456209897995,0.49073106,single_softmax
opxrd_289,opxrd,candidate_ablation3,clean,32,32,33,33,orthorhombic,orthorhombic,9,Head,Low symmetry,True,0.4109879732131958,35,0.16156350076198578,42,0.12790550291538239,True,2.4086946951658783,0.4429311450484948,0.4109879732131958,0.51426363,single_softmax
opxrd_292,opxrd,candidate_ablation3,clean,224,224,225,225,cubic,cubic,289,Head,High symmetry,True,0.21924416720867157,62,0.18508966267108917,61,0.05498046055436134,True,3.3176780014471468,0.6100826804793485,0.21924416720867157,0.49167886,single_softmax
opxrd_294,opxrd,candidate_ablation3,clean,204,204,205,205,cubic,cubic,4,Medium,High symmetry,True,0.31101828813552856,224,0.06338080763816833,31,0.030575554817914963,True,3.4733659457276467,0.6387118959497879,0.31101828813552856,0.45824033,single_softmax
opxrd_296,opxrd,candidate_ablation3,clean,61,61,62,62,orthorhombic,orthorhombic,29,Head,Low symmetry,True,0.5844833850860596,87,0.045768193900585175,226,0.03224027529358864,True,2.294064392666914,0.4218519558739511,0.5844833850860596,0.4482428,single_softmax
opxrd_306,opxrd,candidate_ablation3,clean,60,60,61,61,orthorhombic,orthorhombic,11,Head,Low symmetry,True,0.9991946816444397,18,0.00016983940440695733,1,0.0001383341586915776,True,0.008595714867570582,0.0015806527230057326,0.9991946816444397,0.6520434,single_softmax
opxrd_308,opxrd,candidate_ablation3,clean,32,32,33,33,orthorhombic,orthorhombic,9,Head,Low symmetry,True,0.7422963380813599,87,0.02561655081808567,18,0.019659794867038727,True,1.5492370677300045,0.28488681016253364,0.7422963380813599,0.40611416,single_softmax
opxrd_309,opxrd,candidate_ablation3,clean,14,18,15,19,monoclinic,orthorhombic,37,Head,Low symmetry,False,0.6268730163574219,1,0.21373768150806427,4,0.022748129442334175,False,1.4816665530334274,0.2724613726398218,0.6268730163574219,0.50645936,single_softmax
opxrd_314,opxrd,candidate_ablation3,clean,226,226,227,227,cubic,cubic,13,Head,High symmetry,True,0.4305895268917084,138,0.08291109651327133,145,0.038538165390491486,True,2.8924531098195105,0.531888732309101,0.4305895268917084,0.46363765,single_softmax
opxrd_319,opxrd,candidate_ablation3,clean,32,32,33,33,orthorhombic,orthorhombic,9,Head,Low symmetry,True,0.3336622416973114,35,0.24986453354358673,42,0.12150523066520691,True,2.4298086081913786,0.4468137498848853,0.3336622416973114,0.52104485,single_softmax
opxrd_321,opxrd,candidate_ablation3,clean,175,175,176,176,hexagonal,hexagonal,5,Head,Medium symmetry,True,0.537194550037384,163,0.05404350161552429,56,0.04528631269931793,True,2.484367760480013,0.4568465480824235,0.537194550037384,0.49390855,single_softmax
opxrd_323,opxrd,candidate_ablation3,clean,59,59,60,60,orthorhombic,orthorhombic,24,Head,Low symmetry,True,0.9879316687583923,25,0.0020668357610702515,60,0.001981486566364765,True,0.09984902415675415,0.01836108274348162,0.9879316687583923,0.5106802,single_softmax
opxrd_328,opxrd,candidate_ablation3,clean,62,12,63,13,orthorhombic,monoclinic,10,Head,Low symmetry,False,0.47516578435897827,69,0.13446353375911713,197,0.04121972993016243,False,2.3769746986005833,0.4370982039008277,0.47516578435897827,0.52743804,single_softmax
opxrd_331,opxrd,candidate_ablation3,clean,165,165,166,166,trigonal,trigonal,12,Head,Medium symmetry,True,0.9448515176773071,163,0.008548294194042683,120,0.006411798298358917,True,0.3934454963687171,0.07235008428860594,0.9448515176773071,0.40990686,single_softmax
opxrd_332,opxrd,candidate_ablation3,clean,73,73,74,74,orthorhombic,orthorhombic,29,Head,Low symmetry,True,0.7628586292266846,14,0.21703125536441803,1,0.004265355411916971,True,0.6838144980239298,0.1257455912608478,0.7628586292266846,0.5678533,single_softmax
opxrd_333,opxrd,candidate_ablation3,clean,13,13,14,14,monoclinic,monoclinic,109,Head,Low symmetry,True,0.8438056707382202,18,0.06384880095720291,3,0.024946950376033783,True,0.7623181487288974,0.14018150626785275,0.8438056707382202,0.48811632,single_softmax
opxrd_342,opxrd,candidate_ablation3,clean,59,59,60,60,orthorhombic,orthorhombic,24,Head,Low symmetry,True,0.9991053938865662,13,0.00020683312322944403,60,0.00016391600365750492,True,0.009378141007034716,0.001724531856614592,0.9991053938865662,0.51007205,single_softmax
opxrd_344,opxrd,candidate_ablation3,clean,60,60,61,61,orthorhombic,orthorhombic,11,Head,Low symmetry,True,0.7064935564994812,62,0.017071353271603584,25,0.015101244673132896,True,1.8328806445804686,0.33704558916103794,0.7064935564994812,0.4070941,single_softmax
opxrd_352,opxrd,candidate_ablation3,clean,14,18,15,19,monoclinic,orthorhombic,37,Head,Low symmetry,False,0.1183147132396698,59,0.11480116099119186,60,0.07580368220806122,False,3.746946810342818,0.6890202583464635,0.1183147132396698,0.5289149,single_softmax
opxrd_354,opxrd,candidate_ablation3,clean,61,61,62,62,orthorhombic,orthorhombic,29,Head,Low symmetry,True,0.5432367324829102,59,0.06973588466644287,62,0.0405295304954052,True,2.4087134819711844,0.44293459972508903,0.5432367324829102,0.49194232,single_softmax
opxrd_361,opxrd,candidate_ablation3,clean,1,1,2,2,triclinic,triclinic,52,Head,Low symmetry,True,0.9919918179512024,197,0.00243271398358047,18,0.0016045188531279564,True,0.06342925111430152,0.011663906962559777,0.9919918179512024,0.50151193,single_softmax
opxrd_363,opxrd,candidate_ablation3,clean,1,1,2,2,triclinic,triclinic,52,Head,Low symmetry,True,0.5594785809516907,57,0.20102733373641968,60,0.11706065386533737,True,1.607555677685139,0.29561092922042254,0.5594785809516907,0.39911914,single_softmax
opxrd_376,opxrd,candidate_ablation3,clean,56,56,57,57,orthorhombic,orthorhombic,2,Tail,Low symmetry,True,0.4912515878677368,51,0.055402953177690506,163,0.02827797457575798,True,2.7853825064268047,0.5121996845202951,0.4912515878677368,0.512186,single_softmax
opxrd_377,opxrd,candidate_ablation3,clean,14,14,15,15,monoclinic,monoclinic,37,Head,Low symmetry,True,0.9882633686065674,12,0.01112053357064724,224,0.00010300645226379856,True,0.06786843132407609,0.012480220950936233,0.9882633686065674,0.5311279,single_softmax
opxrd_381,opxrd,candidate_ablation3,clean,160,17,161,18,trigonal,orthorhombic,2,Medium,Medium symmetry,False,0.22942732274532318,11,0.1927904337644577,1,0.09211571514606476,False,2.7371895027423574,0.5033375475512059,0.22942732274532318,0.47516587,single_softmax
opxrd_382,opxrd,candidate_ablation3,clean,14,14,15,15,monoclinic,monoclinic,37,Head,Low symmetry,True,0.9403567910194397,193,0.015701089054346085,204,0.008312144316732883,True,0.40445162882420665,0.07437398497674594,0.9403567910194397,0.61575127,single_softmax
opxrd_398,opxrd,candidate_ablation3,clean,14,14,15,15,monoclinic,monoclinic,37,Head,Low symmetry,True,0.9026228785514832,204,0.02862345241010189,73,0.0121105732396245,True,0.5992627873126852,0.11019750784608295,0.9026228785514832,0.5778757,single_softmax
opxrd_405,opxrd,candidate_ablation3,clean,61,61,62,62,orthorhombic,orthorhombic,29,Head,Low symmetry,True,0.8941410779953003,62,0.0306386798620224,59,0.021194113418459892,True,0.6377934059014507,0.11728284375237283,0.8941410779953003,0.47947726,single_softmax
opxrd_409,opxrd,candidate_ablation3,clean,128,128,129,129,tetragonal,tetragonal,29,Head,Medium symmetry,True,0.9960587024688721,1,0.0018423493020236492,13,0.0005427267169579864,True,0.03466283655580004,0.006374095445596526,0.9960587024688721,0.4693314,single_softmax
opxrd_410,opxrd,candidate_ablation3,clean,11,11,12,12,monoclinic,monoclinic,10,Head,Low symmetry,True,0.12113825231790543,32,0.08743397146463394,60,0.059255700558423996,True,3.7303758919075642,0.6859730577644376,0.12113825231790543,0.544966,single_softmax
opxrd_413,opxrd,candidate_ablation3,clean,13,13,14,14,monoclinic,monoclinic,109,Head,Low symmetry,True,0.696561336517334,1,0.07516311854124069,11,0.06165703758597374,True,1.4189018479403184,0.26091966801809624,0.696561336517334,0.56389415,single_softmax
opxrd_415,opxrd,candidate_ablation3,clean,13,60,14,61,monoclinic,orthorhombic,109,Head,Low symmetry,False,0.10625648498535156,61,0.09334364533424377,87,0.06990877538919449,False,4.047780863672562,0.7443401674982322,0.10625648498535156,0.48789534,single_softmax
opxrd_420,opxrd,candidate_ablation3,clean,192,192,193,193,hexagonal,hexagonal,6,Head,Medium symmetry,True,0.7935018539428711,165,0.029003243893384933,45,0.016503293067216873,True,1.2840276081225248,0.2361178524953836,0.7935018539428711,0.49339446,single_softmax
opxrd_422,opxrd,candidate_ablation3,clean,87,87,88,88,tetragonal,tetragonal,11,Head,Medium symmetry,True,0.646228551864624,14,0.04044802859425545,13,0.036243654787540436,True,1.85261113201008,0.34067379800257436,0.646228551864624,0.39280593,single_softmax
opxrd_424,opxrd,candidate_ablation3,clean,226,226,227,227,cubic,cubic,13,Head,High symmetry,True,0.9772351384162903,87,0.004839510191231966,14,0.004187651909887791,True,0.1729103349082156,0.031796214267138724,0.9772351384162903,0.53936666,single_softmax
opxrd_427,opxrd,candidate_ablation3,clean,224,224,225,225,cubic,cubic,289,Head,High symmetry,True,0.9689064621925354,204,0.006851174868643284,193,0.00663557555526495,True,0.21192820023171782,0.03897114922247835,0.9689064621925354,0.5523214,single_softmax
opxrd_428,opxrd,candidate_ablation3,clean,147,147,148,148,trigonal,trigonal,23,Head,Medium symmetry,True,0.7334030866622925,17,0.10669514536857605,162,0.06590694189071655,True,1.15002392274957,0.21147612188415996,0.7334030866622925,0.42475036,single_softmax
opxrd_433,opxrd,candidate_ablation3,clean,13,14,14,15,monoclinic,monoclinic,109,Head,Low symmetry,False,0.18705438077449799,13,0.07041332125663757,10,0.051305729895830154,True,3.7212619071918693,0.684297101200005,0.18705438077449799,0.47848165,single_softmax
opxrd_435,opxrd,candidate_ablation3,clean,139,139,140,140,tetragonal,tetragonal,6,Head,Medium symmetry,True,0.12060666084289551,91,0.08372249454259872,59,0.061506785452365875,True,3.877828323886276,0.7130878576050286,0.12060666084289551,0.49472496,single_softmax
opxrd_439,opxrd,candidate_ablation3,clean,147,147,148,148,trigonal,trigonal,23,Head,Medium symmetry,True,0.9983556866645813,12,0.0006003234884701669,174,0.0002001220709644258,True,0.016225085394928684,0.0029836058786979042,0.9983556866645813,0.48018715,single_softmax
opxrd_442,opxrd,candidate_ablation3,clean,120,120,121,121,tetragonal,tetragonal,2,Tail,Medium symmetry,True,0.4891374707221985,59,0.05432349815964699,11,0.05378264933824539,True,2.526586228166321,0.46461003685998375,0.4891374707221985,0.5349939,single_softmax
opxrd_447,opxrd,candidate_ablation3,clean,224,224,225,225,cubic,cubic,289,Head,High symmetry,True,0.3787006139755249,205,0.05582311376929283,87,0.048501256853342056,True,2.889287820147181,0.5313066720829591,0.3787006139755249,0.46767116,single_softmax
opxrd_458,opxrd,candidate_ablation3,clean,144,144,145,145,trigonal,trigonal,2,Medium,Medium symmetry,True,0.9250230193138123,136,0.017518004402518272,31,0.011833853088319302,True,0.5045729086453369,0.09278513239360026,0.9250230193138123,0.47792313,single_softmax
opxrd_462,opxrd,candidate_ablation3,clean,87,87,88,88,tetragonal,tetragonal,11,Head,Medium symmetry,True,0.599041759967804,32,0.12091873586177826,18,0.015637246891856194,True,2.0970761182918007,0.3856280865287797,0.599041759967804,0.47885385,single_softmax
opxrd_465,opxrd,candidate_ablation3,clean,62,62,63,63,orthorhombic,orthorhombic,10,Head,Low symmetry,True,0.8854896426200867,32,0.009162790141999722,13,0.008825725875794888,True,0.7972585836941862,0.14660664885596397,0.8854896426200867,0.43378198,single_softmax
opxrd_477,opxrd,candidate_ablation3,clean,13,13,14,14,monoclinic,monoclinic,109,Head,Low symmetry,True,0.9628815650939941,59,0.004291983786970377,28,0.003947531338781118,True,0.28365417913980223,0.052160728637105726,0.9628815650939941,0.5230588,single_softmax
opxrd_479,opxrd,candidate_ablation3,clean,147,147,148,148,trigonal,trigonal,23,Head,Medium symmetry,True,0.6911194324493408,17,0.10090206563472748,162,0.07398700714111328,True,1.373539798126338,0.25257811078123377,0.6911194324493408,0.42955905,single_softmax
opxrd_485,opxrd,candidate_ablation3,clean,91,91,92,92,tetragonal,tetragonal,3,Medium,Medium symmetry,True,0.5883649587631226,124,0.08028291910886765,59,0.04132574051618576,True,2.1538873377797745,0.3960750138832142,0.5883649587631226,0.45007223,single_softmax
opxrd_486,opxrd,candidate_ablation3,clean,138,138,139,139,tetragonal,tetragonal,11,Head,Medium symmetry,True,0.8899164795875549,226,0.017001036554574966,224,0.013467228971421719,True,0.7462885531231649,0.13723384870437627,0.8899164795875549,0.48146528,single_softmax
opxrd_493,opxrd,candidate_ablation3,clean,73,73,74,74,orthorhombic,orthorhombic,29,Head,Low symmetry,True,0.9039574861526489,14,0.045452091842889786,1,0.009429721161723137,True,0.5657322414669409,0.10403162758929359,0.9039574861526489,0.50788605,single_softmax
opxrd_513,opxrd,candidate_ablation3,clean,13,13,14,14,monoclinic,monoclinic,109,Head,Low symmetry,True,0.3332390785217285,59,0.3220739960670471,60,0.04576411470770836,True,2.2145117008847066,0.4072231343244618,0.3332390785217285,0.5201212,single_softmax
opxrd_514,opxrd,candidate_ablation3,clean,10,10,11,11,monoclinic,monoclinic,13,Head,Low symmetry,True,0.5002434849739075,1,0.19808343052864075,18,0.04081032797694206,True,2.1344066787913283,0.3924927456076337,0.5002434849739075,0.51590645,single_softmax
opxrd_519,opxrd,candidate_ablation3,clean,147,181,148,182,trigonal,hexagonal,23,Head,Medium symmetry,False,0.16848224401474,11,0.10475249588489532,13,0.06447745114564896,False,3.7217795732019865,0.6843922940025939,0.16848224401474,0.5167073,single_softmax
opxrd_526,opxrd,candidate_ablation3,clean,162,162,163,163,trigonal,trigonal,4,Medium,Medium symmetry,True,0.9695577621459961,11,0.006945315282791853,1,0.00664922408759594,True,0.20762099738734546,0.03817910434786522,0.9695577621459961,0.50128657,single_softmax
opxrd_527,opxrd,candidate_ablation3,clean,1,1,2,2,triclinic,triclinic,52,Head,Low symmetry,True,0.8236628174781799,18,0.06151100620627403,52,0.044965777546167374,True,0.867583296059126,0.15953855153151816,0.8236628174781799,0.51548505,single_softmax
opxrd_529,opxrd,candidate_ablation3,clean,226,226,227,227,cubic,cubic,13,Head,High symmetry,True,0.38512593507766724,220,0.0917227640748024,140,0.03882710635662079,True,2.9031310515682547,0.5338522825153702,0.38512593507766724,0.49650952,single_softmax
opxrd_533,opxrd,candidate_ablation3,clean,13,13,14,14,monoclinic,monoclinic,109,Head,Low symmetry,True,0.344335675239563,1,0.10847926139831543,28,0.10354214161634445,True,2.8909134084330024,0.5316055990006218,0.344335675239563,0.48279303,single_softmax
opxrd_536,opxrd,candidate_ablation3,clean,59,175,60,176,orthorhombic,hexagonal,24,Head,Low symmetry,False,0.07332830876111984,163,0.027055926620960236,71,0.02047015354037285,False,4.738419590011404,0.8713406555576084,0.07332830876111984,0.4995273,single_softmax
opxrd_538,opxrd,candidate_ablation3,clean,11,11,12,12,monoclinic,monoclinic,10,Head,Low symmetry,True,0.22631868720054626,14,0.05376211553812027,197,0.03953135758638382,True,3.8354985954356504,0.7053039092574626,0.22631868720054626,0.50712377,single_softmax
opxrd_551,opxrd,candidate_ablation3,clean,224,224,225,225,cubic,cubic,289,Head,High symmetry,True,0.8079524040222168,220,0.038180649280548096,50,0.019016575068235397,True,1.0917329636095015,0.2007570874919214,0.8079524040222168,0.44228327,single_softmax
opxrd_553,opxrd,candidate_ablation3,clean,61,61,62,62,orthorhombic,orthorhombic,29,Head,Low symmetry,True,0.7995344400405884,62,0.061618175357580185,226,0.015486701391637325,True,1.1282502393848397,0.2074721928997109,0.7995344400405884,0.46700734,single_softmax
opxrd_566,opxrd,candidate_ablation3,clean,224,224,225,225,cubic,cubic,289,Head,High symmetry,True,0.9989030361175537,140,0.0003723400004673749,32,0.0003480762825347483,True,0.010660108569183105,0.0019602708904394284,0.9989030361175537,0.48677427,single_softmax
opxrd_572,opxrd,candidate_ablation3,clean,162,162,163,163,trigonal,trigonal,4,Medium,Medium symmetry,True,0.9894574284553528,1,0.007086022291332483,8,0.0005760252824984491,True,0.07547673535143802,0.013879300220500703,0.9894574284553528,0.5216392,single_softmax
opxrd_575,opxrd,candidate_ablation3,clean,13,13,14,14,monoclinic,monoclinic,109,Head,Low symmetry,True,0.9446230530738831,1,0.035264771431684494,11,0.016127754002809525,True,0.2700467548266996,0.049658480409358365,0.9446230530738831,0.5604029,single_softmax
opxrd_591,opxrd,candidate_ablation3,clean,35,35,36,36,orthorhombic,orthorhombic,6,Head,Low symmetry,True,0.5513754487037659,18,0.07358758896589279,13,0.06200229376554489,True,2.19959947543796,0.40448094823271474,0.5513754487037659,0.48670897,single_softmax
opxrd_593,opxrd,candidate_ablation3,clean,13,1,14,2,monoclinic,triclinic,109,Head,Low symmetry,False,0.6171666383743286,13,0.33835726976394653,197,0.008433953858911991,True,0.9361846404576724,0.17215354673506003,0.6171666383743286,0.5617747,single_softmax
opxrd_598,opxrd,candidate_ablation3,clean,13,13,14,14,monoclinic,monoclinic,109,Head,Low symmetry,True,0.9948769211769104,35,0.002186296507716179,32,0.0008219836745411158,True,0.04275151097142789,0.00786150928348509,0.9948769211769104,0.70445275,single_softmax
opxrd_613,opxrd,candidate_ablation3,clean,122,13,123,14,tetragonal,monoclinic,3,Medium,Medium symmetry,False,0.06358272582292557,138,0.04380727931857109,226,0.03543073311448097,False,4.367420921122835,0.8031182836845453,0.06358272582292557,0.5312771,single_softmax
opxrd_615,opxrd,candidate_ablation3,clean,1,1,2,2,triclinic,triclinic,52,Head,Low symmetry,True,0.9740748405456543,18,0.022198686376214027,204,0.0015094485133886337,True,0.13892592423362626,0.02554687350838494,0.9740748405456543,0.60918,single_softmax
opxrd_618,opxrd,candidate_ablation3,clean,128,128,129,129,tetragonal,tetragonal,29,Head,Medium symmetry,True,0.9964926838874817,1,0.0018186677480116487,13,0.00045024778228253126,True,0.0305010987185658,0.005608799906341451,0.9964926838874817,0.49185923,single_softmax
opxrd_620,opxrd,candidate_ablation3,clean,62,62,63,63,orthorhombic,orthorhombic,10,Head,Low symmetry,True,0.9430093169212341,60,0.005152668803930283,59,0.004691003821790218,True,0.4342578165404167,0.07985499877279371,0.9430093169212341,0.61856425,single_softmax
opxrd_621,opxrd,candidate_ablation3,clean,58,58,59,59,orthorhombic,orthorhombic,2,Tail,Low symmetry,True,0.9767200350761414,1,0.0084293894469738,10,0.0015983429038897157,True,0.17882393059116347,0.032883656238285486,0.9767200350761414,0.5256063,single_softmax
opxrd_622,opxrd,candidate_ablation3,clean,57,57,58,58,orthorhombic,orthorhombic,3,Medium,Low symmetry,True,0.9970013499259949,1,0.0014869271544739604,60,0.0006178221665322781,True,0.026750464631269916,0.00491910160033448,0.9970013499259949,0.39089987,single_softmax
opxrd_626,opxrd,candidate_ablation3,clean,8,8,9,9,monoclinic,monoclinic,2,Tail,Low symmetry,True,0.851858377456665,1,0.09282860159873962,18,0.01184883899986744,True,0.7091150510918128,0.13039807086451374,0.851858377456665,0.5231117,single_softmax
opxrd_630,opxrd,candidate_ablation3,clean,128,128,129,129,tetragonal,tetragonal,29,Head,Medium symmetry,True,0.9865828156471252,204,0.004523000214248896,1,0.003881458193063736,True,0.10205685946763844,0.018767078166766735,0.9865828156471252,0.57025856,single_softmax
opxrd_634,opxrd,candidate_ablation3,clean,192,192,193,193,hexagonal,hexagonal,6,Head,Medium symmetry,True,0.777131974697113,165,0.02545766904950142,45,0.016838623210787773,True,1.3874043590823104,0.25512764346885425,0.777131974697113,0.49678087,single_softmax
opxrd_671,opxrd,candidate_ablation3,clean,12,12,13,13,monoclinic,monoclinic,5,Medium,Low symmetry,True,0.7020373344421387,14,0.026381300762295723,32,0.025802185758948326,True,1.6935484090041464,0.31142399968776646,0.7020373344421387,0.49062613,single_softmax
opxrd_676,opxrd,candidate_ablation3,clean,13,59,14,60,monoclinic,orthorhombic,109,Head,Low symmetry,False,0.20158904790878296,1,0.18905891478061676,18,0.13125409185886383,False,2.8741489202361663,0.5285228031742851,0.20158904790878296,0.64222443,single_softmax
opxrd_688,opxrd,candidate_ablation3,clean,139,139,140,140,tetragonal,tetragonal,6,Head,Medium symmetry,True,0.7719483375549316,163,0.016312899067997932,60,0.01561044156551361,True,1.4506097410380827,0.26675038347782404,0.7719483375549316,0.47117758,single_softmax
opxrd_693,opxrd,candidate_ablation3,clean,73,73,74,74,orthorhombic,orthorhombic,29,Head,Low symmetry,True,0.35671505331993103,175,0.08000467717647552,14,0.05915246903896332,True,3.216594531895323,0.5914945974799045,0.35671505331993103,0.5179242,single_softmax
opxrd_704,opxrd,candidate_ablation3,clean,1,1,2,2,triclinic,triclinic,52,Head,Low symmetry,True,0.9352958798408508,18,0.013353473506867886,13,0.00862211175262928,True,0.43897477137040974,0.08072239230680363,0.9352958798408508,0.4995875,single_softmax
opxrd_708,opxrd,candidate_ablation3,clean,44,44,45,45,orthorhombic,orthorhombic,3,Medium,Low symmetry,True,0.9976977705955505,174,0.0018983427435159683,147,0.0001942896342370659,True,0.018262277506577034,0.0033582219877909764,0.9976977705955505,0.54142123,single_softmax
opxrd_711,opxrd,candidate_ablation3,clean,13,13,14,14,monoclinic,monoclinic,109,Head,Low symmetry,True,0.9464725255966187,200,0.005256636068224907,11,0.004776139743626118,True,0.38095884323490503,0.07005393294095584,0.9464725255966187,0.5412568,single_softmax
opxrd_715,opxrd,candidate_ablation3,clean,52,52,53,53,orthorhombic,orthorhombic,1,Tail,Low symmetry,True,0.8653860688209534,1,0.010244734585285187,17,0.00898846983909607,True,0.9447644168109566,0.17373126854930535,0.8653860688209534,0.46304926,single_softmax
opxrd_717,opxrd,candidate_ablation3,clean,62,62,63,63,orthorhombic,orthorhombic,10,Head,Low symmetry,True,0.5455107688903809,61,0.05162005126476288,224,0.0340401828289032,True,2.416464358300143,0.44435989639485995,0.5455107688903809,0.49109226,single_softmax
opxrd_718,opxrd,candidate_ablation3,clean,163,163,164,164,trigonal,trigonal,4,Medium,Medium symmetry,True,0.6418547034263611,60,0.03382270410656929,166,0.021609678864479065,True,2.0818915568839014,0.3828358209980098,0.6418547034263611,0.5312903,single_softmax
opxrd_720,opxrd,candidate_ablation3,clean,2,2,3,3,monoclinic,monoclinic,2,Tail,Low symmetry,True,0.8819359540939331,1,0.0110928975045681,18,0.007987220771610737,True,0.8271931029804972,0.15211126134611141,0.8819359540939331,0.51820564,single_softmax
opxrd_721,opxrd,candidate_ablation3,clean,1,1,2,2,triclinic,triclinic,52,Head,Low symmetry,True,0.9277297854423523,165,0.009641160257160664,57,0.009425542317330837,True,0.49747016669676003,0.09147902015339769,0.9277297854423523,0.4535357,single_softmax
opxrd_722,opxrd,candidate_ablation3,clean,13,87,14,88,monoclinic,tetragonal,109,Head,Low symmetry,False,0.3617859482765198,61,0.28218093514442444,13,0.09971319139003754,True,2.1102044575641474,0.3880422365487702,0.3617859482765198,0.46855095,single_softmax
opxrd_723,opxrd,candidate_ablation3,clean,35,35,36,36,orthorhombic,orthorhombic,6,Head,Low symmetry,True,0.6081385016441345,32,0.08515068888664246,18,0.05300584062933922,True,1.9734520362643582,0.3628950451359131,0.6081385016441345,0.5146189,single_softmax
opxrd_732,opxrd,candidate_ablation3,clean,202,202,203,203,cubic,cubic,4,Medium,High symmetry,True,0.9690404534339905,198,0.005174355115741491,87,0.00465303985401988,True,0.22642444770657236,0.041636841767834956,0.9690404534339905,0.50480664,single_softmax
opxrd_733,opxrd,candidate_ablation3,clean,147,147,148,148,trigonal,trigonal,23,Head,Medium symmetry,True,0.999731719493866,12,9.008939377963543e-05,174,5.464885907713324e-05,True,0.0030956371145481254,0.0005692519249339706,0.999731719493866,0.5099892,single_softmax
opxrd_737,opxrd,candidate_ablation3,clean,14,14,15,15,monoclinic,monoclinic,37,Head,Low symmetry,True,0.9967555403709412,12,0.002611061092466116,224,0.0001427444367436692,True,0.02507887865969817,0.004611716239324963,0.9967555403709412,0.51720816,single_softmax
opxrd_741,opxrd,candidate_ablation3,clean,59,59,60,60,orthorhombic,orthorhombic,24,Head,Low symmetry,True,0.998478353023529,60,0.0002698494354262948,13,0.0002650647656992078,True,0.015476133136008223,0.0028458822052510086,0.998478353023529,0.51764405,single_softmax
opxrd_757,opxrd,candidate_ablation3,clean,13,13,14,14,monoclinic,monoclinic,109,Head,Low symmetry,True,0.6450318098068237,18,0.08079059422016144,1,0.056420184671878815,True,1.6858914488684016,0.3100159731216256,0.6450318098068237,0.4825292,single_softmax
opxrd_759,opxrd,candidate_ablation3,clean,13,13,14,14,monoclinic,monoclinic,109,Head,Low symmetry,True,0.871760904788971,1,0.045001834630966187,18,0.03369101509451866,True,0.6767146857275264,0.12444001774985586,0.871760904788971,0.45288923,single_softmax
opxrd_764,opxrd,candidate_ablation3,clean,6,6,7,7,monoclinic,monoclinic,2,Tail,Low symmetry,True,0.8379770517349243,11,0.030600979924201965,228,0.016422133892774582,True,1.0003157303051706,0.18394651373763157,0.8379770517349243,0.512639,single_softmax
opxrd_786,opxrd,candidate_ablation3,clean,18,18,19,19,orthorhombic,orthorhombic,27,Head,Low symmetry,True,0.4990565776824951,1,0.1505676954984665,3,0.042618703097105026,True,2.362272989907736,0.4343947294096184,0.4990565776824951,0.4957025,single_softmax
opxrd_802,opxrd,candidate_ablation3,clean,13,13,14,14,monoclinic,monoclinic,109,Head,Low symmetry,True,0.41626590490341187,145,0.24755875766277313,14,0.09043660759925842,True,2.0256554561358886,0.37249465133986664,0.41626590490341187,0.5050088,single_softmax
opxrd_803,opxrd,candidate_ablation3,clean,124,124,125,125,tetragonal,tetragonal,13,Head,Medium symmetry,True,0.9417998790740967,91,0.014206303283572197,59,0.009049329906702042,True,0.38840337414059145,0.0714228962242737,0.9417998790740967,0.5114661,single_softmax
opxrd_806,opxrd,candidate_ablation3,clean,86,86,87,87,tetragonal,tetragonal,3,Medium,Medium symmetry,True,0.841700553894043,61,0.02233242616057396,11,0.010142520070075989,True,1.0154045194752381,0.18672116785959494,0.841700553894043,0.43416464,single_softmax
opxrd_807,opxrd,candidate_ablation3,clean,166,166,167,167,trigonal,trigonal,5,Medium,Medium symmetry,True,0.6747172474861145,138,0.04789416864514351,62,0.0330418236553669,True,1.7722189930629877,0.3258906118112331,0.6747172474861145,0.49223298,single_softmax
opxrd_809,opxrd,candidate_ablation3,clean,61,163,62,164,orthorhombic,trigonal,29,Head,Low symmetry,False,0.05815592408180237,18,0.049495141953229904,32,0.04628172516822815,False,4.298509270230432,0.790446226699402,0.05815592408180237,0.510316,single_softmax
opxrd_813,opxrd,candidate_ablation3,clean,13,13,14,14,monoclinic,monoclinic,109,Head,Low symmetry,True,0.8631144762039185,1,0.016311179846525192,14,0.014387812465429306,True,0.8606579075829681,0.1582650525472731,0.8631144762039185,0.5315616,single_softmax
opxrd_822,opxrd,candidate_ablation3,clean,14,14,15,15,monoclinic,monoclinic,37,Head,Low symmetry,True,0.43371668457984924,18,0.18125168979167938,1,0.03629272058606148,True,2.4873275397074153,0.45739081731044773,0.43371668457984924,0.5287118,single_softmax
opxrd_823,opxrd,candidate_ablation3,clean,13,175,14,176,monoclinic,hexagonal,109,Head,Low symmetry,False,0.2335016131401062,13,0.07962275296449661,71,0.06451305747032166,True,3.4343780666608024,0.6315424751208437,0.2335016131401062,0.56480885,single_softmax
opxrd_825,opxrd,candidate_ablation3,clean,3,3,4,4,monoclinic,monoclinic,14,Head,Low symmetry,True,0.7610936164855957,4,0.04027705639600754,1,0.035559721291065216,True,1.330210651919832,0.24461038104705934,0.7610936164855957,0.51067966,single_softmax
opxrd_829,opxrd,candidate_ablation3,clean,10,10,11,11,monoclinic,monoclinic,13,Head,Low symmetry,True,0.9800524711608887,59,0.006653617136180401,1,0.0034611618611961603,True,0.15347671584218872,0.028222596090195482,0.9800524711608887,0.5588888,single_softmax
opxrd_834,opxrd,candidate_ablation3,clean,14,14,15,15,monoclinic,monoclinic,37,Head,Low symmetry,True,0.3889715075492859,204,0.09945764392614365,187,0.04357980936765671,True,2.970006432291467,0.5461498929259941,0.3889715075492859,0.46471822,single_softmax
opxrd_836,opxrd,candidate_ablation3,clean,11,1,12,2,monoclinic,triclinic,10,Head,Low symmetry,False,0.3856501579284668,18,0.15180276334285736,13,0.11713921278715134,False,2.5489343361208996,0.46871959589453266,0.3856501579284668,0.45926493,single_softmax
opxrd_838,opxrd,candidate_ablation3,clean,165,165,166,166,trigonal,trigonal,12,Head,Medium symmetry,True,0.7592498064041138,204,0.0388745479285717,71,0.012235353700816631,True,1.45180254308031,0.2669697260019888,0.7592498064041138,0.5393039,single_softmax
opxrd_841,opxrd,candidate_ablation3,clean,200,200,201,201,cubic,cubic,2,Medium,High symmetry,True,0.8634166121482849,12,0.03154170140624046,14,0.0308951698243618,True,0.7776528433874086,0.14300137957005873,0.8634166121482849,0.53887624,single_softmax
opxrd_844,opxrd,candidate_ablation3,clean,165,165,166,166,trigonal,trigonal,12,Head,Medium symmetry,True,0.794518232345581,87,0.04890778660774231,13,0.029932545498013496,True,1.1263621045976095,0.20712498671164886,0.794518232345581,0.4926471,single_softmax
opxrd_845,opxrd,candidate_ablation3,clean,14,14,15,15,monoclinic,monoclinic,37,Head,Low symmetry,True,0.965861439704895,226,0.01366355363279581,145,0.004060934763401747,True,0.22417424216465082,0.041223054948244214,0.965861439704895,0.49959132,single_softmax
opxrd_846,opxrd,candidate_ablation3,clean,220,220,221,221,cubic,cubic,14,Head,High symmetry,True,0.7679756283760071,205,0.028187351301312447,139,0.022855278104543686,True,1.3767706229388095,0.25317222216301705,0.7679756283760071,0.45265406,single_softmax
opxrd_855,opxrd,candidate_ablation3,clean,13,13,14,14,monoclinic,monoclinic,109,Head,Low symmetry,True,0.5868488550186157,11,0.06939726322889328,181,0.04245493561029434,True,2.1734932420684445,0.3996803133234962,0.5868488550186157,0.55760986,single_softmax
opxrd_857,opxrd,candidate_ablation3,clean,224,224,225,225,cubic,cubic,289,Head,High symmetry,True,0.9990272521972656,50,0.0004773586115334183,226,0.00011570099741220474,True,0.00941301665768318,0.0017309450861148013,0.9990272521972656,0.5139165,single_softmax
opxrd_861,opxrd,candidate_ablation3,clean,224,224,225,225,cubic,cubic,289,Head,High symmetry,True,0.9997681975364685,205,0.00011598153650993481,50,8.06804237072356e-05,True,0.002468229191525069,0.00045387885157817013,0.9997681975364685,0.5051118,single_softmax
opxrd_864,opxrd,candidate_ablation3,clean,224,224,225,225,cubic,cubic,289,Head,High symmetry,True,0.9992402791976929,50,0.0003546934458427131,140,9.933928959071636e-05,True,0.007572029909186789,0.0013924088780320016,0.9992402791976929,0.5109127,single_softmax
opxrd_867,opxrd,candidate_ablation3,clean,224,224,225,225,cubic,cubic,289,Head,High symmetry,True,0.9996881484985352,50,0.0002753798326011747,226,8.376920959562995e-06,True,0.003016451921125115,0.0005546906820898146,0.9996881484985352,0.51531756,single_softmax
opxrd_874,opxrd,candidate_ablation3,clean,224,224,225,225,cubic,cubic,289,Head,High symmetry,True,0.9998760223388672,50,0.00011021672980859876,226,6.512371783173876e-06,True,0.0013035868980761241,0.00023971458009762822,0.9998760223388672,0.506316,single_softmax
opxrd_875,opxrd,candidate_ablation3,clean,224,224,225,225,cubic,cubic,289,Head,High symmetry,True,0.9991078972816467,50,0.0007750154472887516,226,3.0911443900549784e-05,True,0.007749791765870942,0.0014250972311408774,0.9991078972816467,0.5111449,single_softmax
opxrd_879,opxrd,candidate_ablation3,clean,224,224,225,225,cubic,cubic,289,Head,High symmetry,True,0.9994012117385864,50,0.0004881522327195853,226,2.436039358144626e-05,True,0.005566039986365005,0.0010235304912217522,0.9994012117385864,0.5045753,single_softmax
opxrd_885,opxrd,candidate_ablation3,clean,224,224,225,225,cubic,cubic,289,Head,High symmetry,True,0.9999172687530518,205,8.0084428191185e-05,50,2.2075462311477168e-06,True,0.0008734361659118158,0.0001606148267235857,0.9999172687530518,0.4642843,single_softmax
opxrd_886,opxrd,candidate_ablation3,clean,224,224,225,225,cubic,cubic,289,Head,High symmetry,True,0.9999353885650635,50,5.638304355670698e-05,226,3.5388052310736384e-06,True,0.0007243271041814882,0.00013319539179815925,0.9999353885650635,0.5019266,single_softmax
opxrd_888,opxrd,candidate_ablation3,clean,224,224,225,225,cubic,cubic,289,Head,High symmetry,True,0.998857855796814,50,0.0005606208578683436,226,0.00013683685392607003,True,0.010876501357814745,0.0020000630259231033,0.998857855796814,0.51403236,single_softmax
opxrd_898,opxrd,candidate_ablation3,clean,224,224,225,225,cubic,cubic,289,Head,High symmetry,True,0.9999290704727173,205,6.103560008341447e-05,50,7.177495263022138e-06,True,0.0007874239835408419,0.0001447981794323557,0.9999290704727173,0.4954075,single_softmax
opxrd_903,opxrd,candidate_ablation3,clean,224,224,225,225,cubic,cubic,289,Head,High symmetry,True,0.9999672174453735,50,2.3348686227109283e-05,205,6.48397463010042e-06,True,0.0004000525111233012,7.356503802121201e-05,0.9999672174453735,0.4882848,single_softmax
opxrd_904,opxrd,candidate_ablation3,clean,224,224,225,225,cubic,cubic,289,Head,High symmetry,True,0.9999040365219116,205,8.706026710569859e-05,50,6.990097062953282e-06,True,0.0010232700569888183,0.00018816754939740627,0.9999040365219116,0.48964837,single_softmax
opxrd_914,opxrd,candidate_ablation3,clean,224,224,225,225,cubic,cubic,289,Head,High symmetry,True,0.9998798370361328,205,0.00010282659786753356,50,1.2921543202537578e-05,True,0.0012703888635528858,0.00023360984483406476,0.9998798370361328,0.49214444,single_softmax
opxrd_918,opxrd,candidate_ablation3,clean,224,224,225,225,cubic,cubic,289,Head,High symmetry,True,0.9999699592590332,205,2.7524227334652096e-05,50,2.2121685105958022e-06,True,0.0003534159235469331,6.498910800492052e-05,0.9999699592590332,0.4719622,single_softmax
opxrd_920,opxrd,candidate_ablation3,clean,224,224,225,225,cubic,cubic,289,Head,High symmetry,True,0.9995434880256653,205,0.00045443387352861464,50,1.491818466092809e-06,True,0.003982639868745221,0.0007323614906112561,0.9995434880256653,0.44987303,single_softmax
opxrd_923,opxrd,candidate_ablation3,clean,224,224,225,225,cubic,cubic,289,Head,High symmetry,True,0.999823272228241,205,0.00016944101662375033,50,5.633664841298014e-06,True,0.0017431030977103183,0.000320536534811125,0.999823272228241,0.48310032,single_softmax
opxrd_924,opxrd,candidate_ablation3,clean,224,224,225,225,cubic,cubic,289,Head,High symmetry,True,0.9999752044677734,50,1.9013408746104687e-05,205,3.5352559279999696e-06,True,0.0003074371468847402,5.65341418210424e-05,0.9999752044677734,0.49099475,single_softmax
opxrd_926,opxrd,candidate_ablation3,clean,224,224,225,225,cubic,cubic,289,Head,High symmetry,True,0.9976657629013062,50,0.001044829492457211,226,0.0003265646519139409,True,0.020885349524007175,0.0038405746473275915,0.9976657629013062,0.5228376,single_softmax
opxrd_927,opxrd,candidate_ablation3,clean,224,224,225,225,cubic,cubic,289,Head,High symmetry,True,0.9999494552612305,205,3.006684528372716e-05,50,1.3071177818346769e-05,True,0.0006073960243730397,0.00011169311623984229,0.9999494552612305,0.50954294,single_softmax
opxrd_932,opxrd,candidate_ablation3,clean,224,224,225,225,cubic,cubic,289,Head,High symmetry,True,0.9997492432594299,50,0.00010976766498060897,205,8.846666605677456e-05,True,0.0026891858451250257,0.0004945102291377793,0.9997492432594299,0.5088484,single_softmax
opxrd_934,opxrd,candidate_ablation3,clean,224,224,225,225,cubic,cubic,289,Head,High symmetry,True,0.9998898506164551,205,0.00010338830907130614,50,5.128184056957252e-06,True,0.0011462277236126597,0.00021077804469159654,0.9998898506164551,0.48109505,single_softmax
opxrd_943,opxrd,candidate_ablation3,clean,224,224,225,225,cubic,cubic,289,Head,High symmetry,True,0.9995779395103455,50,0.00018580278265289962,205,0.00011893623013747856,True,0.004367370251869651,0.0008031089661938826,0.9995779395103455,0.50984687,single_softmax
opxrd_944,opxrd,candidate_ablation3,clean,224,224,225,225,cubic,cubic,289,Head,High symmetry,True,0.9996739625930786,205,0.0003243252285756171,50,1.2324831004661974e-06,True,0.0029547316127573045,0.0005433410299678723,0.9996739625930786,0.4503996,single_softmax
opxrd_946,opxrd,candidate_ablation3,clean,224,224,225,225,cubic,cubic,289,Head,High symmetry,True,0.999603807926178,50,0.0003297592920716852,190,1.8885866666096263e-05,True,0.0038135580264490637,0.0007012692919339188,0.999603807926178,0.51629615,single_softmax
opxrd_947,opxrd,candidate_ablation3,clean,224,224,225,225,cubic,cubic,289,Head,High symmetry,True,0.9999231100082397,205,6.649269926128909e-05,50,7.99009285401553e-06,True,0.0008464049125078237,0.000155644091309772,0.9999231100082397,0.49264377,single_softmax
opxrd_958,opxrd,candidate_ablation3,clean,224,224,225,225,cubic,cubic,289,Head,High symmetry,True,0.9993588328361511,50,0.00032356224255636334,205,9.994750143960118e-05,True,0.00641172277981842,0.0011790417931745864,0.9993588328361511,0.5100928,single_softmax
opxrd_963,opxrd,candidate_ablation3,clean,224,224,225,225,cubic,cubic,289,Head,High symmetry,True,0.9998711347579956,205,0.0001164792338386178,50,9.364900506625418e-06,True,0.0013345750552770956,0.0002454129444355892,0.9998711347579956,0.48629054,single_softmax
opxrd_964,opxrd,candidate_ablation3,clean,224,224,225,225,cubic,cubic,289,Head,High symmetry,True,0.9999328851699829,205,5.45969232916832e-05,50,8.801795047475025e-06,True,0.0007570108622656006,0.0001392055575621051,0.9999328851699829,0.49967286,single_softmax
opxrd_965,opxrd,candidate_ablation3,clean,224,224,225,225,cubic,cubic,289,Head,High symmetry,True,0.9999500513076782,50,4.165530117461458e-05,205,3.823816314252326e-06,True,0.0005777688767898426,0.00010624502585716202,0.9999500513076782,0.4948714,single_softmax
opxrd_974,opxrd,candidate_ablation3,clean,224,224,225,225,cubic,cubic,289,Head,High symmetry,True,0.9998615980148315,205,0.0001303694734815508,50,6.096007382438984e-06,True,0.0014058158788755732,0.00025851330939010185,0.9998615980148315,0.48566157,single_softmax
opxrd_976,opxrd,candidate_ablation3,clean,224,224,225,225,cubic,cubic,289,Head,High symmetry,True,0.9999203681945801,205,5.110888378112577e-05,50,1.9542239897418767e-05,True,0.0009150997012398077,0.00016827626984737895,0.9999203681945801,0.5074718,single_softmax
opxrd_977,opxrd,candidate_ablation3,clean,224,224,225,225,cubic,cubic,289,Head,High symmetry,True,0.9998461008071899,205,0.0001516866177553311,50,1.7996574115386466e-06,True,0.0015181363646594702,0.0002791677499385494,0.9998461008071899,0.45874915,single_softmax
opxrd_978,opxrd,candidate_ablation3,clean,224,224,225,225,cubic,cubic,289,Head,High symmetry,True,0.9946013689041138,50,0.0022305543534457684,226,0.0007737139821983874,True,0.044495004745464486,0.008182117659162096,0.9946013689041138,0.5257381,single_softmax
opxrd_985,opxrd,candidate_ablation3,clean,224,224,225,225,cubic,cubic,289,Head,High symmetry,True,0.9989197254180908,50,0.0004359896411187947,140,0.00015287499991245568,True,0.01053814197877029,0.0019378426426180546,0.9989197254180908,0.50650775,single_softmax
opxrd_986,opxrd,candidate_ablation3,clean,224,224,225,225,cubic,cubic,289,Head,High symmetry,True,0.9998286962509155,50,0.00015206301759462804,226,8.622444511274807e-06,True,0.0017459841082818589,0.00032106631939275346,0.9998286962509155,0.504121,single_softmax
opxrd_993,opxrd,candidate_ablation3,clean,224,224,225,225,cubic,cubic,289,Head,High symmetry,True,0.9998980760574341,205,9.064564801519737e-05,50,8.192327186407056e-06,True,0.001087171720093053,0.00019991832747071978,0.9998980760574341,0.4926992,single_softmax
opxrd_996,opxrd,candidate_ablation3,clean,224,224,225,225,cubic,cubic,289,Head,High symmetry,True,0.999894380569458,205,9.255432814825326e-05,50,9.37265849643154e-06,True,0.0011271074997291797,0.00020726205627044457,0.999894380569458,0.4947705,single_softmax
opxrd_1002,opxrd,candidate_ablation3,clean,224,224,225,225,cubic,cubic,289,Head,High symmetry,True,0.9999566078186035,50,2.7910704375244677e-05,205,1.1503519090183545e-05,True,0.0005229685521472529,9.616787884816761e-05,0.9999566078186035,0.49003068,single_softmax
opxrd_1006,opxrd,candidate_ablation3,clean,224,224,225,225,cubic,cubic,289,Head,High symmetry,True,0.9998629093170166,50,0.00012295028136577457,226,5.918268016102957e-06,True,0.0014248389819490836,0.00026201143841560095,0.9998629093170166,0.50666046,single_softmax
opxrd_1007,opxrd,candidate_ablation3,clean,224,224,225,225,cubic,cubic,289,Head,High symmetry,True,0.9999803304672241,50,1.3997342648508493e-05,205,4.048046776006231e-06,True,0.0002505230502354349,4.606829654439914e-05,0.9999803304672241,0.48864397,single_softmax
opxrd_1026,opxrd,candidate_ablation3,clean,224,224,225,225,cubic,cubic,289,Head,High symmetry,True,0.9999810457229614,205,1.046446504915366e-05,50,7.404186362691689e-06,True,0.00024152749450294516,4.441411770266559e-05,0.9999810457229614,0.48079455,single_softmax
opxrd_1033,opxrd,candidate_ablation3,clean,224,224,225,225,cubic,cubic,289,Head,High symmetry,True,0.9999650716781616,205,2.3899485313449986e-05,50,8.567027180106379e-06,True,0.00042659072604674954,7.844510935079018e-05,0.9999650716781616,0.5018623,single_softmax
opxrd_1035,opxrd,candidate_ablation3,clean,224,224,225,225,cubic,cubic,289,Head,High symmetry,True,0.999916672706604,205,7.261204882524908e-05,50,8.348685696546454e-06,True,0.0009095738842634863,0.00016726013590331266,0.999916672706604,0.4918897,single_softmax
opxrd_1037,opxrd,candidate_ablation3,clean,224,224,225,225,cubic,cubic,289,Head,High symmetry,True,0.9999833106994629,205,9.804327419260517e-06,50,6.089584985602414e-06,True,0.00021565750830647082,3.9656925920996465e-05,0.9999833106994629,0.4811093,single_softmax
opxrd_1050,opxrd,candidate_ablation3,clean,224,224,225,225,cubic,cubic,289,Head,High symmetry,True,0.9999827146530151,205,1.100502868212061e-05,50,5.578002856054809e-06,True,0.00022249125712713627,4.091357343061482e-05,0.9999827146530151,0.48133984,single_softmax
opxrd_1052,opxrd,candidate_ablation3,clean,224,224,225,225,cubic,cubic,289,Head,High symmetry,True,0.9999368190765381,50,5.4052121413405985e-05,205,3.5932669106841786e-06,True,0.0007137662471613246,0.00013125337212168369,0.9999368190765381,0.49843338,single_softmax
opxrd_1058,opxrd,candidate_ablation3,clean,224,224,225,225,cubic,cubic,289,Head,High symmetry,True,0.9997933506965637,205,0.00015143174096010625,50,3.985946750617586e-05,True,0.002140804222285707,0.0003936691799939217,0.9997933506965637,0.4948048,single_softmax
opxrd_1063,opxrd,candidate_ablation3,clean,224,224,225,225,cubic,cubic,289,Head,High symmetry,True,0.9998916387557983,205,7.280660793185234e-05,50,2.4715651306905784e-05,True,0.0012056116537481837,0.00022169806383108987,0.9998916387557983,0.50540906,single_softmax
opxrd_1083,opxrd,candidate_ablation3,clean,224,224,225,225,cubic,cubic,289,Head,High symmetry,True,0.9998701810836792,205,0.00012052858801325783,50,6.7315004343981855e-06,True,0.0013363399588817507,0.00024573748983193147,0.9998701810836792,0.48861974,single_softmax
opxrd_1084,opxrd,candidate_ablation3,clean,224,224,225,225,cubic,cubic,289,Head,High symmetry,True,0.999972939491272,205,1.4610245671065059e-05,50,1.0928531082754489e-05,True,0.0003374837141277375,6.20593586367837e-05,0.999972939491272,0.4841382,single_softmax
opxrd_1097,opxrd,candidate_ablation3,clean,224,224,225,225,cubic,cubic,289,Head,High symmetry,True,0.9997594952583313,50,0.00020822035730816424,140,7.202311735454714e-06,True,0.0024054173641755395,0.0004423284817175351,0.9997594952583313,0.5136931,single_softmax
opxrd_1106,opxrd,candidate_ablation3,clean,224,224,225,225,cubic,cubic,289,Head,High symmetry,True,0.9997208714485168,50,0.00024243304505944252,226,1.2290226550248917e-05,True,0.002740406270406745,0.0005039290739857522,0.9997208714485168,0.51220095,single_softmax
opxrd_1108,opxrd,candidate_ablation3,clean,224,224,225,225,cubic,cubic,289,Head,High symmetry,True,0.9998692274093628,50,0.00011206111230421811,226,7.824077329132706e-06,True,0.0013819495947720597,0.00025412457528974547,0.9998692274093628,0.50219744,single_softmax
opxrd_1117,opxrd,candidate_ablation3,clean,224,224,225,225,cubic,cubic,289,Head,High symmetry,True,0.9999070167541504,205,8.272871491499245e-05,50,7.879282748035621e-06,True,0.0009981585302919207,0.00018354982956097563,0.9999070167541504,0.49115586,single_softmax
opxrd_1125,opxrd,candidate_ablation3,clean,224,224,225,225,cubic,cubic,289,Head,High symmetry,True,0.9999611377716064,50,2.7012094506062567e-05,205,8.311987585329916e-06,True,0.00047059167191461246,8.653637528647872e-05,0.9999611377716064,0.49147975,single_softmax
opxrd_1136,opxrd,candidate_ablation3,clean,224,224,225,225,cubic,cubic,289,Head,High symmetry,True,0.9999778270721436,205,1.7330816262983717e-05,50,4.24751215177821e-06,True,0.00027401832254556524,5.038880585943939e-05,0.9999778270721436,0.47968158,single_softmax
opxrd_1138,opxrd,candidate_ablation3,clean,224,224,225,225,cubic,cubic,289,Head,High symmetry,True,0.9998432397842407,205,0.00014856969937682152,50,6.354410288622603e-06,True,0.0015700681023091217,0.0002887173969185848,0.9998432397842407,0.4837167,single_softmax
opxrd_1141,opxrd,candidate_ablation3,clean,224,224,225,225,cubic,cubic,289,Head,High symmetry,True,0.9973254203796387,50,0.0018249900313094258,190,0.00033387469011358917,True,0.02192232602331804,0.004031262653221386,0.9973254203796387,0.5170299,single_softmax
opxrd_1144,opxrd,candidate_ablation3,clean,224,224,225,225,cubic,cubic,289,Head,High symmetry,True,0.9998917579650879,205,9.810888150241226e-05,50,7.597983312734868e-06,True,0.0011419605251872602,0.0002099933561677647,0.9998917579650879,0.4895339,single_softmax
opxrd_1156,opxrd,candidate_ablation3,clean,224,224,225,225,cubic,cubic,289,Head,High symmetry,True,0.9998014569282532,205,0.00010740960715338588,50,6.463679164880887e-05,True,0.002131397041582597,0.0003919393080724744,0.9998014569282532,0.503481,single_softmax
opxrd_1157,opxrd,candidate_ablation3,clean,224,224,225,225,cubic,cubic,289,Head,High symmetry,True,0.9997944235801697,50,0.00017921846301760525,226,1.1073296263930388e-05,True,0.0020727237955274484,0.00038114997553021575,0.9997944235801697,0.5022855,single_softmax
opxrd_1160,opxrd,candidate_ablation3,clean,224,224,225,225,cubic,cubic,289,Head,High symmetry,True,0.999870777130127,205,8.944082219386473e-05,50,2.9930908567621373e-05,True,0.0014066817175984064,0.0002586725271347589,0.999870777130127,0.49960935,single_softmax
opxrd_1163,opxrd,candidate_ablation3,clean,224,224,225,225,cubic,cubic,289,Head,High symmetry,True,0.9998601675033569,205,7.513973105233163e-05,50,4.4446103856898844e-05,True,0.0015518061341582804,0.000285359231817742,0.9998601675033569,0.50494844,single_softmax
opxrd_1172,opxrd,candidate_ablation3,clean,224,224,225,225,cubic,cubic,289,Head,High symmetry,True,0.999596893787384,50,0.00019076192984357476,205,5.873396003153175e-05,True,0.004241720733887607,0.000780003470513474,0.999596893787384,0.5057974,single_softmax
opxrd_1185,opxrd,candidate_ablation3,clean,224,224,225,225,cubic,cubic,289,Head,High symmetry,True,0.9995192289352417,205,0.00047380992327816784,50,4.928878297505435e-06,True,0.004198147329559264,0.0007719908245307565,0.9995192289352417,0.47014177,single_softmax
opxrd_1186,opxrd,candidate_ablation3,clean,224,224,225,225,cubic,cubic,289,Head,High symmetry,True,0.9999806880950928,50,1.293523655476747e-05,205,4.8123642955033574e-06,True,0.0002470512074499846,4.542986474003883e-05,0.9999806880950928,0.48820972,single_softmax
opxrd_10,opxrd,candidate_ablation4,clean,147,147,148,148,trigonal,trigonal,23,Head,Medium symmetry,True,0.9999157190322876,11,3.994502912973985e-05,162,3.835662573692389e-05,True,0.0009581922392793709,0.0001762004900713933,0.9999157190322876,0.95420444,single_softmax
opxrd_23,opxrd,candidate_ablation4,clean,59,59,60,60,orthorhombic,orthorhombic,24,Head,Low symmetry,True,0.999997615814209,224,1.929070094774943e-06,61,2.4022585876082303e-07,True,3.397558039923715e-05,6.247716973065756e-06,0.999997615814209,0.98864275,single_softmax
opxrd_31,opxrd,candidate_ablation4,clean,14,14,15,15,monoclinic,monoclinic,37,Head,Low symmetry,True,0.857505738735199,226,0.08965787291526794,204,0.02851082757115364,True,0.6094962548320959,0.11207932437321945,0.857505738735199,0.9482331,single_softmax
opxrd_43,opxrd,candidate_ablation4,clean,61,61,62,62,orthorhombic,orthorhombic,29,Head,Low symmetry,True,0.999998927116394,62,5.385685426517739e-07,224,3.4033823226309323e-07,True,1.881691212599569e-05,3.4602128908123007e-06,0.999998927116394,0.83212155,single_softmax
opxrd_44,opxrd,candidate_ablation4,clean,13,13,14,14,monoclinic,monoclinic,109,Head,Low symmetry,True,0.9998975992202759,32,6.735837087035179e-05,18,1.960926419997122e-05,True,0.0011638348092005693,0.0002140157844500106,0.9998975992202759,0.99907374,single_softmax
opxrd_49,opxrd,candidate_ablation4,clean,25,25,26,26,orthorhombic,orthorhombic,5,Medium,Low symmetry,True,0.9999948740005493,18,3.0255396268330514e-06,12,1.8445080058882013e-06,True,7.28860058928385e-05,1.3402894984124605e-05,0.9999948740005493,0.97081727,single_softmax
opxrd_51,opxrd,candidate_ablation4,clean,10,10,11,11,monoclinic,monoclinic,13,Head,Low symmetry,True,0.818324863910675,13,0.15184913575649261,165,0.014076700434088707,True,0.6101136715832645,0.11219286018542349,0.818324863910675,0.97091496,single_softmax
opxrd_54,opxrd,candidate_ablation4,clean,1,1,2,2,triclinic,triclinic,52,Head,Low symmetry,True,0.9998213648796082,224,5.831810995005071e-05,60,5.090832564746961e-05,True,0.00206063599184302,0.0003789271679914228,0.9998213648796082,0.9990482,single_softmax
opxrd_56,opxrd,candidate_ablation4,clean,128,128,129,129,tetragonal,tetragonal,29,Head,Medium symmetry,True,1.0,13,1.283543826779976e-10,192,2.7455076406779355e-11,True,4.145943808649113e-09,7.623911997469671e-10,1.0,0.9998586,single_softmax
opxrd_58,opxrd,candidate_ablation4,clean,198,198,199,199,cubic,cubic,2,Medium,High symmetry,True,0.9999721050262451,4,2.72532161034178e-05,14,2.742730771387869e-07,True,0.0003246974237199283,5.97081074538838e-05,0.9999721050262451,0.93010956,single_softmax
opxrd_59,opxrd,candidate_ablation4,clean,1,1,2,2,triclinic,triclinic,52,Head,Low symmetry,True,0.9999827146530151,73,7.485663445550017e-06,14,3.2997616017382825e-06,True,0.00024015732780017571,4.416215986517669e-05,0.9999827146530151,0.98309624,single_softmax
opxrd_70,opxrd,candidate_ablation4,clean,32,32,33,33,orthorhombic,orthorhombic,9,Head,Low symmetry,True,0.9999994039535522,42,4.862344553657749e-07,62,4.4083673600425755e-08,True,9.461009554111435e-06,1.7397704256697992e-06,0.9999994039535522,0.9899131,single_softmax
opxrd_76,opxrd,candidate_ablation4,clean,128,128,129,129,tetragonal,tetragonal,29,Head,Medium symmetry,True,0.9999998807907104,13,8.272900942074557e-08,14,1.996729892539406e-08,True,2.2753270193637248e-06,4.184063692543437e-07,0.9999998807907104,0.9945825,single_softmax
opxrd_78,opxrd,candidate_ablation4,clean,220,220,221,221,cubic,cubic,14,Head,High symmetry,True,0.9992893934249878,226,0.0003314059867989272,224,0.00011100582923972979,True,0.007148438588599456,0.0013145153247158014,0.9992893934249878,0.77504706,single_softmax
opxrd_81,opxrd,candidate_ablation4,clean,147,147,148,148,trigonal,trigonal,23,Head,Medium symmetry,True,0.9997881054878235,220,0.00021143158664926887,44,1.407914709261604e-07,True,0.0020086301228414826,0.00036936388911165316,0.9997881054878235,0.9999174,single_softmax
opxrd_83,opxrd,candidate_ablation4,clean,1,35,2,36,triclinic,orthorhombic,52,Head,Low symmetry,False,0.9478762149810791,18,0.04442623257637024,1,0.006017039995640516,True,0.23290467572117385,0.042828480882764426,0.9478762149810791,0.99216354,single_softmax
opxrd_86,opxrd,candidate_ablation4,clean,14,14,15,15,monoclinic,monoclinic,37,Head,Low symmetry,True,0.9433334469795227,13,0.031139027327299118,12,0.016189439222216606,True,0.296229336659529,0.0544731549195052,0.9433334469795227,0.9861244,single_softmax
opxrd_88,opxrd,candidate_ablation4,clean,59,59,60,60,orthorhombic,orthorhombic,24,Head,Low symmetry,True,0.9964584708213806,61,0.0012113623088225722,1,0.0011443359544500709,True,0.027891995038171812,0.005129015862715463,0.9964584708213806,0.8489061,single_softmax
opxrd_96,opxrd,candidate_ablation4,clean,160,160,161,161,trigonal,trigonal,2,Medium,Medium symmetry,True,1.0,2,5.152662740925962e-10,1,3.7942515795919007e-10,True,3.9799626538316046e-08,7.318691816982133e-09,1.0,0.99861515,single_softmax
opxrd_101,opxrd,candidate_ablation4,clean,73,73,74,74,orthorhombic,orthorhombic,29,Head,Low symmetry,True,0.8701174259185791,14,0.12481056153774261,1,0.0005235043354332447,True,0.425950520779918,0.07832738299365871,0.8701174259185791,0.25910962,single_softmax
opxrd_107,opxrd,candidate_ablation4,clean,87,87,88,88,tetragonal,tetragonal,11,Head,Medium symmetry,True,0.9999942779541016,14,3.985825969721191e-06,13,1.0647754606907256e-06,True,8.037121125385049e-05,1.4779337830173158e-05,0.9999942779541016,0.86101013,single_softmax
opxrd_109,opxrd,candidate_ablation4,clean,14,14,15,15,monoclinic,monoclinic,37,Head,Low symmetry,True,0.9860959649085999,11,0.009621663950383663,12,0.0011570395436137915,True,0.09268449760456957,0.017043609028004815,0.9860959649085999,0.9940897,single_softmax
opxrd_113,opxrd,candidate_ablation4,clean,14,14,15,15,monoclinic,monoclinic,37,Head,Low symmetry,True,0.5116956233978271,73,0.4815833270549774,11,0.0008490572217851877,True,0.7527914100625427,0.13842964901731167,0.5116956233978271,0.2813365,single_softmax
opxrd_128,opxrd,candidate_ablation4,clean,161,161,162,162,trigonal,trigonal,2,Medium,Medium symmetry,True,0.9997374415397644,11,0.0001377465669065714,226,6.597697210963815e-05,True,0.0028219966820172025,0.0005189326086853249,0.9997374415397644,0.94299066,single_softmax
opxrd_129,opxrd,candidate_ablation4,clean,73,73,74,74,orthorhombic,orthorhombic,29,Head,Low symmetry,True,0.9997530579566956,14,0.00024687693803571165,1,3.294516659479996e-08,True,0.0022988026564649097,0.00042272326788115564,0.9997530579566956,0.79812753,single_softmax
opxrd_135,opxrd,candidate_ablation4,clean,13,13,14,14,monoclinic,monoclinic,109,Head,Low symmetry,True,1.0,1,4.0636249920567025e-10,58,2.4994997738225777e-10,True,1.451190614421229e-08,2.668571993865573e-09,1.0,0.9997358,single_softmax
opxrd_140,opxrd,candidate_ablation4,clean,147,147,148,148,trigonal,trigonal,23,Head,Medium symmetry,True,0.9967266321182251,13,0.0014913204358890653,42,0.0004641673876903951,True,0.02803417665972122,0.0051551614213718264,0.9967266321182251,0.9235207,single_softmax
opxrd_155,opxrd,candidate_ablation4,clean,59,59,60,60,orthorhombic,orthorhombic,24,Head,Low symmetry,True,0.999997615814209,224,2.2614106001128675e-06,13,6.042627376245946e-08,True,3.503078690438749e-05,6.441757266560352e-06,0.999997615814209,0.9870451,single_softmax
opxrd_156,opxrd,candidate_ablation4,clean,3,3,4,4,monoclinic,monoclinic,14,Head,Low symmetry,True,0.999750554561615,13,0.0002491992199793458,163,1.2149045858222962e-07,True,0.002321368726661349,0.000426872907655517,0.999750554561615,0.9754226,single_softmax
opxrd_158,opxrd,candidate_ablation4,clean,61,61,62,62,orthorhombic,orthorhombic,29,Head,Low symmetry,True,0.9994057416915894,229,0.0005381625960581005,25,2.711805973376613e-05,True,0.005280898441248307,0.0009710962531537606,0.9994057416915894,0.45426586,single_softmax
opxrd_163,opxrd,candidate_ablation4,clean,61,61,62,62,orthorhombic,orthorhombic,29,Head,Low symmetry,True,0.9999090433120728,62,2.7830144972540438e-05,166,2.186238816648256e-05,True,0.0011177274636042412,0.0002055371759235274,0.9999090433120728,0.99793553,single_softmax
opxrd_168,opxrd,candidate_ablation4,clean,226,226,227,227,cubic,cubic,13,Head,High symmetry,True,0.9999796152114868,30,5.566644631471718e-06,224,4.07155675929971e-06,True,0.0002879279768673275,5.294663069640679e-05,0.9999796152114868,0.902332,single_softmax
opxrd_170,opxrd,candidate_ablation4,clean,59,59,60,60,orthorhombic,orthorhombic,24,Head,Low symmetry,True,0.9999867677688599,224,9.866972504823934e-06,61,2.6087689093401423e-06,True,0.00017196417817801082,3.162222696823114e-05,0.9999867677688599,0.98498976,single_softmax
opxrd_174,opxrd,candidate_ablation4,clean,197,197,198,198,cubic,cubic,3,Medium,High symmetry,True,0.9999912977218628,163,5.616307134914678e-06,13,1.747105102367641e-06,True,0.00011858367463209215,2.18061686664833e-05,0.9999912977218628,0.9551451,single_softmax
opxrd_178,opxrd,candidate_ablation4,clean,192,192,193,193,hexagonal,hexagonal,6,Head,Medium symmetry,True,0.9999591112136841,45,1.0019268302130513e-05,25,5.640774816129124e-06,True,0.000550086076569628,0.00010115447850622679,0.9999591112136841,0.9413877,single_softmax
opxrd_184,opxrd,candidate_ablation4,clean,13,13,14,14,monoclinic,monoclinic,109,Head,Low symmetry,True,0.9999974966049194,18,6.270075232350791e-07,32,3.9921596339809184e-07,True,4.102680282428796e-05,7.544355367706426e-06,0.9999974966049194,0.9298889,single_softmax
opxrd_192,opxrd,candidate_ablation4,clean,10,10,11,11,monoclinic,monoclinic,13,Head,Low symmetry,True,0.9999973773956299,1,2.2262142920226324e-06,165,9.691976288195292e-08,True,3.8543658911874966e-05,7.087733871153687e-06,0.9999973773956299,0.99776685,single_softmax
opxrd_198,opxrd,candidate_ablation4,clean,61,61,62,62,orthorhombic,orthorhombic,29,Head,Low symmetry,True,0.9662876725196838,13,0.014016808941960335,163,0.003645882708951831,True,0.2251491527687827,0.041402329752591435,0.9662876725196838,0.39901465,single_softmax
opxrd_199,opxrd,candidate_ablation4,clean,18,18,19,19,orthorhombic,orthorhombic,27,Head,Low symmetry,True,0.987862229347229,3,0.006054506171494722,1,0.0031791760120540857,True,0.08427011218429689,0.015496300696832496,0.987862229347229,0.9925035,single_softmax
opxrd_208,opxrd,candidate_ablation4,clean,18,18,19,19,orthorhombic,orthorhombic,27,Head,Low symmetry,True,0.7262507081031799,60,0.26107341051101685,162,0.006991677917540073,True,0.655622550746245,0.12056141764436056,0.7262507081031799,0.9860334,single_softmax
opxrd_209,opxrd,candidate_ablation4,clean,73,73,74,74,orthorhombic,orthorhombic,29,Head,Low symmetry,True,0.8911293745040894,14,0.10603180527687073,11,0.00033111550146713853,True,0.3672600657408656,0.06753488591794507,0.8911293745040894,0.26357195,single_softmax
opxrd_210,opxrd,candidate_ablation4,clean,138,138,139,139,tetragonal,tetragonal,11,Head,Medium symmetry,True,0.9997214674949646,61,7.875188020989299e-05,226,7.841127080610022e-05,True,0.0029962449470785696,0.0005509748528606623,0.9997214674949646,0.884659,single_softmax
opxrd_218,opxrd,candidate_ablation4,clean,147,147,148,148,trigonal,trigonal,23,Head,Medium symmetry,True,0.970607340335846,13,0.024228446185588837,11,0.0019685046281665564,True,0.15519452228508024,0.02853848086224594,0.970607340335846,0.97119147,single_softmax
opxrd_220,opxrd,candidate_ablation4,clean,165,165,166,166,trigonal,trigonal,12,Head,Medium symmetry,True,0.9997455477714539,1,0.00013356476847548038,224,4.642637213692069e-05,True,0.0027391243438902734,0.0005036933424997534,0.9997455477714539,0.9736935,single_softmax
opxrd_231,opxrd,candidate_ablation4,clean,3,3,4,4,monoclinic,monoclinic,14,Head,Low symmetry,True,0.9999915361404419,13,4.023831934318878e-06,8,2.434266434647725e-06,True,0.0001199510632888237,2.2057615653379546e-05,0.9999915361404419,0.99849594,single_softmax
opxrd_233,opxrd,candidate_ablation4,clean,60,60,61,61,orthorhombic,orthorhombic,11,Head,Low symmetry,True,0.9999878406524658,25,8.905205504561309e-06,192,1.701995302028081e-06,True,0.00016283680270872457,2.9943807998814972e-05,0.9999878406524658,0.9898583,single_softmax
opxrd_240,opxrd,candidate_ablation4,clean,1,1,2,2,triclinic,triclinic,52,Head,Low symmetry,True,0.9999886751174927,51,4.999718385079177e-06,4,2.458232756907819e-06,True,0.00015878109689466415,2.9198010524437293e-05,0.9999886751174927,0.99555296,single_softmax
opxrd_243,opxrd,candidate_ablation4,clean,73,73,74,74,orthorhombic,orthorhombic,29,Head,Low symmetry,True,0.9982142448425293,14,0.0017845802940428257,1,4.910638722321892e-07,True,0.013097915075447882,0.0024085553614409177,0.9982142448425293,0.60618687,single_softmax
opxrd_244,opxrd,candidate_ablation4,clean,28,28,29,29,orthorhombic,orthorhombic,4,Medium,Low symmetry,True,0.9999456405639648,3,3.824927989626303e-05,13,5.104268893774133e-06,True,0.0006500508476436612,0.00011953684577144923,0.9999456405639648,0.99870837,single_softmax
opxrd_247,opxrd,candidate_ablation4,clean,18,18,19,19,orthorhombic,orthorhombic,27,Head,Low symmetry,True,0.9999916553497314,13,5.435021648736438e-06,1,1.699265681054385e-06,True,0.00011660952700876422,2.144314571091724e-05,0.9999916553497314,0.9848317,single_softmax
opxrd_260,opxrd,candidate_ablation4,clean,147,147,148,148,trigonal,trigonal,23,Head,Medium symmetry,True,0.9999997615814209,138,1.8424205450173758e-07,3,1.639557289934146e-08,True,3.930807037655593e-06,7.228300314056912e-07,0.9999997615814209,0.9969649,single_softmax
opxrd_265,opxrd,candidate_ablation4,clean,165,165,166,166,trigonal,trigonal,12,Head,Medium symmetry,True,0.9999932050704956,192,2.174577048208448e-06,1,2.003237796088797e-06,True,9.668682056054548e-05,1.7779590011108282e-05,0.9999932050704956,0.8818316,single_softmax
opxrd_266,opxrd,candidate_ablation4,clean,140,140,141,141,tetragonal,tetragonal,5,Medium,Medium symmetry,True,1.0,226,1.0536040928599277e-09,199,9.04544772417637e-10,True,6.60488710848816e-08,1.2145624830535997e-08,1.0,0.8898283,single_softmax
opxrd_270,opxrd,candidate_ablation4,clean,13,13,14,14,monoclinic,monoclinic,109,Head,Low symmetry,True,1.0,1,1.15850081264246e-12,163,8.017861548303973e-13,True,5.6802124705747285e-11,1.0445254928986091e-11,1.0,0.96836287,single_softmax
opxrd_274,opxrd,candidate_ablation4,clean,163,163,164,164,trigonal,trigonal,4,Medium,Medium symmetry,True,0.9727159738540649,226,0.0077338009141385555,61,0.0029326577205210924,True,0.1952698142887398,0.0359078643756311,0.9727159738540649,0.29013637,single_softmax
opxrd_275,opxrd,candidate_ablation4,clean,1,1,2,2,triclinic,triclinic,52,Head,Low symmetry,True,0.9999473094940186,11,1.5262263332260773e-05,13,1.2973770026292186e-05,True,0.0006829967232846645,0.00012559521192784994,0.9999473094940186,0.995518,single_softmax
opxrd_277,opxrd,candidate_ablation4,clean,224,224,225,225,cubic,cubic,289,Head,High symmetry,True,0.9999599456787109,50,3.511930117383599e-05,61,1.4337634866024018e-06,True,0.00047346826097364086,8.706534680300447e-05,0.9999599456787109,0.92775124,single_softmax
opxrd_289,opxrd,candidate_ablation4,clean,32,32,33,33,orthorhombic,orthorhombic,9,Head,Low symmetry,True,0.8706337213516235,42,0.1257193684577942,13,0.003101073205471039,True,0.404035324130856,0.07429743135005139,0.8706337213516235,0.8852609,single_softmax
opxrd_292,opxrd,candidate_ablation4,clean,224,224,225,225,cubic,cubic,289,Head,High symmetry,True,0.9902778267860413,61,0.0050503346137702465,62,0.003940303809940815,True,0.06521750948018204,0.011992747029850854,0.9902778267860413,0.9074808,single_softmax
opxrd_294,opxrd,candidate_ablation4,clean,204,204,205,205,cubic,cubic,4,Medium,High symmetry,True,0.6291545629501343,224,0.3604908287525177,14,0.00747727882117033,True,0.721731988896762,0.1327181800589947,0.6291545629501343,0.9450574,single_softmax
opxrd_296,opxrd,candidate_ablation4,clean,61,61,62,62,orthorhombic,orthorhombic,29,Head,Low symmetry,True,0.9977843165397644,226,0.0009607839747332036,138,0.0006392130744643509,True,0.019662794359425667,0.0036157608674742066,0.9977843165397644,0.948347,single_softmax
opxrd_306,opxrd,candidate_ablation4,clean,60,60,61,61,orthorhombic,orthorhombic,11,Head,Low symmetry,True,1.0,224,1.6013512293966414e-08,18,6.267749652622001e-10,True,3.2174860842339875e-07,5.916585436616385e-08,1.0,0.9999478,single_softmax
opxrd_308,opxrd,candidate_ablation4,clean,32,32,33,33,orthorhombic,orthorhombic,9,Head,Low symmetry,True,0.996798574924469,42,0.0031875032000243664,35,5.686558779416373e-06,True,0.0216975593375728,0.003989930654738682,0.996798574924469,0.99850804,single_softmax
opxrd_309,opxrd,candidate_ablation4,clean,14,18,15,19,monoclinic,orthorhombic,37,Head,Low symmetry,False,0.9612011313438416,1,0.03131396695971489,4,0.004813282750546932,False,0.19376455169777032,0.03563106396404101,0.9612011313438416,0.8600305,single_softmax
opxrd_314,opxrd,candidate_ablation4,clean,226,226,227,227,cubic,cubic,13,Head,High symmetry,True,0.9999737739562988,61,1.2333825907262508e-05,193,5.673330178979086e-06,True,0.0003535145255229245,6.50072397699041e-05,0.9999737739562988,0.98575103,single_softmax
opxrd_319,opxrd,candidate_ablation4,clean,32,32,33,33,orthorhombic,orthorhombic,9,Head,Low symmetry,True,0.8061562776565552,42,0.1852201223373413,35,0.0052778939716517925,True,0.5348895787995873,0.0983600180162694,0.8061562776565552,0.8861258,single_softmax
opxrd_321,opxrd,candidate_ablation4,clean,175,175,176,176,hexagonal,hexagonal,5,Head,Medium symmetry,True,0.9998441934585571,163,0.00011561045539565384,6,1.3768724784313235e-05,True,0.00170166679001129,0.00031291687622485965,0.9998441934585571,0.8955936,single_softmax
opxrd_323,opxrd,candidate_ablation4,clean,59,59,60,60,orthorhombic,orthorhombic,24,Head,Low symmetry,True,0.9999752044677734,224,1.66112367878668e-05,61,6.77285470374045e-06,True,0.0003089847941187661,5.681873627914204e-05,0.9999752044677734,0.98438305,single_softmax
opxrd_328,opxrd,candidate_ablation4,clean,62,69,63,70,orthorhombic,orthorhombic,10,Head,Low symmetry,False,0.5054698586463928,12,0.4189873933792114,11,0.01816299371421337,False,1.0897663231184394,0.20039544501130604,0.5054698586463928,0.29398927,single_softmax
opxrd_331,opxrd,candidate_ablation4,clean,165,165,166,166,trigonal,trigonal,12,Head,Medium symmetry,True,1.0,13,3.233558310000717e-09,163,8.529461165140972e-11,True,6.590037886527839e-08,1.2118318825756046e-08,1.0,0.9918927,single_softmax
opxrd_332,opxrd,candidate_ablation4,clean,73,14,74,15,orthorhombic,monoclinic,29,Head,Low symmetry,False,0.5280313491821289,73,0.46919938921928406,11,0.0005729804397560656,True,0.7177491599499045,0.13198578379910156,0.5280313491821289,0.24282257,single_softmax
opxrd_333,opxrd,candidate_ablation4,clean,13,13,14,14,monoclinic,monoclinic,109,Head,Low symmetry,True,0.9999974966049194,3,2.5359659048262984e-06,18,6.040295374987181e-09,True,3.5430784541451835e-05,6.5153122138756655e-06,0.9999974966049194,0.99813616,single_softmax
opxrd_342,opxrd,candidate_ablation4,clean,59,59,60,60,orthorhombic,orthorhombic,24,Head,Low symmetry,True,0.9999988079071045,224,1.043700763148081e-06,61,5.958002091688286e-08,True,1.779868456614261e-05,3.2729725984204085e-06,0.9999988079071045,0.98802626,single_softmax
opxrd_344,opxrd,candidate_ablation4,clean,60,60,61,61,orthorhombic,orthorhombic,11,Head,Low symmetry,True,0.9989523887634277,61,0.0007357047288678586,62,0.00017797944019548595,True,0.009396571579339916,0.0017279210260728154,0.9989523887634277,0.65901965,single_softmax
opxrd_352,opxrd,candidate_ablation4,clean,14,18,15,19,monoclinic,orthorhombic,37,Head,Low symmetry,False,0.5052817463874817,190,0.22555255889892578,60,0.05593166872859001,False,1.7290879246244333,0.3179593062916939,0.5052817463874817,0.9974367,single_softmax
opxrd_354,opxrd,candidate_ablation4,clean,61,61,62,62,orthorhombic,orthorhombic,29,Head,Low symmetry,True,0.998002827167511,224,0.0009161686175502837,13,0.0005139264394529164,True,0.017785562296232835,0.0032705595644861216,0.998002827167511,0.8937958,single_softmax
opxrd_361,opxrd,candidate_ablation4,clean,1,1,2,2,triclinic,triclinic,52,Head,Low symmetry,True,1.0,13,2.148156497128184e-08,18,5.435691008415233e-09,True,5.659934964149078e-07,1.0407966935792654e-07,1.0,0.9999639,single_softmax
opxrd_363,opxrd,candidate_ablation4,clean,1,1,2,2,triclinic,triclinic,52,Head,Low symmetry,True,0.9984065890312195,11,0.0007290568901225924,13,0.0003576128510758281,True,0.014379236196465722,0.0026441755222052807,0.9984065890312195,0.49165127,single_softmax
opxrd_376,opxrd,candidate_ablation4,clean,56,51,57,52,orthorhombic,orthorhombic,2,Tail,Low symmetry,False,0.9568387269973755,56,0.027898715808987617,13,0.002521971706300974,True,0.2538759731989081,0.04668486036647718,0.9568387269973755,0.90016276,single_softmax
opxrd_377,opxrd,candidate_ablation4,clean,14,14,15,15,monoclinic,monoclinic,37,Head,Low symmetry,True,0.9999997615814209,226,8.88058977466244e-08,12,7.844988658689545e-08,True,4.633580472518415e-06,8.52061952262318e-07,0.9999997615814209,0.9998498,single_softmax
opxrd_381,opxrd,candidate_ablation4,clean,160,11,161,12,trigonal,monoclinic,2,Medium,Medium symmetry,False,0.7888959646224976,13,0.1555318981409073,17,0.040074292570352554,False,0.7034230034751237,0.12935136902488642,0.7888959646224976,0.9957883,single_softmax
opxrd_382,opxrd,candidate_ablation4,clean,14,14,15,15,monoclinic,monoclinic,37,Head,Low symmetry,True,0.999824583530426,193,0.00010028038377640769,220,3.7377136322902516e-05,True,0.0019401616366225812,0.0003567733249934445,0.999824583530426,0.96285915,single_softmax
opxrd_398,opxrd,candidate_ablation4,clean,14,14,15,15,monoclinic,monoclinic,37,Head,Low symmetry,True,0.999996542930603,73,3.24494226333627e-06,12,1.2193106613267446e-07,True,4.795255317199511e-05,8.817920895951459e-06,0.999996542930603,0.99557614,single_softmax
opxrd_405,opxrd,candidate_ablation4,clean,61,61,62,62,orthorhombic,orthorhombic,29,Head,Low symmetry,True,0.9999998807907104,62,8.330918888077576e-08,224,7.903006604692564e-08,True,3.955930931704834e-06,7.274500254554315e-07,0.9999998807907104,0.85260653,single_softmax
opxrd_409,opxrd,candidate_ablation4,clean,128,128,129,129,tetragonal,tetragonal,29,Head,Medium symmetry,True,1.0,13,2.1341699241173018e-11,192,7.126356362657793e-12,True,8.90066757940855e-10,1.6367300059055204e-10,1.0,0.99989104,single_softmax
opxrd_410,opxrd,candidate_ablation4,clean,11,226,12,227,monoclinic,cubic,10,Head,Low symmetry,False,0.7437747120857239,32,0.12262506783008575,30,0.07202249765396118,False,0.9886335704621381,0.1817982994179427,0.7437747120857239,0.9906494,single_softmax
opxrd_413,opxrd,candidate_ablation4,clean,13,13,14,14,monoclinic,monoclinic,109,Head,Low symmetry,True,0.9998292922973633,3,4.171793261775747e-05,11,3.883731915266253e-05,True,0.0020134013390839833,0.0003702412606929524,0.9998292922973633,0.9984113,single_softmax
opxrd_415,opxrd,candidate_ablation4,clean,13,61,14,62,monoclinic,orthorhombic,109,Head,Low symmetry,False,0.9613645076751709,60,0.02110697515308857,226,0.0050025153905153275,False,0.23287865761084464,0.0428236964526649,0.9613645076751709,0.97739375,single_softmax
opxrd_420,opxrd,candidate_ablation4,clean,192,192,193,193,hexagonal,hexagonal,6,Head,Medium symmetry,True,0.9999948740005493,45,9.99475105345482e-07,60,7.692486292398826e-07,True,8.190826015868244e-05,1.5061983377896203e-05,0.9999948740005493,0.9553802,single_softmax
opxrd_422,opxrd,candidate_ablation4,clean,87,87,88,88,tetragonal,tetragonal,11,Head,Medium symmetry,True,0.9996979236602783,226,0.00029238153365440667,14,8.715440344531089e-06,True,0.0027983084942186246,0.0005145766244392495,0.9996979236602783,0.93668187,single_softmax
opxrd_424,opxrd,candidate_ablation4,clean,226,226,227,227,cubic,cubic,13,Head,High symmetry,True,0.999993085861206,193,5.514157237485051e-06,224,1.4508340200336534e-06,True,9.368772823443788e-05,1.7228091558118368e-05,0.999993085861206,0.98576134,single_softmax
opxrd_427,opxrd,candidate_ablation4,clean,224,224,225,225,cubic,cubic,289,Head,High symmetry,True,0.9999995231628418,193,2.5577591600267624e-07,145,1.1587064818741055e-07,True,1.0740361455668905e-05,1.9750284697108664e-06,0.9999995231628418,0.9999405,single_softmax
opxrd_428,opxrd,candidate_ablation4,clean,147,147,148,148,trigonal,trigonal,23,Head,Medium symmetry,True,0.9999872446060181,11,5.780847914138576e-06,162,5.237848654360278e-06,True,0.00017055739439286965,3.1363535672053675e-05,0.9999872446060181,0.9675749,single_softmax
opxrd_433,opxrd,candidate_ablation4,clean,13,13,14,14,monoclinic,monoclinic,109,Head,Low symmetry,True,0.47556158900260925,14,0.43834638595581055,11,0.025930888950824738,True,1.1287911863552444,0.2075716668021082,0.47556158900260925,0.97633606,single_softmax
opxrd_435,opxrd,candidate_ablation4,clean,139,139,140,140,tetragonal,tetragonal,6,Head,Medium symmetry,True,0.897912859916687,13,0.03291060030460358,124,0.019102202728390694,True,0.5530146631479333,0.10169301176621436,0.897912859916687,0.81553406,single_softmax
opxrd_439,opxrd,candidate_ablation4,clean,147,147,148,148,trigonal,trigonal,23,Head,Medium symmetry,True,1.0,220,2.4787729646646994e-09,44,2.3620967404269777e-09,True,1.2562193018465604e-07,2.3100422602981616e-08,1.0,0.9990761,single_softmax
opxrd_442,opxrd,candidate_ablation4,clean,120,120,121,121,tetragonal,tetragonal,2,Tail,Medium symmetry,True,0.999922513961792,11,3.096510408795439e-05,166,1.747059286572039e-05,True,0.0009498568845049137,0.00017466771456354442,0.999922513961792,0.7671535,single_softmax
opxrd_447,opxrd,candidate_ablation4,clean,224,224,225,225,cubic,cubic,289,Head,High symmetry,True,0.9270517826080322,229,0.03514586389064789,50,0.013681664131581783,True,0.38710411874470574,0.07118397815741988,0.9270517826080322,0.6732598,single_softmax
opxrd_458,opxrd,candidate_ablation4,clean,144,144,145,145,trigonal,trigonal,2,Medium,Medium symmetry,True,0.9999624490737915,136,3.318593371659517e-05,31,2.1143921458133264e-06,True,0.00044134863845876236,8.115891905705852e-05,0.9999624490737915,0.8971775,single_softmax
opxrd_462,opxrd,candidate_ablation4,clean,87,87,88,88,tetragonal,tetragonal,11,Head,Medium symmetry,True,0.9998292922973633,226,9.071818931261078e-05,32,1.8422155335429125e-05,True,0.0019727073636184064,0.0003627581084338812,0.9998292922973633,0.8976152,single_softmax
opxrd_465,opxrd,candidate_ablation4,clean,62,62,63,63,orthorhombic,orthorhombic,10,Head,Low symmetry,True,0.9999994039535522,60,5.161727472113853e-07,61,3.4543049309831986e-08,True,1.0307406384314395e-05,1.8954130307370202e-06,0.9999994039535522,0.9079765,single_softmax
opxrd_477,opxrd,candidate_ablation4,clean,13,13,14,14,monoclinic,monoclinic,109,Head,Low symmetry,True,1.0,32,2.166366641631612e-09,61,6.816827102795742e-10,True,8.486330697213655e-08,1.560538236963309e-08,1.0,0.98639095,single_softmax
opxrd_479,opxrd,candidate_ablation4,clean,147,147,148,148,trigonal,trigonal,23,Head,Medium symmetry,True,0.9999819993972778,162,9.759211025084369e-06,11,3.925218607037095e-06,True,0.00023913400759631052,4.397398309434768e-05,0.9999819993972778,0.9779806,single_softmax
opxrd_485,opxrd,candidate_ablation4,clean,91,91,92,92,tetragonal,tetragonal,3,Medium,Medium symmetry,True,0.9217228293418884,124,0.07117298245429993,13,0.0013164946576580405,True,0.3185898141085292,0.05858498856126719,0.9217228293418884,0.699436,single_softmax
opxrd_486,opxrd,candidate_ablation4,clean,138,138,139,139,tetragonal,tetragonal,11,Head,Medium symmetry,True,0.9986861348152161,160,0.0011858989018946886,226,4.510962389758788e-05,True,0.010728545506308656,0.0019728556530436174,0.9986861348152161,0.9742683,single_softmax
opxrd_493,opxrd,candidate_ablation4,clean,73,73,74,74,orthorhombic,orthorhombic,29,Head,Low symmetry,True,0.8957260847091675,14,0.10163497924804688,11,0.0003106243966612965,True,0.3559000900133045,0.0654459175373404,0.8957260847091675,0.26390997,single_softmax
opxrd_513,opxrd,candidate_ablation4,clean,13,13,14,14,monoclinic,monoclinic,109,Head,Low symmetry,True,0.9956284761428833,91,0.003654524916782975,59,0.0003442622837610543,True,0.03130291520774312,0.005756244701392829,0.9956284761428833,0.83372325,single_softmax
opxrd_514,opxrd,candidate_ablation4,clean,10,10,11,11,monoclinic,monoclinic,13,Head,Low symmetry,True,0.9988659620285034,13,0.0007409725803881884,11,0.00012507977953646332,True,0.010496367223853446,0.0019301607474959484,0.9988659620285034,0.9987723,single_softmax
opxrd_519,opxrd,candidate_ablation4,clean,147,181,148,182,trigonal,hexagonal,23,Head,Medium symmetry,False,0.3948766589164734,226,0.300399512052536,13,0.10639867186546326,False,1.6144261109854838,0.29687432258231616,0.3948766589164734,0.9897702,single_softmax
opxrd_526,opxrd,candidate_ablation4,clean,162,162,163,163,trigonal,trigonal,4,Medium,Medium symmetry,True,0.9999969005584717,11,2.5608753730921308e-06,8,3.3864102988445666e-07,True,4.436128961757911e-05,8.15752899094132e-06,0.9999969005584717,0.9971698,single_softmax
opxrd_527,opxrd,candidate_ablation4,clean,1,1,2,2,triclinic,triclinic,52,Head,Low symmetry,True,0.999902606010437,18,9.535068966215476e-05,8,1.1663473742373753e-06,True,0.0010087531614360729,0.00018549805990891627,0.999902606010437,0.99966073,single_softmax
opxrd_529,opxrd,candidate_ablation4,clean,226,226,227,227,cubic,cubic,13,Head,High symmetry,True,0.8546005487442017,220,0.14265428483486176,229,0.0008286939701065421,True,0.4341731779181258,0.0798394347073429,0.8546005487442017,0.74855953,single_softmax
opxrd_533,opxrd,candidate_ablation4,clean,13,13,14,14,monoclinic,monoclinic,109,Head,Low symmetry,True,0.9999498128890991,163,1.6091296856757253e-05,28,8.290944606414996e-06,True,0.0006530736814983561,0.00012009271001744042,0.9999498128890991,0.99604934,single_softmax
opxrd_536,opxrd,candidate_ablation4,clean,59,61,60,62,orthorhombic,orthorhombic,24,Head,Low symmetry,False,0.1425400674343109,163,0.10294556617736816,13,0.09057886153459549,False,3.1256153736729804,0.5747645806754315,0.1425400674343109,0.67610663,single_softmax
opxrd_538,opxrd,candidate_ablation4,clean,11,11,12,12,monoclinic,monoclinic,10,Head,Low symmetry,True,0.9991351962089539,1,0.00021351990289986134,14,0.00014045040006749332,True,0.009232837103503881,0.0016978121463499017,0.9991351962089539,0.92133474,single_softmax
opxrd_551,opxrd,candidate_ablation4,clean,224,224,225,225,cubic,cubic,289,Head,High symmetry,True,0.9999977350234985,50,9.892845582726295e-07,68,4.688204171543475e-07,True,3.880040873548554e-05,7.134947199431059e-06,0.9999977350234985,0.93813545,single_softmax
opxrd_553,opxrd,candidate_ablation4,clean,61,61,62,62,orthorhombic,orthorhombic,29,Head,Low symmetry,True,0.9999902248382568,62,6.61297644910519e-06,224,1.5299970073101576e-06,True,0.000132347472654435,2.4337172213959745e-05,0.9999902248382568,0.7877769,single_softmax
opxrd_566,opxrd,candidate_ablation4,clean,224,224,225,225,cubic,cubic,289,Head,High symmetry,True,1.0,58,6.252057899169827e-11,190,5.588745091711367e-11,True,4.3508132546243065e-09,8.00064325557955e-10,1.0,0.9947759,single_softmax
opxrd_572,opxrd,candidate_ablation4,clean,162,162,163,163,trigonal,trigonal,4,Medium,Medium symmetry,True,0.9999998807907104,73,1.539670364536505e-07,8,4.479721482653076e-08,True,3.789804743432257e-06,6.969013374287628e-07,0.9999998807907104,0.95052797,single_softmax
opxrd_575,opxrd,candidate_ablation4,clean,13,13,14,14,monoclinic,monoclinic,109,Head,Low symmetry,True,1.0,1,3.723452124404503e-08,11,9.77724776141109e-11,True,6.43601763003197e-07,1.1835093356346026e-07,1.0,0.999744,single_softmax
opxrd_591,opxrd,candidate_ablation4,clean,35,35,36,36,orthorhombic,orthorhombic,6,Head,Low symmetry,True,0.9747064113616943,13,0.020828671753406525,32,0.002323827240616083,True,0.13427684825078018,0.024691962110675543,0.9747064113616943,0.9125114,single_softmax
opxrd_593,opxrd,candidate_ablation4,clean,13,13,14,14,monoclinic,monoclinic,109,Head,Low symmetry,True,0.9999943971633911,1,5.2773616516788024e-06,10,9.867658690154713e-08,True,7.573296267571153e-05,1.3926417467182463e-05,0.9999943971633911,0.9976901,single_softmax
opxrd_598,opxrd,candidate_ablation4,clean,13,13,14,14,monoclinic,monoclinic,109,Head,Low symmetry,True,0.9999986886978149,32,6.63471553252748e-07,35,3.396854140191863e-07,True,2.185109637469405e-05,4.018164343215661e-06,0.9999986886978149,0.995867,single_softmax
opxrd_613,opxrd,candidate_ablation4,clean,122,45,123,46,tetragonal,orthorhombic,3,Medium,Medium symmetry,False,0.45079901814460754,13,0.4501321017742157,226,0.022984039038419724,False,1.218888068201114,0.2241394431671995,0.45079901814460754,0.8859535,single_softmax
opxrd_615,opxrd,candidate_ablation4,clean,1,1,2,2,triclinic,triclinic,52,Head,Low symmetry,True,0.9999587535858154,18,2.5156619813060388e-05,3,1.583269113325514e-05,True,0.00048789732127545616,8.971868440294329e-05,0.9999587535858154,0.99910706,single_softmax
opxrd_618,opxrd,candidate_ablation4,clean,128,128,129,129,tetragonal,tetragonal,29,Head,Medium symmetry,True,1.0,13,1.0772048184004568e-11,1,7.93307520369213e-12,True,5.719650160579616e-10,1.0517776287658031e-10,1.0,0.999941,single_softmax
opxrd_620,opxrd,candidate_ablation4,clean,62,62,63,63,orthorhombic,orthorhombic,10,Head,Low symmetry,True,0.9999854564666748,60,1.25665656014462e-05,61,6.092121225265146e-07,True,0.00018663226455847723,3.431951870437738e-05,0.9999854564666748,0.98611856,single_softmax
opxrd_621,opxrd,candidate_ablation4,clean,58,58,59,59,orthorhombic,orthorhombic,2,Tail,Low symmetry,True,0.9999992847442627,13,6.212594598764554e-07,224,1.0333499744774599e-07,True,1.1468879312886743e-05,2.1089944926084055e-06,0.9999992847442627,0.9950789,single_softmax
opxrd_622,opxrd,candidate_ablation4,clean,57,57,58,58,orthorhombic,orthorhombic,3,Medium,Low symmetry,True,1.0,0,2.5791412408548986e-11,60,1.6704453792426577e-11,True,1.3484037548073088e-09,2.4795588262104785e-10,1.0,0.8401692,single_softmax
opxrd_626,opxrd,candidate_ablation4,clean,8,8,9,9,monoclinic,monoclinic,2,Tail,Low symmetry,True,0.9999933242797852,1,3.8110717923700577e-06,64,8.086553293651377e-07,True,9.772744917084213e-05,1.7970949598047208e-05,0.9999933242797852,0.93661076,single_softmax
opxrd_630,opxrd,candidate_ablation4,clean,128,128,129,129,tetragonal,tetragonal,29,Head,Medium symmetry,True,0.9999914169311523,13,4.492369043873623e-06,1,2.6703205548983533e-06,True,0.00012131861341944529,2.2309092333459884e-05,0.9999914169311523,0.99807394,single_softmax
opxrd_634,opxrd,candidate_ablation4,clean,192,192,193,193,hexagonal,hexagonal,6,Head,Medium symmetry,True,0.9999912977218628,60,1.8544951672083698e-06,25,1.405882812832715e-06,True,0.0001309632493907371,2.4082629537204997e-05,0.9999912977218628,0.94722044,single_softmax
opxrd_671,opxrd,candidate_ablation4,clean,12,12,13,13,monoclinic,monoclinic,5,Medium,Low symmetry,True,0.9919318556785583,14,0.006394277326762676,69,0.0003868735511787236,True,0.05492238573100662,0.010099592633907707,0.9919318556785583,0.8980773,single_softmax
opxrd_676,opxrd,candidate_ablation4,clean,13,13,14,14,monoclinic,monoclinic,109,Head,Low symmetry,True,0.5564090013504028,8,0.31138312816619873,1,0.04238104447722435,True,1.3163325348843646,0.24205835555293034,0.5564090013504028,0.9994524,single_softmax
opxrd_688,opxrd,candidate_ablation4,clean,139,139,140,140,tetragonal,tetragonal,6,Head,Medium symmetry,True,0.9995405673980713,60,0.00020349711121525615,59,0.00011332857684465125,True,0.004846314690057654,0.0008911813187618409,0.9995405673980713,0.6613603,single_softmax
opxrd_693,opxrd,candidate_ablation4,clean,73,73,74,74,orthorhombic,orthorhombic,29,Head,Low symmetry,True,0.995879054069519,14,0.0011632716050371528,12,0.0011115296510979533,True,0.035893294026395586,0.006600362368290448,0.995879054069519,0.86870635,single_softmax
opxrd_704,opxrd,candidate_ablation4,clean,1,1,2,2,triclinic,triclinic,52,Head,Low symmetry,True,0.9995867609977722,3,0.00036766406265087426,13,2.4202410713769495e-05,True,0.003835826445373063,0.0007053641970757875,0.9995867609977722,0.9924271,single_softmax
opxrd_708,opxrd,candidate_ablation4,clean,44,44,45,45,orthorhombic,orthorhombic,3,Medium,Low symmetry,True,1.0,147,1.0340811540388017e-09,174,1.0476099154832497e-10,True,2.4631603872204746e-08,4.5294675698803105e-09,1.0,0.99831367,single_softmax
opxrd_711,opxrd,candidate_ablation4,clean,13,13,14,14,monoclinic,monoclinic,109,Head,Low symmetry,True,0.9999947547912598,28,2.988055712194182e-06,32,8.144355660988367e-07,True,7.714762898710014e-05,1.418655826892975e-05,0.9999947547912598,0.9853755,single_softmax
opxrd_715,opxrd,candidate_ablation4,clean,52,52,53,53,orthorhombic,orthorhombic,1,Tail,Low symmetry,True,1.0,3,2.729996451122929e-09,100,2.6283328846687937e-09,True,2.731410039394819e-07,5.0227477096792665e-08,1.0,0.9476139,single_softmax
opxrd_717,opxrd,candidate_ablation4,clean,62,62,63,63,orthorhombic,orthorhombic,10,Head,Low symmetry,True,0.996863842010498,224,0.0024520461447536945,61,0.0003830176719930023,True,0.023841311849388452,0.0043841419911379185,0.996863842010498,0.88104033,single_softmax
opxrd_718,opxrd,candidate_ablation4,clean,163,163,164,164,trigonal,trigonal,4,Medium,Medium symmetry,True,0.9998341798782349,13,0.00012873162631876767,193,3.2971278415061533e-05,True,0.0017190126752101042,0.00031610658424738737,0.9998341798782349,0.9949414,single_softmax
opxrd_720,opxrd,candidate_ablation4,clean,2,2,3,3,monoclinic,monoclinic,2,Tail,Low symmetry,True,0.9991610050201416,8,0.0002586620976217091,124,0.00017919580568559468,True,0.008832224191902086,0.0016241440571507536,0.9991610050201416,0.7889101,single_softmax
opxrd_721,opxrd,candidate_ablation4,clean,1,1,2,2,triclinic,triclinic,52,Head,Low symmetry,True,1.0,13,2.0122332244909558e-08,57,5.880198106211765e-09,True,5.329983236465084e-07,9.801223802895371e-08,1.0,0.97715366,single_softmax
opxrd_722,opxrd,candidate_ablation4,clean,13,13,14,14,monoclinic,monoclinic,109,Head,Low symmetry,True,0.9834100604057312,163,0.004646793007850647,18,0.002940321806818247,True,0.12325937933076439,0.022665976777593414,0.9834100604057312,0.25208828,single_softmax
opxrd_723,opxrd,candidate_ablation4,clean,35,35,36,36,orthorhombic,orthorhombic,6,Head,Low symmetry,True,0.9957379102706909,13,0.001655814703553915,32,0.0014626587508246303,True,0.033409752831215514,0.0061436678160236395,0.9957379102706909,0.8953791,single_softmax
opxrd_732,opxrd,candidate_ablation4,clean,202,202,203,203,cubic,cubic,4,Medium,High symmetry,True,0.9999372959136963,87,2.690799010451883e-05,198,1.4907412150932942e-05,True,0.0007841715696162256,0.00014420009806210437,0.9999372959136963,0.99236804,single_softmax
opxrd_733,opxrd,candidate_ablation4,clean,147,147,148,148,trigonal,trigonal,23,Head,Medium symmetry,True,1.0,220,3.4827858375052756e-09,174,2.7494668763949903e-09,True,1.4646078262846846e-07,2.6932446974089725e-08,1.0,0.99911743,single_softmax
opxrd_737,opxrd,candidate_ablation4,clean,14,14,15,15,monoclinic,monoclinic,37,Head,Low symmetry,True,1.0,226,1.741833899338019e-09,12,2.980022895116008e-10,True,6.132858888015865e-08,1.12776194307292e-08,1.0,0.99988914,single_softmax
opxrd_741,opxrd,candidate_ablation4,clean,59,59,60,60,orthorhombic,orthorhombic,24,Head,Low symmetry,True,0.9999972581863403,224,2.600519792395062e-06,13,7.445537875128139e-08,True,3.997736213181847e-05,7.351375340595109e-06,0.9999972581863403,0.9870724,single_softmax
opxrd_757,opxrd,candidate_ablation4,clean,13,13,14,14,monoclinic,monoclinic,109,Head,Low symmetry,True,0.999923825263977,163,5.3806506912223995e-05,3,1.891197643999476e-05,True,0.0008587741865024869,0.00015791865798892412,0.999923825263977,0.97397894,single_softmax
opxrd_759,opxrd,candidate_ablation4,clean,13,13,14,14,monoclinic,monoclinic,109,Head,Low symmetry,True,1.0,12,8.356728642411326e-09,87,8.187267752646221e-09,True,5.611966920527099e-07,1.0319759241684055e-07,1.0,0.999696,single_softmax
opxrd_764,opxrd,candidate_ablation4,clean,6,6,7,7,monoclinic,monoclinic,2,Tail,Low symmetry,True,0.9999991655349731,11,7.238150487864914e-07,60,1.1032435764946058e-07,True,1.3775106611659946e-05,2.5330830664894408e-06,0.9999991655349731,0.974843,single_softmax
opxrd_786,opxrd,candidate_ablation4,clean,18,18,19,19,orthorhombic,orthorhombic,27,Head,Low symmetry,True,0.9867129325866699,13,0.00903397612273693,3,0.002892113057896495,True,0.08458359223617666,0.015553946059114246,0.9867129325866699,0.9968688,single_softmax
opxrd_802,opxrd,candidate_ablation4,clean,13,13,14,14,monoclinic,monoclinic,109,Head,Low symmetry,True,0.9994251728057861,28,0.00011365726822987199,145,9.24455453059636e-05,True,0.006328592877091635,0.0011637551638327929,0.9994251728057861,0.99588627,single_softmax
opxrd_803,opxrd,candidate_ablation4,clean,124,124,125,125,tetragonal,tetragonal,13,Head,Medium symmetry,True,0.9999967813491821,13,2.6297000204067444e-06,10,3.1200434591482917e-07,True,4.559509726824832e-05,8.384411973071554e-06,0.9999967813491821,0.9785283,single_softmax
opxrd_806,opxrd,candidate_ablation4,clean,86,86,87,87,tetragonal,tetragonal,3,Medium,Medium symmetry,True,0.9980194568634033,226,0.0008410134469158947,61,0.0007837104494683444,True,0.01715159550905168,0.00315398039173649,0.9980194568634033,0.8528413,single_softmax
opxrd_807,opxrd,candidate_ablation4,clean,166,166,167,167,trigonal,trigonal,5,Medium,Medium symmetry,True,0.9988622665405273,138,0.0005149779608473182,208,0.0003404288145247847,True,0.010419587666193239,0.0019160418732944962,0.9988622665405273,0.93456984,single_softmax
opxrd_809,opxrd,candidate_ablation4,clean,61,13,62,14,orthorhombic,monoclinic,29,Head,Low symmetry,False,0.8343206644058228,147,0.05386814475059509,32,0.022779421880841255,False,0.8766039588487473,0.1611973472711867,0.8343206644058228,0.8687911,single_softmax
opxrd_813,opxrd,candidate_ablation4,clean,13,13,14,14,monoclinic,monoclinic,109,Head,Low symmetry,True,0.9999955892562866,1,1.6806257008283865e-06,126,6.59592728879943e-07,True,6.875952347178065e-05,1.2644082508865774e-05,0.9999955892562866,0.9699448,single_softmax
opxrd_822,opxrd,candidate_ablation4,clean,14,14,15,15,monoclinic,monoclinic,37,Head,Low symmetry,True,0.9944156408309937,18,0.0029436778277158737,87,0.0009103270131163299,True,0.04497826695340677,0.008270983999737401,0.9944156408309937,0.9792541,single_softmax
opxrd_823,opxrd,candidate_ablation4,clean,13,13,14,14,monoclinic,monoclinic,109,Head,Low symmetry,True,0.9467716813087463,35,0.01866067200899124,61,0.006814236752688885,True,0.3288138231541992,0.06046506578428483,0.9467716813087463,0.9899615,single_softmax
opxrd_825,opxrd,candidate_ablation4,clean,3,3,4,4,monoclinic,monoclinic,14,Head,Low symmetry,True,1.0,1,2.646686070306714e-08,13,7.954860770098549e-09,True,8.009369571945937e-07,1.4728305927432103e-07,1.0,0.98756206,single_softmax
opxrd_829,opxrd,candidate_ablation4,clean,10,10,11,11,monoclinic,monoclinic,13,Head,Low symmetry,True,0.9999979734420776,1,1.8378693766862852e-06,165,5.3761272766905677e-08,True,2.965654667029927e-05,5.453496535373556e-06,0.9999979734420776,0.9978557,single_softmax
opxrd_834,opxrd,candidate_ablation4,clean,14,14,15,15,monoclinic,monoclinic,37,Head,Low symmetry,True,0.9972063899040222,73,0.0023226849734783173,62,0.00017002243839669973,True,0.02153968047813134,0.003960898555265178,0.9972063899040222,0.9753142,single_softmax
opxrd_836,opxrd,candidate_ablation4,clean,11,1,12,2,monoclinic,triclinic,10,Head,Low symmetry,False,0.5320389866828918,13,0.21195770800113678,11,0.20889395475387573,True,1.2368578357673055,0.22744387595410373,0.5320389866828918,0.9617058,single_softmax
opxrd_838,opxrd,candidate_ablation4,clean,165,165,166,166,trigonal,trigonal,12,Head,Medium symmetry,True,0.9966153502464294,14,0.0011327052488923073,204,0.0010523514356464148,True,0.028579531960591507,0.005255445964845738,0.9966153502464294,0.9862953,single_softmax
opxrd_841,opxrd,candidate_ablation4,clean,200,200,201,201,cubic,cubic,2,Medium,High symmetry,True,0.9998841285705566,13,4.347688445704989e-05,14,3.047447717108298e-05,True,0.0013591868223825436,0.00024993876425308676,0.9998841285705566,0.98874474,single_softmax
opxrd_844,opxrd,candidate_ablation4,clean,165,165,166,166,trigonal,trigonal,12,Head,Medium symmetry,True,0.9999933242797852,13,5.194686309550889e-06,10,7.680540079491038e-07,True,9.207409868392121e-05,1.693136371380964e-05,0.9999933242797852,0.92888427,single_softmax
opxrd_845,opxrd,candidate_ablation4,clean,14,14,15,15,monoclinic,monoclinic,37,Head,Low symmetry,True,0.9999011754989624,226,8.520328265149146e-05,3,1.073494968295563e-05,True,0.001058710184788625,0.00019468457972862153,0.9999011754989624,0.9972076,single_softmax
opxrd_846,opxrd,candidate_ablation4,clean,220,220,221,221,cubic,cubic,14,Head,High symmetry,True,0.993470311164856,139,0.00465585058555007,208,0.0008665064815431833,True,0.047854048719361185,0.00879980706438738,0.993470311164856,0.7043376,single_softmax
opxrd_855,opxrd,candidate_ablation4,clean,13,13,14,14,monoclinic,monoclinic,109,Head,Low symmetry,True,0.9993822574615479,61,0.0003156640741508454,11,0.00011675160931190476,True,0.0061996910648729735,0.0011400516087913743,0.9993822574615479,0.99541855,single_softmax
opxrd_857,opxrd,candidate_ablation4,clean,224,224,225,225,cubic,cubic,289,Head,High symmetry,True,1.0,50,3.549401744740166e-11,45,1.0401946665128392e-11,True,1.3163648032936583e-09,2.420642893408471e-10,1.0,0.7978402,single_softmax
opxrd_861,opxrd,candidate_ablation4,clean,224,224,225,225,cubic,cubic,289,Head,High symmetry,True,1.0,50,2.23219272926789e-11,45,1.5410238189683678e-12,True,6.161351185965034e-10,1.1330013477102185e-10,1.0,0.83670956,single_softmax
opxrd_864,opxrd,candidate_ablation4,clean,224,224,225,225,cubic,cubic,289,Head,High symmetry,True,1.0,50,4.0247003646465274e-11,45,1.906995394929112e-11,True,1.7758209090641908e-09,3.2655296257822036e-10,1.0,0.79984486,single_softmax
opxrd_867,opxrd,candidate_ablation4,clean,224,224,225,225,cubic,cubic,289,Head,High symmetry,True,1.0,50,2.455916546517667e-12,190,6.854953887511228e-13,True,8.63536066919654e-11,1.5879431281973055e-11,1.0,0.83341706,single_softmax
opxrd_874,opxrd,candidate_ablation4,clean,224,224,225,225,cubic,cubic,289,Head,High symmetry,True,1.0,50,3.9074264657212865e-11,45,1.5590335283605788e-13,True,9.452363158333679e-10,1.7381804533125428e-10,1.0,0.77552027,single_softmax
opxrd_875,opxrd,candidate_ablation4,clean,224,224,225,225,cubic,cubic,289,Head,High symmetry,True,1.0,50,4.181959899901555e-12,190,5.514102087260386e-13,True,1.2885317744082506e-10,2.3694611667283595e-11,1.0,0.8589942,single_softmax
opxrd_879,opxrd,candidate_ablation4,clean,224,224,225,225,cubic,cubic,289,Head,High symmetry,True,1.0,190,3.4015828348499255e-12,50,1.83680219471849e-12,True,1.4482220558930502e-10,2.6631131574648097e-11,1.0,0.86060995,single_softmax
opxrd_885,opxrd,candidate_ablation4,clean,224,224,225,225,cubic,cubic,289,Head,High symmetry,True,1.0,50,3.3533173460220667e-10,45,6.961367246538508e-12,True,7.675563213489165e-09,1.4114474573577006e-09,1.0,0.88219994,single_softmax
opxrd_886,opxrd,candidate_ablation4,clean,224,224,225,225,cubic,cubic,289,Head,High symmetry,True,1.0,50,5.5318263858517014e-11,45,1.6493866006068308e-13,True,1.3144777701686478e-09,2.417172857357481e-10,1.0,0.7779291,single_softmax
opxrd_888,opxrd,candidate_ablation4,clean,224,224,225,225,cubic,cubic,289,Head,High symmetry,True,1.0,50,4.883831186686116e-11,45,1.3304748795739396e-11,True,1.7517358620511845e-09,3.2212400050451804e-10,1.0,0.7931956,single_softmax
opxrd_898,opxrd,candidate_ablation4,clean,224,224,225,225,cubic,cubic,289,Head,High symmetry,True,1.0,50,1.4371547354952163e-11,45,4.202074885967244e-13,True,3.8141119601230247e-10,7.013711539411631e-11,1.0,0.8619258,single_softmax
opxrd_903,opxrd,candidate_ablation4,clean,224,224,225,225,cubic,cubic,289,Head,High symmetry,True,1.0,50,1.2250697678517497e-10,45,7.921171856460629e-13,True,2.8363263747026418e-09,5.215676737278531e-10,1.0,0.8034999,single_softmax
opxrd_904,opxrd,candidate_ablation4,clean,224,224,225,225,cubic,cubic,289,Head,High symmetry,True,1.0,50,2.50590104222681e-10,45,1.0958161461571692e-11,True,6.0520999354887165e-09,1.1129113040992232e-09,1.0,0.8526467,single_softmax
opxrd_914,opxrd,candidate_ablation4,clean,224,224,225,225,cubic,cubic,289,Head,High symmetry,True,1.0,50,3.594695027753225e-11,45,1.305397630269045e-12,True,9.310651003152247e-10,1.7121212241010634e-10,1.0,0.8628041,single_softmax
opxrd_918,opxrd,candidate_ablation4,clean,224,224,225,225,cubic,cubic,289,Head,High symmetry,True,1.0,50,1.1550996964482252e-10,45,1.741997279931795e-12,True,2.7356448539656525e-09,5.03053504474789e-10,1.0,0.87477183,single_softmax
opxrd_920,opxrd,candidate_ablation4,clean,224,224,225,225,cubic,cubic,289,Head,High symmetry,True,1.0,50,7.350615671697369e-10,45,2.454147822461561e-11,True,1.670678290443928e-08,3.0721844892967223e-09,1.0,0.89781684,single_softmax
opxrd_923,opxrd,candidate_ablation4,clean,224,224,225,225,cubic,cubic,289,Head,High symmetry,True,1.0,50,5.166637673248431e-10,45,2.5614288468034374e-11,True,1.2227101526694394e-08,2.248422803733531e-09,1.0,0.8628865,single_softmax
opxrd_924,opxrd,candidate_ablation4,clean,224,224,225,225,cubic,cubic,289,Head,High symmetry,True,1.0,50,5.952161680200518e-11,45,2.896774074952202e-13,True,1.4155310053540939e-09,2.602998089842838e-10,1.0,0.8038628,single_softmax
opxrd_926,opxrd,candidate_ablation4,clean,224,224,225,225,cubic,cubic,289,Head,High symmetry,True,1.0,50,1.0619399803957208e-10,45,5.2890875706923524e-11,True,4.740888845298272e-09,8.717947230962735e-10,1.0,0.7881884,single_softmax
opxrd_927,opxrd,candidate_ablation4,clean,224,224,225,225,cubic,cubic,289,Head,High symmetry,True,1.0,50,2.8202156322071348e-12,45,1.733121160691145e-13,True,8.286140074062913e-11,1.5237254926507622e-11,1.0,0.8475534,single_softmax
opxrd_932,opxrd,candidate_ablation4,clean,224,224,225,225,cubic,cubic,289,Head,High symmetry,True,1.0,50,1.3640383961233127e-11,45,1.1943001925959762e-12,True,3.927335468137969e-10,7.221916498521292e-11,1.0,0.82770556,single_softmax
opxrd_934,opxrd,candidate_ablation4,clean,224,224,225,225,cubic,cubic,289,Head,High symmetry,True,1.0,50,5.288935955860552e-11,45,1.3547088797971618e-12,True,1.3264373107946706e-09,2.4391650717895117e-10,1.0,0.86959624,single_softmax
opxrd_943,opxrd,candidate_ablation4,clean,224,224,225,225,cubic,cubic,289,Head,High symmetry,True,1.0,50,1.1349677274397063e-11,45,1.097939122431113e-12,True,3.3380365681404014e-10,6.138263858460299e-11,1.0,0.81644005,single_softmax
opxrd_944,opxrd,candidate_ablation4,clean,224,224,225,225,cubic,cubic,289,Head,High symmetry,True,1.0,50,5.642408762440709e-10,45,1.6944742484148456e-11,True,1.2883721223304393e-08,2.3691675849897677e-09,1.0,0.89945745,single_softmax
opxrd_946,opxrd,candidate_ablation4,clean,224,224,225,225,cubic,cubic,289,Head,High symmetry,True,1.0,190,7.351599797672526e-13,50,2.3401186587460043e-13,True,2.5996221897310536e-11,4.7804050696086846e-12,1.0,0.8685323,single_softmax
opxrd_947,opxrd,candidate_ablation4,clean,224,224,225,225,cubic,cubic,289,Head,High symmetry,True,1.0,50,9.558485253302607e-11,45,3.2667061330288183e-12,True,2.370525685726582e-09,4.3591230488986274e-10,1.0,0.84884274,single_softmax
opxrd_958,opxrd,candidate_ablation4,clean,224,224,225,225,cubic,cubic,289,Head,High symmetry,True,1.0,50,1.8962449666037884e-11,45,3.585120698576527e-12,True,6.229587280116204e-10,1.1455491776102353e-10,1.0,0.809075,single_softmax
opxrd_963,opxrd,candidate_ablation4,clean,224,224,225,225,cubic,cubic,289,Head,High symmetry,True,1.0,50,4.89108371859448e-11,45,1.6592764488787548e-12,True,1.2473499886413443e-09,2.293732617313252e-10,1.0,0.86941457,single_softmax
opxrd_964,opxrd,candidate_ablation4,clean,224,224,225,225,cubic,cubic,289,Head,High symmetry,True,1.0,50,1.1653227861840865e-11,45,3.955231595801495e-13,True,3.145780494089843e-10,5.784727135053029e-11,1.0,0.8576307,single_softmax
opxrd_965,opxrd,candidate_ablation4,clean,224,224,225,225,cubic,cubic,289,Head,High symmetry,True,1.0,50,9.530685962655383e-11,45,3.6735062691403697e-13,True,2.2182142086711818e-09,4.079039827593862e-10,1.0,0.7819431,single_softmax
opxrd_974,opxrd,candidate_ablation4,clean,224,224,225,225,cubic,cubic,289,Head,High symmetry,True,1.0,50,3.7560102250644434e-10,45,1.73863562435983e-11,True,8.961526869200592e-09,1.6479213266522003e-09,1.0,0.85906285,single_softmax
opxrd_976,opxrd,candidate_ablation4,clean,224,224,225,225,cubic,cubic,289,Head,High symmetry,True,1.0,50,9.799609040905821e-12,45,5.120988810954075e-13,True,2.7384822414108325e-10,5.035752672671272e-11,1.0,0.84568197,single_softmax
opxrd_977,opxrd,candidate_ablation4,clean,224,224,225,225,cubic,cubic,289,Head,High symmetry,True,1.0,50,5.132417824071922e-10,45,1.3286414503321797e-11,True,1.1649069872679854e-08,2.1421294561786204e-09,1.0,0.88737106,single_softmax
opxrd_978,opxrd,candidate_ablation4,clean,224,224,225,225,cubic,cubic,289,Head,High symmetry,True,1.0,50,3.607843745978556e-10,45,2.285930889023291e-10,True,1.7441034878049522e-08,3.207204949996041e-09,1.0,0.7861837,single_softmax
opxrd_985,opxrd,candidate_ablation4,clean,224,224,225,225,cubic,cubic,289,Head,High symmetry,True,1.0,50,3.5804279679974016e-11,45,2.986736205579099e-11,True,2.0126138460206327e-09,3.700964498105406e-10,1.0,0.8150989,single_softmax
opxrd_986,opxrd,candidate_ablation4,clean,224,224,225,225,cubic,cubic,289,Head,High symmetry,True,1.0,50,4.0222214447993565e-11,45,1.8487586407513884e-13,True,9.736524103051314e-10,1.7904343702885904e-10,1.0,0.779935,single_softmax
opxrd_993,opxrd,candidate_ablation4,clean,224,224,225,225,cubic,cubic,289,Head,High symmetry,True,1.0,50,2.5157749147797226e-11,45,8.730107565677048e-13,True,6.614912043090019e-10,1.2164059527847986e-10,1.0,0.8639112,single_softmax
opxrd_996,opxrd,candidate_ablation4,clean,224,224,225,225,cubic,cubic,289,Head,High symmetry,True,1.0,50,2.655460053235803e-11,45,1.0615682595124798e-12,True,7.045557024143998e-10,1.2955965928233404e-10,1.0,0.863378,single_softmax
opxrd_1002,opxrd,candidate_ablation4,clean,224,224,225,225,cubic,cubic,289,Head,High symmetry,True,1.0,50,1.6026513449673985e-10,45,2.350448828625229e-12,True,3.73192683238049e-09,6.862582578111492e-10,1.0,0.82027173,single_softmax
opxrd_1006,opxrd,candidate_ablation4,clean,224,224,225,225,cubic,cubic,289,Head,High symmetry,True,1.0,50,3.2998603849421215e-11,45,1.7055878465208757e-13,True,8.073430290596267e-10,1.4846106192950876e-10,1.0,0.77506083,single_softmax
opxrd_1007,opxrd,candidate_ablation4,clean,224,224,225,225,cubic,cubic,289,Head,High symmetry,True,1.0,50,7.184609157606658e-11,45,3.8952483816592776e-13,True,1.697364624641154e-09,3.1212575768359885e-10,1.0,0.81040525,single_softmax
opxrd_1026,opxrd,candidate_ablation4,clean,224,224,225,225,cubic,cubic,289,Head,High symmetry,True,1.0,50,1.1896725271576258e-10,45,1.1934986419298577e-12,True,2.7798294180974257e-09,5.111785356892606e-10,1.0,0.83791655,single_softmax
opxrd_1033,opxrd,candidate_ablation4,clean,224,224,225,225,cubic,cubic,289,Head,High symmetry,True,1.0,50,1.088464995219196e-11,45,2.5443983400243175e-13,True,2.8691562679421206e-10,5.2760471205967896e-11,1.0,0.8465988,single_softmax
opxrd_1035,opxrd,candidate_ablation4,clean,224,224,225,225,cubic,cubic,289,Head,High symmetry,True,1.0,50,1.2945561289612328e-10,45,4.711977336091522e-12,True,3.182532698649064e-09,5.852310196040968e-10,1.0,0.84976774,single_softmax
opxrd_1037,opxrd,candidate_ablation4,clean,224,224,225,225,cubic,cubic,289,Head,High symmetry,True,1.0,50,9.428691855051241e-11,45,9.818089266935837e-13,True,2.227062890815862e-09,4.095311532440389e-10,1.0,0.84283984,single_softmax
opxrd_1050,opxrd,candidate_ablation4,clean,224,224,225,225,cubic,cubic,289,Head,High symmetry,True,1.0,50,1.0310811232594475e-10,45,1.1868337259149375e-12,True,2.4324729789700026e-09,4.473036969097939e-10,1.0,0.8453509,single_softmax
opxrd_1052,opxrd,candidate_ablation4,clean,224,224,225,225,cubic,cubic,289,Head,High symmetry,True,1.0,50,8.4303793113083e-11,45,2.9412973792664054e-13,True,1.9709906399983096e-09,3.624424227804411e-10,1.0,0.77771145,single_softmax
opxrd_1058,opxrd,candidate_ablation4,clean,224,224,225,225,cubic,cubic,289,Head,High symmetry,True,1.0,50,2.4691726094316913e-11,45,1.1317289336579273e-12,True,6.536560367667749e-10,1.2019979842776633e-10,1.0,0.85016555,single_softmax
opxrd_1063,opxrd,candidate_ablation4,clean,224,224,225,225,cubic,cubic,289,Head,High symmetry,True,1.0,50,2.143143995603225e-11,45,1.2144689550894205e-12,True,5.876476683451353e-10,1.0806162156938026e-10,1.0,0.8459312,single_softmax
opxrd_1083,opxrd,candidate_ablation4,clean,224,224,225,225,cubic,cubic,289,Head,High symmetry,True,1.0,50,2.6514264742094618e-11,45,8.528606423516272e-13,True,6.937232336761124e-10,1.2756769334676692e-10,1.0,0.8701727,single_softmax
opxrd_1084,opxrd,candidate_ablation4,clean,224,224,225,225,cubic,cubic,289,Head,High symmetry,True,1.0,50,1.8379815724944848e-10,45,2.596969948115424e-12,True,4.252243337018525e-09,7.819384557413745e-10,1.0,0.836152,single_softmax
opxrd_1097,opxrd,candidate_ablation4,clean,224,224,225,225,cubic,cubic,289,Head,High symmetry,True,1.0,190,3.868844535102195e-13,50,2.652865449016828e-13,True,1.7458886255249636e-11,3.21048761216149e-12,1.0,0.8684136,single_softmax
opxrd_1106,opxrd,candidate_ablation4,clean,224,224,225,225,cubic,cubic,289,Head,High symmetry,True,1.0,50,2.0322368787795142e-11,190,1.04825653365892e-12,True,5.638581672683668e-10,1.0368700698115e-10,1.0,0.80717576,single_softmax
opxrd_1108,opxrd,candidate_ablation4,clean,224,224,225,225,cubic,cubic,289,Head,High symmetry,True,1.0,50,3.5227071260024445e-11,45,2.5878062713535765e-13,True,8.622455549074349e-10,1.5855700256018698e-10,1.0,0.7852332,single_softmax
opxrd_1117,opxrd,candidate_ablation4,clean,224,224,225,225,cubic,cubic,289,Head,High symmetry,True,1.0,50,1.997112752949448e-10,45,8.345677447729738e-12,True,4.8585679774992095e-09,8.9343455685299e-10,1.0,0.8497147,single_softmax
opxrd_1125,opxrd,candidate_ablation4,clean,224,224,225,225,cubic,cubic,289,Head,High symmetry,True,1.0,50,1.2369338886486503e-10,45,1.2717018193705854e-12,True,2.885836476504592e-09,5.306720098342997e-10,1.0,0.81280047,single_softmax
opxrd_1136,opxrd,candidate_ablation4,clean,224,224,225,225,cubic,cubic,289,Head,High symmetry,True,1.0,50,1.875476995927272e-10,45,2.5715753311505996e-12,True,4.332221126585519e-09,7.966454478655536e-10,1.0,0.85451466,single_softmax
opxrd_1138,opxrd,candidate_ablation4,clean,224,224,225,225,cubic,cubic,289,Head,High symmetry,True,1.0,50,4.751593007945587e-10,45,2.5499881720070228e-11,True,1.1350854126978671e-08,2.0872910235702825e-09,1.0,0.86555064,single_softmax
opxrd_1141,opxrd,candidate_ablation4,clean,224,224,225,225,cubic,cubic,289,Head,High symmetry,True,1.0,190,3.6322100882557606e-10,50,3.3304452945470686e-11,True,8.960895064870382e-09,1.647805145130321e-09,1.0,0.84500474,single_softmax
opxrd_1144,opxrd,candidate_ablation4,clean,224,224,225,225,cubic,cubic,289,Head,High symmetry,True,1.0,50,4.9173311256200947e-11,45,1.488648614100807e-12,True,1.2489994672224305e-09,2.2967658179846355e-10,1.0,0.8610547,single_softmax
opxrd_1156,opxrd,candidate_ablation4,clean,224,224,225,225,cubic,cubic,289,Head,High symmetry,True,1.0,50,3.155530697851461e-11,45,1.9691132405186274e-12,True,8.534683582934211e-10,1.5694297743929335e-10,1.0,0.8386175,single_softmax
opxrd_1157,opxrd,candidate_ablation4,clean,224,224,225,225,cubic,cubic,289,Head,High symmetry,True,1.0,50,7.313621930293834e-11,45,4.867217739956686e-13,True,1.7360847124530948e-09,3.1924593479252883e-10,1.0,0.7767171,single_softmax
opxrd_1160,opxrd,candidate_ablation4,clean,224,224,225,225,cubic,cubic,289,Head,High symmetry,True,1.0,50,7.52933410064216e-11,45,3.880012630630425e-12,True,1.9349400613583065e-09,3.5581313758762516e-10,1.0,0.8433487,single_softmax
opxrd_1163,opxrd,candidate_ablation4,clean,224,224,225,225,cubic,cubic,289,Head,High symmetry,True,1.0,50,6.328201851424353e-12,45,3.564031123177991e-13,True,1.7782949170828368e-10,3.270079040893871e-11,1.0,0.8453603,single_softmax
opxrd_1172,opxrd,candidate_ablation4,clean,224,224,225,225,cubic,cubic,289,Head,High symmetry,True,1.0,50,7.45482234970618e-12,45,2.254527077180657e-12,True,2.908320542035351e-10,5.3480656989742085e-11,1.0,0.8125524,single_softmax
opxrd_1185,opxrd,candidate_ablation4,clean,224,224,225,225,cubic,cubic,289,Head,High symmetry,True,1.0,50,8.439103305057927e-10,45,4.743196807543981e-11,True,1.9798149350340977e-08,3.640651087573279e-09,1.0,0.87503374,single_softmax
opxrd_1186,opxrd,candidate_ablation4,clean,224,224,225,225,cubic,cubic,289,Head,High symmetry,True,1.0,50,8.70862965074437e-11,45,5.664743305509867e-13,True,2.046010878045382e-09,3.7623777841712214e-10,1.0,0.81398594,single_softmax
