sample_id,true_sg,pred_sg,condition,seed,gate_weight,correct
opxrd_0,225,14,clean,0,0.3075354695320129,False
opxrd_1,88,88,clean,0,0.1978136599063873,True
opxrd_7,61,129,clean,0,0.2806349396705627,False
opxrd_15,221,63,clean,0,0.1531473398208618,False
opxrd_22,216,227,clean,0,0.2861375212669372,False
opxrd_28,15,15,clean,0,0.0589784979820251,True
opxrd_32,14,12,clean,0,0.1261074542999267,False
opxrd_35,2,60,clean,0,0.3050615787506103,False
opxrd_36,163,163,clean,0,0.2449725270271301,True
opxrd_37,11,11,clean,0,0.249141663312912,True
opxrd_38,13,2,clean,0,0.0883460342884063,False
opxrd_46,148,148,clean,0,0.1408262103796005,True
opxrd_53,139,139,clean,0,0.3992308676242828,True
opxrd_61,14,14,clean,0,0.2225469499826431,True
opxrd_68,60,60,clean,0,0.1735742837190628,True
opxrd_76,129,129,clean,0,0.2691982090473175,True
opxrd_83,2,2,clean,0,0.213111326098442,True
opxrd_85,203,203,clean,0,0.1168398186564445,True
opxrd_94,15,15,clean,0,0.3051097393035888,True
opxrd_97,15,19,clean,0,0.0941800996661186,False
opxrd_98,2,14,clean,0,0.1752545982599258,False
opxrd_106,11,11,clean,0,0.250072181224823,True
opxrd_114,33,14,clean,0,0.2852575182914734,False
opxrd_119,62,62,clean,0,0.1746309101581573,True
opxrd_120,4,2,clean,0,0.3119993507862091,False
opxrd_124,19,19,clean,0,0.1397291868925094,True
opxrd_125,224,62,clean,0,0.3390132784843445,False
opxrd_127,11,11,clean,0,0.248321384191513,True
opxrd_150,15,15,clean,0,0.0597247518599033,True
opxrd_152,14,14,clean,0,0.2148675322532653,True
opxrd_168,227,227,clean,0,0.3263078927993774,True
opxrd_170,60,60,clean,0,0.1807411611080169,True
opxrd_178,193,193,clean,0,0.3554682433605194,True
opxrd_184,14,14,clean,0,0.0519121587276458,True
opxrd_187,125,125,clean,0,0.3218056857585907,True
opxrd_189,2,2,clean,0,0.3604603111743927,True
opxrd_200,74,2,clean,0,0.1405729800462722,False
opxrd_201,14,14,clean,0,0.0573884211480617,True
opxrd_203,71,193,clean,0,0.35456183552742,False
opxrd_211,62,62,clean,0,0.343031644821167,True
opxrd_212,129,129,clean,0,0.2985685467720032,True
opxrd_213,74,2,clean,0,0.1050818637013435,False
opxrd_231,4,4,clean,0,0.2912205457687378,True
opxrd_232,148,88,clean,0,0.3120483160018921,False
opxrd_239,176,176,clean,0,0.3415462970733642,True
opxrd_247,19,19,clean,0,0.2476933598518371,True
opxrd_252,36,36,clean,0,0.1271548569202423,True
opxrd_255,14,58,clean,0,0.1986953914165496,False
opxrd_264,60,60,clean,0,0.1883141547441482,True
opxrd_267,221,2,clean,0,0.1374070048332214,False
opxrd_276,15,60,clean,0,0.327965497970581,False
opxrd_283,2,2,clean,0,0.3662381768226623,True
opxrd_285,33,2,clean,0,0.2589176893234253,False
opxrd_286,129,129,clean,0,0.2732318639755249,True
opxrd_289,33,33,clean,0,0.0574302747845649,True
opxrd_294,205,205,clean,0,0.3559173941612243,True
opxrd_304,14,2,clean,0,0.2331281900405883,False
opxrd_309,15,19,clean,0,0.106756217777729,False
opxrd_310,62,62,clean,0,0.3428877592086792,True
opxrd_312,142,11,clean,0,0.3300196528434753,False
opxrd_314,227,227,clean,0,0.2371813654899597,True
opxrd_315,60,60,clean,0,0.2048942893743515,True
opxrd_328,63,13,clean,0,0.0853274166584014,False
opxrd_334,148,148,clean,0,0.1749756336212158,True
opxrd_338,221,221,clean,0,0.1786282360553741,True
opxrd_343,74,65,clean,0,0.3242365717887878,False
opxrd_344,61,61,clean,0,0.1743183732032776,True
opxrd_345,85,19,clean,0,0.3292722105979919,False
opxrd_346,225,225,clean,0,0.3061774373054504,True
opxrd_347,15,15,clean,0,0.2125795781612396,True
opxrd_350,14,14,clean,0,0.2916961908340454,True
opxrd_352,15,60,clean,0,0.2550787925720215,False
opxrd_355,167,2,clean,0,0.1920894384384155,False
opxrd_357,4,4,clean,0,0.0302188415080308,True
opxrd_360,227,14,clean,0,0.0040946933440864,False
opxrd_369,121,121,clean,0,0.2453437149524688,True
opxrd_373,2,15,clean,0,0.1855793595314026,False
opxrd_379,72,72,clean,0,0.2709504663944244,True
opxrd_381,161,18,clean,0,0.242850050330162,False
opxrd_392,29,29,clean,0,0.2040231227874755,True
opxrd_408,2,2,clean,0,0.1723727732896804,True
opxrd_410,12,12,clean,0,0.2186174839735031,True
opxrd_415,14,62,clean,0,0.1937186270952224,False
opxrd_429,141,227,clean,0,0.1609473079442978,False
opxrd_433,14,11,clean,0,0.2965289950370788,False
opxrd_435,140,140,clean,0,0.3751557171344757,True
opxrd_464,74,74,clean,0,0.0868914276361465,True
opxrd_467,60,60,clean,0,0.1756379753351211,True
opxrd_482,14,15,clean,0,0.2918969392776489,False
opxrd_496,148,148,clean,0,0.1276739835739135,True
opxrd_503,14,14,clean,0,0.0372210294008255,True
opxrd_507,87,186,clean,0,0.3144440948963165,False
opxrd_511,19,2,clean,0,0.2360329180955886,False
opxrd_512,74,74,clean,0,0.0571111068129539,True
opxrd_513,14,14,clean,0,0.241173654794693,True
opxrd_519,148,163,clean,0,0.2756201326847076,False
opxrd_529,227,227,clean,0,0.3156844973564148,True
opxrd_531,14,14,clean,0,0.0740013122558593,True
opxrd_535,164,198,clean,0,0.1740153133869171,False
opxrd_536,60,62,clean,0,0.3033035099506378,False
opxrd_540,194,194,clean,0,0.3518285453319549,True
opxrd_542,58,58,clean,0,0.1279481202363968,True
opxrd_544,88,88,clean,0,0.1840001344680786,True
opxrd_545,14,14,clean,0,0.1890683323144912,True
opxrd_553,62,62,clean,0,0.1955396682024002,True
opxrd_557,63,14,clean,0,0.0647627338767051,False
opxrd_558,15,14,clean,0,0.2595424354076385,False
opxrd_560,129,14,clean,0,0.1999012231826782,False
opxrd_561,62,62,clean,0,0.1338610053062439,True
opxrd_564,92,92,clean,0,0.3501351177692413,True
opxrd_576,176,176,clean,0,0.2233793884515762,True
opxrd_586,62,13,clean,0,0.2734483778476715,False
opxrd_588,2,2,clean,0,0.1704881638288498,True
opxrd_600,14,19,clean,0,0.3148850202560425,False
opxrd_608,19,19,clean,0,0.3148205578327179,True
opxrd_613,123,62,clean,0,0.3316488564014435,False
opxrd_618,129,129,clean,0,0.2079869955778122,True
opxrd_619,14,14,clean,0,0.2328220903873443,True
opxrd_624,14,26,clean,0,0.2953314185142517,False
opxrd_627,74,74,clean,0,0.0596348829567432,True
opxrd_629,129,129,clean,0,0.2094651758670807,True
opxrd_631,166,166,clean,0,0.2645194828510284,True
opxrd_632,166,166,clean,0,0.2335021346807479,True
opxrd_633,198,227,clean,0,0.301871508359909,False
opxrd_634,193,193,clean,0,0.3525143563747406,True
opxrd_635,2,2,clean,0,0.3686618208885193,True
opxrd_642,140,140,clean,0,0.2940672934055328,True
opxrd_646,19,19,clean,0,0.0386565886437892,True
opxrd_651,14,19,clean,0,0.0105668436735868,False
opxrd_666,14,60,clean,0,0.287971019744873,False
opxrd_667,2,2,clean,0,0.2036332190036773,True
opxrd_670,15,19,clean,0,0.1719216555356979,False
opxrd_676,14,14,clean,0,0.1480577439069748,True
opxrd_677,19,2,clean,0,0.1396367400884628,False
opxrd_683,2,2,clean,0,0.1694186180830001,True
opxrd_691,26,26,clean,0,0.2941548228263855,True
opxrd_695,148,148,clean,0,0.1181548908352851,True
opxrd_707,191,191,clean,0,0.2966248095035553,True
opxrd_708,45,45,clean,0,0.1959261745214462,True
opxrd_710,9,14,clean,0,0.1774760484695434,False
opxrd_727,2,162,clean,0,0.1859868913888931,False
opxrd_730,14,14,clean,0,0.2878497838973999,True
opxrd_735,62,62,clean,0,0.2053060084581375,True
opxrd_738,61,2,clean,0,0.2180025726556778,False
opxrd_740,4,14,clean,0,0.3213808238506317,False
opxrd_742,221,221,clean,0,0.1582246273756027,True
opxrd_743,72,72,clean,0,0.2461617588996887,True
opxrd_745,74,74,clean,0,0.059559691697359,True
opxrd_749,63,14,clean,0,0.1479015499353408,False
opxrd_752,36,36,clean,0,0.1213420927524566,True
opxrd_755,5,200,clean,0,0.3391844034194946,False
opxrd_756,167,167,clean,0,0.4068204760551452,True
opxrd_760,14,11,clean,0,0.2659824192523956,False
opxrd_773,166,166,clean,0,0.2625622153282165,True
opxrd_779,2,70,clean,0,0.2826755046844482,False
opxrd_781,74,74,clean,0,0.0570176728069782,True
opxrd_782,13,13,clean,0,0.1831152588129043,True
opxrd_787,217,217,clean,0,0.2166827023029327,True
opxrd_797,12,164,clean,0,0.2597846388816833,False
opxrd_801,88,88,clean,0,0.2169679105281829,True
opxrd_803,125,125,clean,0,0.3233843445777893,True
opxrd_805,139,139,clean,0,0.3705779314041137,True
opxrd_808,129,176,clean,0,0.2217262387275695,False
opxrd_809,62,36,clean,0,0.1382975876331329,False
opxrd_816,14,14,clean,0,0.2184218019247055,True
opxrd_817,14,26,clean,0,0.3064878582954407,False
opxrd_818,191,191,clean,0,0.2830913662910461,True
opxrd_823,14,14,clean,0,0.181426003575325,True
opxrd_824,14,14,clean,0,0.2272514253854751,True
opxrd_826,125,125,clean,0,0.3361448645591736,True
opxrd_831,223,166,clean,0,0.2540427148342132,False
opxrd_833,139,139,clean,0,0.3858639895915985,True
opxrd_836,12,2,clean,0,0.2084138244390487,False
opxrd_850,19,14,clean,0,0.1923853009939193,False
opxrd_862,225,225,clean,0,0.1244083791971206,True
opxrd_866,225,225,clean,0,0.1065200567245483,True
opxrd_871,225,225,clean,0,0.0884141474962234,True
opxrd_875,225,225,clean,0,0.092570811510086,True
opxrd_883,225,225,clean,0,0.105936050415039,True
opxrd_885,225,225,clean,0,0.1284452825784683,True
opxrd_886,225,225,clean,0,0.0800033509731292,True
opxrd_898,225,225,clean,0,0.1271494925022125,True
opxrd_901,225,225,clean,0,0.1172489076852798,True
opxrd_904,225,225,clean,0,0.1336992979049682,True
opxrd_907,225,225,clean,0,0.0916226357221603,True
opxrd_910,225,225,clean,0,0.1171508729457855,True
opxrd_913,225,225,clean,0,0.0722191631793975,True
opxrd_917,225,225,clean,0,0.12922303378582,True
opxrd_927,225,225,clean,0,0.1211520433425903,True
opxrd_930,225,225,clean,0,0.0908543094992637,True
opxrd_935,225,225,clean,0,0.1216488629579544,True
opxrd_938,225,225,clean,0,0.1298068314790725,True
opxrd_943,225,225,clean,0,0.1436927169561386,True
opxrd_944,225,225,clean,0,0.1350680142641067,True
opxrd_950,225,225,clean,0,0.1457442343235016,True
opxrd_958,225,225,clean,0,0.1266274899244308,True
opxrd_965,225,225,clean,0,0.0926621854305267,True
opxrd_970,225,225,clean,0,0.1398769170045852,True
opxrd_983,225,225,clean,0,0.1272751241922378,True
opxrd_986,225,225,clean,0,0.0813246816396713,True
opxrd_994,225,225,clean,0,0.1380127817392349,True
opxrd_998,225,225,clean,0,0.1456890255212783,True
opxrd_1005,225,225,clean,0,0.1360428184270858,True
opxrd_1015,225,225,clean,0,0.0795182287693023,True
opxrd_1016,225,225,clean,0,0.0756384506821632,True
opxrd_1024,225,225,clean,0,0.1213493645191192,True
opxrd_1027,225,225,clean,0,0.139260858297348,True
opxrd_1037,225,225,clean,0,0.1235757693648338,True
opxrd_1039,225,225,clean,0,0.1343636065721511,True
opxrd_1054,225,225,clean,0,0.1427502632141113,True
opxrd_1058,225,225,clean,0,0.1492702960968017,True
opxrd_1061,225,225,clean,0,0.1332299709320068,True
opxrd_1067,225,225,clean,0,0.1329593509435653,True
opxrd_1068,225,225,clean,0,0.1289057582616806,True
opxrd_1072,225,225,clean,0,0.1415367424488067,True
opxrd_1079,225,225,clean,0,0.1267404556274414,True
opxrd_1081,225,225,clean,0,0.1089060306549072,True
opxrd_1082,225,225,clean,0,0.1178146675229072,True
opxrd_1083,225,225,clean,0,0.1298227459192276,True
opxrd_1084,225,225,clean,0,0.1246653571724891,True
opxrd_1087,225,225,clean,0,0.1233122125267982,True
opxrd_1091,225,225,clean,0,0.1331606209278106,True
opxrd_1092,225,225,clean,0,0.0809260383248329,True
opxrd_1094,225,225,clean,0,0.1287213712930679,True
opxrd_1100,225,225,clean,0,0.1224973425269126,True
opxrd_1105,225,225,clean,0,0.0721251294016838,True
opxrd_1113,225,225,clean,0,0.1345587819814682,True
opxrd_1117,225,225,clean,0,0.1331151723861694,True
opxrd_1118,225,225,clean,0,0.134937897324562,True
opxrd_1120,225,225,clean,0,0.1473114788532257,True
opxrd_1123,225,225,clean,0,0.1287731677293777,True
opxrd_1126,225,225,clean,0,0.1291962265968322,True
opxrd_1135,225,225,clean,0,0.1370838731527328,True
opxrd_1138,225,225,clean,0,0.1406072378158569,True
opxrd_1140,225,225,clean,0,0.1420119404792785,True
opxrd_1142,225,225,clean,0,0.0725552290678024,True
opxrd_1145,225,225,clean,0,0.1302197426557541,True
opxrd_1152,225,225,clean,0,0.1242426037788391,True
opxrd_1175,225,225,clean,0,0.114753782749176,True
opxrd_1180,225,225,clean,0,0.1355585306882858,True
opxrd_1183,225,225,clean,0,0.129344642162323,True
opxrd_1185,225,225,clean,0,0.1425535082817077,True
opxrd_1188,225,225,clean,0,0.1272454261779785,True
opxrd_1190,225,225,clean,0,0.1275692135095596,True
opxrd_aug_source_715_label_52,53,53,clean,0,0.2207881957292556,True
opxrd_0,225,14,clean,1,0.3075354695320129,False
opxrd_1,88,88,clean,1,0.1978136599063873,True
opxrd_7,61,129,clean,1,0.2806349396705627,False
opxrd_15,221,63,clean,1,0.1531473398208618,False
opxrd_22,216,227,clean,1,0.2861375212669372,False
opxrd_28,15,15,clean,1,0.0589784979820251,True
opxrd_32,14,12,clean,1,0.1261074542999267,False
opxrd_35,2,60,clean,1,0.3050615787506103,False
opxrd_36,163,163,clean,1,0.2449725270271301,True
opxrd_37,11,11,clean,1,0.249141663312912,True
opxrd_38,13,2,clean,1,0.0883460342884063,False
opxrd_46,148,148,clean,1,0.1408262103796005,True
opxrd_53,139,139,clean,1,0.3992308676242828,True
opxrd_61,14,14,clean,1,0.2225469499826431,True
opxrd_68,60,60,clean,1,0.1735742837190628,True
opxrd_76,129,129,clean,1,0.2691982090473175,True
opxrd_83,2,2,clean,1,0.213111326098442,True
opxrd_85,203,203,clean,1,0.1168398186564445,True
opxrd_94,15,15,clean,1,0.3051097393035888,True
opxrd_97,15,19,clean,1,0.0941800996661186,False
opxrd_98,2,14,clean,1,0.1752545982599258,False
opxrd_106,11,11,clean,1,0.250072181224823,True
opxrd_114,33,14,clean,1,0.2852575182914734,False
opxrd_119,62,62,clean,1,0.1746309101581573,True
opxrd_120,4,2,clean,1,0.3119993507862091,False
opxrd_124,19,19,clean,1,0.1397291868925094,True
opxrd_125,224,62,clean,1,0.3390132784843445,False
opxrd_127,11,11,clean,1,0.248321384191513,True
opxrd_150,15,15,clean,1,0.0597247518599033,True
opxrd_152,14,14,clean,1,0.2148675322532653,True
opxrd_168,227,227,clean,1,0.3263078927993774,True
opxrd_170,60,60,clean,1,0.1807411611080169,True
opxrd_178,193,193,clean,1,0.3554682433605194,True
opxrd_184,14,14,clean,1,0.0519121587276458,True
opxrd_187,125,125,clean,1,0.3218056857585907,True
opxrd_189,2,2,clean,1,0.3604603111743927,True
opxrd_200,74,2,clean,1,0.1405729800462722,False
opxrd_201,14,14,clean,1,0.0573884211480617,True
opxrd_203,71,193,clean,1,0.35456183552742,False
opxrd_211,62,62,clean,1,0.343031644821167,True
opxrd_212,129,129,clean,1,0.2985685467720032,True
opxrd_213,74,2,clean,1,0.1050818637013435,False
opxrd_231,4,4,clean,1,0.2912205457687378,True
opxrd_232,148,88,clean,1,0.3120483160018921,False
opxrd_239,176,176,clean,1,0.3415462970733642,True
opxrd_247,19,19,clean,1,0.2476933598518371,True
opxrd_252,36,36,clean,1,0.1271548569202423,True
opxrd_255,14,58,clean,1,0.1986953914165496,False
opxrd_264,60,60,clean,1,0.1883141547441482,True
opxrd_267,221,2,clean,1,0.1374070048332214,False
opxrd_276,15,60,clean,1,0.327965497970581,False
opxrd_283,2,2,clean,1,0.3662381768226623,True
opxrd_285,33,2,clean,1,0.2589176893234253,False
opxrd_286,129,129,clean,1,0.2732318639755249,True
opxrd_289,33,33,clean,1,0.0574302747845649,True
opxrd_294,205,205,clean,1,0.3559173941612243,True
opxrd_304,14,2,clean,1,0.2331281900405883,False
opxrd_309,15,19,clean,1,0.106756217777729,False
opxrd_310,62,62,clean,1,0.3428877592086792,True
opxrd_312,142,11,clean,1,0.3300196528434753,False
opxrd_314,227,227,clean,1,0.2371813654899597,True
opxrd_315,60,60,clean,1,0.2048942893743515,True
opxrd_328,63,13,clean,1,0.0853274166584014,False
opxrd_334,148,148,clean,1,0.1749756336212158,True
opxrd_338,221,221,clean,1,0.1786282360553741,True
opxrd_343,74,65,clean,1,0.3242365717887878,False
opxrd_344,61,61,clean,1,0.1743183732032776,True
opxrd_345,85,19,clean,1,0.3292722105979919,False
opxrd_346,225,225,clean,1,0.3061774373054504,True
opxrd_347,15,15,clean,1,0.2125795781612396,True
opxrd_350,14,14,clean,1,0.2916961908340454,True
opxrd_352,15,60,clean,1,0.2550787925720215,False
opxrd_355,167,2,clean,1,0.1920894384384155,False
opxrd_357,4,4,clean,1,0.0302188415080308,True
opxrd_360,227,14,clean,1,0.0040946933440864,False
opxrd_369,121,121,clean,1,0.2453437149524688,True
opxrd_373,2,15,clean,1,0.1855793595314026,False
opxrd_379,72,72,clean,1,0.2709504663944244,True
opxrd_381,161,18,clean,1,0.242850050330162,False
opxrd_392,29,29,clean,1,0.2040231227874755,True
opxrd_408,2,2,clean,1,0.1723727732896804,True
opxrd_410,12,12,clean,1,0.2186174839735031,True
opxrd_415,14,62,clean,1,0.1937186270952224,False
opxrd_429,141,227,clean,1,0.1609473079442978,False
opxrd_433,14,11,clean,1,0.2965289950370788,False
opxrd_435,140,140,clean,1,0.3751557171344757,True
opxrd_464,74,74,clean,1,0.0868914276361465,True
opxrd_467,60,60,clean,1,0.1756379753351211,True
opxrd_482,14,15,clean,1,0.2918969392776489,False
opxrd_496,148,148,clean,1,0.1276739835739135,True
opxrd_503,14,14,clean,1,0.0372210294008255,True
opxrd_507,87,186,clean,1,0.3144440948963165,False
opxrd_511,19,2,clean,1,0.2360329180955886,False
opxrd_512,74,74,clean,1,0.0571111068129539,True
opxrd_513,14,14,clean,1,0.241173654794693,True
opxrd_519,148,163,clean,1,0.2756201326847076,False
opxrd_529,227,227,clean,1,0.3156844973564148,True
opxrd_531,14,14,clean,1,0.0740013122558593,True
opxrd_535,164,198,clean,1,0.1740153133869171,False
opxrd_536,60,62,clean,1,0.3033035099506378,False
opxrd_540,194,194,clean,1,0.3518285453319549,True
opxrd_542,58,58,clean,1,0.1279481202363968,True
opxrd_544,88,88,clean,1,0.1840001344680786,True
opxrd_545,14,14,clean,1,0.1890683323144912,True
opxrd_553,62,62,clean,1,0.1955396682024002,True
opxrd_557,63,14,clean,1,0.0647627338767051,False
opxrd_558,15,14,clean,1,0.2595424354076385,False
opxrd_560,129,14,clean,1,0.1999012231826782,False
opxrd_561,62,62,clean,1,0.1338610053062439,True
opxrd_564,92,92,clean,1,0.3501351177692413,True
opxrd_576,176,176,clean,1,0.2233793884515762,True
opxrd_586,62,13,clean,1,0.2734483778476715,False
opxrd_588,2,2,clean,1,0.1704881638288498,True
opxrd_600,14,19,clean,1,0.3148850202560425,False
opxrd_608,19,19,clean,1,0.3148205578327179,True
opxrd_613,123,62,clean,1,0.3316488564014435,False
opxrd_618,129,129,clean,1,0.2079869955778122,True
opxrd_619,14,14,clean,1,0.2328220903873443,True
opxrd_624,14,26,clean,1,0.2953314185142517,False
opxrd_627,74,74,clean,1,0.0596348829567432,True
opxrd_629,129,129,clean,1,0.2094651758670807,True
opxrd_631,166,166,clean,1,0.2645194828510284,True
opxrd_632,166,166,clean,1,0.2335021346807479,True
opxrd_633,198,227,clean,1,0.301871508359909,False
opxrd_634,193,193,clean,1,0.3525143563747406,True
opxrd_635,2,2,clean,1,0.3686618208885193,True
opxrd_642,140,140,clean,1,0.2940672934055328,True
opxrd_646,19,19,clean,1,0.0386565886437892,True
opxrd_651,14,19,clean,1,0.0105668436735868,False
opxrd_666,14,60,clean,1,0.287971019744873,False
opxrd_667,2,2,clean,1,0.2036332190036773,True
opxrd_670,15,19,clean,1,0.1719216555356979,False
opxrd_676,14,14,clean,1,0.1480577439069748,True
opxrd_677,19,2,clean,1,0.1396367400884628,False
opxrd_683,2,2,clean,1,0.1694186180830001,True
opxrd_691,26,26,clean,1,0.2941548228263855,True
opxrd_695,148,148,clean,1,0.1181548908352851,True
opxrd_707,191,191,clean,1,0.2966248095035553,True
opxrd_708,45,45,clean,1,0.1959261745214462,True
opxrd_710,9,14,clean,1,0.1774760484695434,False
opxrd_727,2,162,clean,1,0.1859868913888931,False
opxrd_730,14,14,clean,1,0.2878497838973999,True
opxrd_735,62,62,clean,1,0.2053060084581375,True
opxrd_738,61,2,clean,1,0.2180025726556778,False
opxrd_740,4,14,clean,1,0.3213808238506317,False
opxrd_742,221,221,clean,1,0.1582246273756027,True
opxrd_743,72,72,clean,1,0.2461617588996887,True
opxrd_745,74,74,clean,1,0.059559691697359,True
opxrd_749,63,14,clean,1,0.1479015499353408,False
opxrd_752,36,36,clean,1,0.1213420927524566,True
opxrd_755,5,200,clean,1,0.3391844034194946,False
opxrd_756,167,167,clean,1,0.4068204760551452,True
opxrd_760,14,11,clean,1,0.2659824192523956,False
opxrd_773,166,166,clean,1,0.2625622153282165,True
opxrd_779,2,70,clean,1,0.2826755046844482,False
opxrd_781,74,74,clean,1,0.0570176728069782,True
opxrd_782,13,13,clean,1,0.1831152588129043,True
opxrd_787,217,217,clean,1,0.2166827023029327,True
opxrd_797,12,164,clean,1,0.2597846388816833,False
opxrd_801,88,88,clean,1,0.2169679105281829,True
opxrd_803,125,125,clean,1,0.3233843445777893,True
opxrd_805,139,139,clean,1,0.3705779314041137,True
opxrd_808,129,176,clean,1,0.2217262387275695,False
opxrd_809,62,36,clean,1,0.1382975876331329,False
opxrd_816,14,14,clean,1,0.2184218019247055,True
opxrd_817,14,26,clean,1,0.3064878582954407,False
opxrd_818,191,191,clean,1,0.2830913662910461,True
opxrd_823,14,14,clean,1,0.181426003575325,True
opxrd_824,14,14,clean,1,0.2272514253854751,True
opxrd_826,125,125,clean,1,0.3361448645591736,True
opxrd_831,223,166,clean,1,0.2540427148342132,False
opxrd_833,139,139,clean,1,0.3858639895915985,True
opxrd_836,12,2,clean,1,0.2084138244390487,False
opxrd_850,19,14,clean,1,0.1923853009939193,False
opxrd_862,225,225,clean,1,0.1244083791971206,True
opxrd_866,225,225,clean,1,0.1065200567245483,True
opxrd_871,225,225,clean,1,0.0884141474962234,True
opxrd_875,225,225,clean,1,0.092570811510086,True
opxrd_883,225,225,clean,1,0.105936050415039,True
opxrd_885,225,225,clean,1,0.1284452825784683,True
opxrd_886,225,225,clean,1,0.0800033509731292,True
opxrd_898,225,225,clean,1,0.1271494925022125,True
opxrd_901,225,225,clean,1,0.1172489076852798,True
opxrd_904,225,225,clean,1,0.1336992979049682,True
opxrd_907,225,225,clean,1,0.0916226357221603,True
opxrd_910,225,225,clean,1,0.1171508729457855,True
opxrd_913,225,225,clean,1,0.0722191631793975,True
opxrd_917,225,225,clean,1,0.12922303378582,True
opxrd_927,225,225,clean,1,0.1211520433425903,True
opxrd_930,225,225,clean,1,0.0908543094992637,True
opxrd_935,225,225,clean,1,0.1216488629579544,True
opxrd_938,225,225,clean,1,0.1298068314790725,True
opxrd_943,225,225,clean,1,0.1436927169561386,True
opxrd_944,225,225,clean,1,0.1350680142641067,True
opxrd_950,225,225,clean,1,0.1457442343235016,True
opxrd_958,225,225,clean,1,0.1266274899244308,True
opxrd_965,225,225,clean,1,0.0926621854305267,True
opxrd_970,225,225,clean,1,0.1398769170045852,True
opxrd_983,225,225,clean,1,0.1272751241922378,True
opxrd_986,225,225,clean,1,0.0813246816396713,True
opxrd_994,225,225,clean,1,0.1380127817392349,True
opxrd_998,225,225,clean,1,0.1456890255212783,True
opxrd_1005,225,225,clean,1,0.1360428184270858,True
opxrd_1015,225,225,clean,1,0.0795182287693023,True
opxrd_1016,225,225,clean,1,0.0756384506821632,True
opxrd_1024,225,225,clean,1,0.1213493645191192,True
opxrd_1027,225,225,clean,1,0.139260858297348,True
opxrd_1037,225,225,clean,1,0.1235757693648338,True
opxrd_1039,225,225,clean,1,0.1343636065721511,True
opxrd_1054,225,225,clean,1,0.1427502632141113,True
opxrd_1058,225,225,clean,1,0.1492702960968017,True
opxrd_1061,225,225,clean,1,0.1332299709320068,True
opxrd_1067,225,225,clean,1,0.1329593509435653,True
opxrd_1068,225,225,clean,1,0.1289057582616806,True
opxrd_1072,225,225,clean,1,0.1415367424488067,True
opxrd_1079,225,225,clean,1,0.1267404556274414,True
opxrd_1081,225,225,clean,1,0.1089060306549072,True
opxrd_1082,225,225,clean,1,0.1178146675229072,True
opxrd_1083,225,225,clean,1,0.1298227459192276,True
opxrd_1084,225,225,clean,1,0.1246653571724891,True
opxrd_1087,225,225,clean,1,0.1233122125267982,True
opxrd_1091,225,225,clean,1,0.1331606209278106,True
opxrd_1092,225,225,clean,1,0.0809260383248329,True
opxrd_1094,225,225,clean,1,0.1287213712930679,True
opxrd_1100,225,225,clean,1,0.1224973425269126,True
opxrd_1105,225,225,clean,1,0.0721251294016838,True
opxrd_1113,225,225,clean,1,0.1345587819814682,True
opxrd_1117,225,225,clean,1,0.1331151723861694,True
opxrd_1118,225,225,clean,1,0.134937897324562,True
opxrd_1120,225,225,clean,1,0.1473114788532257,True
opxrd_1123,225,225,clean,1,0.1287731677293777,True
opxrd_1126,225,225,clean,1,0.1291962265968322,True
opxrd_1135,225,225,clean,1,0.1370838731527328,True
opxrd_1138,225,225,clean,1,0.1406072378158569,True
opxrd_1140,225,225,clean,1,0.1420119404792785,True
opxrd_1142,225,225,clean,1,0.0725552290678024,True
opxrd_1145,225,225,clean,1,0.1302197426557541,True
opxrd_1152,225,225,clean,1,0.1242426037788391,True
opxrd_1175,225,225,clean,1,0.114753782749176,True
opxrd_1180,225,225,clean,1,0.1355585306882858,True
opxrd_1183,225,225,clean,1,0.129344642162323,True
opxrd_1185,225,225,clean,1,0.1425535082817077,True
opxrd_1188,225,225,clean,1,0.1272454261779785,True
opxrd_1190,225,225,clean,1,0.1275692135095596,True
opxrd_aug_source_715_label_52,53,53,clean,1,0.2207881957292556,True
opxrd_0,225,14,clean,2,0.3075354695320129,False
opxrd_1,88,88,clean,2,0.1978136599063873,True
opxrd_7,61,129,clean,2,0.2806349396705627,False
opxrd_15,221,63,clean,2,0.1531473398208618,False
opxrd_22,216,227,clean,2,0.2861375212669372,False
opxrd_28,15,15,clean,2,0.0589784979820251,True
opxrd_32,14,12,clean,2,0.1261074542999267,False
opxrd_35,2,60,clean,2,0.3050615787506103,False
opxrd_36,163,163,clean,2,0.2449725270271301,True
opxrd_37,11,11,clean,2,0.249141663312912,True
opxrd_38,13,2,clean,2,0.0883460342884063,False
opxrd_46,148,148,clean,2,0.1408262103796005,True
opxrd_53,139,139,clean,2,0.3992308676242828,True
opxrd_61,14,14,clean,2,0.2225469499826431,True
opxrd_68,60,60,clean,2,0.1735742837190628,True
opxrd_76,129,129,clean,2,0.2691982090473175,True
opxrd_83,2,2,clean,2,0.213111326098442,True
opxrd_85,203,203,clean,2,0.1168398186564445,True
opxrd_94,15,15,clean,2,0.3051097393035888,True
opxrd_97,15,19,clean,2,0.0941800996661186,False
opxrd_98,2,14,clean,2,0.1752545982599258,False
opxrd_106,11,11,clean,2,0.250072181224823,True
opxrd_114,33,14,clean,2,0.2852575182914734,False
opxrd_119,62,62,clean,2,0.1746309101581573,True
opxrd_120,4,2,clean,2,0.3119993507862091,False
opxrd_124,19,19,clean,2,0.1397291868925094,True
opxrd_125,224,62,clean,2,0.3390132784843445,False
opxrd_127,11,11,clean,2,0.248321384191513,True
opxrd_150,15,15,clean,2,0.0597247518599033,True
opxrd_152,14,14,clean,2,0.2148675322532653,True
opxrd_168,227,227,clean,2,0.3263078927993774,True
opxrd_170,60,60,clean,2,0.1807411611080169,True
opxrd_178,193,193,clean,2,0.3554682433605194,True
opxrd_184,14,14,clean,2,0.0519121587276458,True
opxrd_187,125,125,clean,2,0.3218056857585907,True
opxrd_189,2,2,clean,2,0.3604603111743927,True
opxrd_200,74,2,clean,2,0.1405729800462722,False
opxrd_201,14,14,clean,2,0.0573884211480617,True
opxrd_203,71,193,clean,2,0.35456183552742,False
opxrd_211,62,62,clean,2,0.343031644821167,True
opxrd_212,129,129,clean,2,0.2985685467720032,True
opxrd_213,74,2,clean,2,0.1050818637013435,False
opxrd_231,4,4,clean,2,0.2912205457687378,True
opxrd_232,148,88,clean,2,0.3120483160018921,False
opxrd_239,176,176,clean,2,0.3415462970733642,True
opxrd_247,19,19,clean,2,0.2476933598518371,True
opxrd_252,36,36,clean,2,0.1271548569202423,True
opxrd_255,14,58,clean,2,0.1986953914165496,False
opxrd_264,60,60,clean,2,0.1883141547441482,True
opxrd_267,221,2,clean,2,0.1374070048332214,False
opxrd_276,15,60,clean,2,0.327965497970581,False
opxrd_283,2,2,clean,2,0.3662381768226623,True
opxrd_285,33,2,clean,2,0.2589176893234253,False
opxrd_286,129,129,clean,2,0.2732318639755249,True
opxrd_289,33,33,clean,2,0.0574302747845649,True
opxrd_294,205,205,clean,2,0.3559173941612243,True
opxrd_304,14,2,clean,2,0.2331281900405883,False
opxrd_309,15,19,clean,2,0.106756217777729,False
opxrd_310,62,62,clean,2,0.3428877592086792,True
opxrd_312,142,11,clean,2,0.3300196528434753,False
opxrd_314,227,227,clean,2,0.2371813654899597,True
opxrd_315,60,60,clean,2,0.2048942893743515,True
opxrd_328,63,13,clean,2,0.0853274166584014,False
opxrd_334,148,148,clean,2,0.1749756336212158,True
opxrd_338,221,221,clean,2,0.1786282360553741,True
opxrd_343,74,65,clean,2,0.3242365717887878,False
opxrd_344,61,61,clean,2,0.1743183732032776,True
opxrd_345,85,19,clean,2,0.3292722105979919,False
opxrd_346,225,225,clean,2,0.3061774373054504,True
opxrd_347,15,15,clean,2,0.2125795781612396,True
opxrd_350,14,14,clean,2,0.2916961908340454,True
opxrd_352,15,60,clean,2,0.2550787925720215,False
opxrd_355,167,2,clean,2,0.1920894384384155,False
opxrd_357,4,4,clean,2,0.0302188415080308,True
opxrd_360,227,14,clean,2,0.0040946933440864,False
opxrd_369,121,121,clean,2,0.2453437149524688,True
opxrd_373,2,15,clean,2,0.1855793595314026,False
opxrd_379,72,72,clean,2,0.2709504663944244,True
opxrd_381,161,18,clean,2,0.242850050330162,False
opxrd_392,29,29,clean,2,0.2040231227874755,True
opxrd_408,2,2,clean,2,0.1723727732896804,True
opxrd_410,12,12,clean,2,0.2186174839735031,True
opxrd_415,14,62,clean,2,0.1937186270952224,False
opxrd_429,141,227,clean,2,0.1609473079442978,False
opxrd_433,14,11,clean,2,0.2965289950370788,False
opxrd_435,140,140,clean,2,0.3751557171344757,True
opxrd_464,74,74,clean,2,0.0868914276361465,True
opxrd_467,60,60,clean,2,0.1756379753351211,True
opxrd_482,14,15,clean,2,0.2918969392776489,False
opxrd_496,148,148,clean,2,0.1276739835739135,True
opxrd_503,14,14,clean,2,0.0372210294008255,True
opxrd_507,87,186,clean,2,0.3144440948963165,False
opxrd_511,19,2,clean,2,0.2360329180955886,False
opxrd_512,74,74,clean,2,0.0571111068129539,True
opxrd_513,14,14,clean,2,0.241173654794693,True
opxrd_519,148,163,clean,2,0.2756201326847076,False
opxrd_529,227,227,clean,2,0.3156844973564148,True
opxrd_531,14,14,clean,2,0.0740013122558593,True
opxrd_535,164,198,clean,2,0.1740153133869171,False
opxrd_536,60,62,clean,2,0.3033035099506378,False
opxrd_540,194,194,clean,2,0.3518285453319549,True
opxrd_542,58,58,clean,2,0.1279481202363968,True
opxrd_544,88,88,clean,2,0.1840001344680786,True
opxrd_545,14,14,clean,2,0.1890683323144912,True
opxrd_553,62,62,clean,2,0.1955396682024002,True
opxrd_557,63,14,clean,2,0.0647627338767051,False
opxrd_558,15,14,clean,2,0.2595424354076385,False
opxrd_560,129,14,clean,2,0.1999012231826782,False
opxrd_561,62,62,clean,2,0.1338610053062439,True
opxrd_564,92,92,clean,2,0.3501351177692413,True
opxrd_576,176,176,clean,2,0.2233793884515762,True
opxrd_586,62,13,clean,2,0.2734483778476715,False
opxrd_588,2,2,clean,2,0.1704881638288498,True
opxrd_600,14,19,clean,2,0.3148850202560425,False
opxrd_608,19,19,clean,2,0.3148205578327179,True
opxrd_613,123,62,clean,2,0.3316488564014435,False
opxrd_618,129,129,clean,2,0.2079869955778122,True
opxrd_619,14,14,clean,2,0.2328220903873443,True
opxrd_624,14,26,clean,2,0.2953314185142517,False
opxrd_627,74,74,clean,2,0.0596348829567432,True
opxrd_629,129,129,clean,2,0.2094651758670807,True
opxrd_631,166,166,clean,2,0.2645194828510284,True
opxrd_632,166,166,clean,2,0.2335021346807479,True
opxrd_633,198,227,clean,2,0.301871508359909,False
opxrd_634,193,193,clean,2,0.3525143563747406,True
opxrd_635,2,2,clean,2,0.3686618208885193,True
opxrd_642,140,140,clean,2,0.2940672934055328,True
opxrd_646,19,19,clean,2,0.0386565886437892,True
opxrd_651,14,19,clean,2,0.0105668436735868,False
opxrd_666,14,60,clean,2,0.287971019744873,False
opxrd_667,2,2,clean,2,0.2036332190036773,True
opxrd_670,15,19,clean,2,0.1719216555356979,False
opxrd_676,14,14,clean,2,0.1480577439069748,True
opxrd_677,19,2,clean,2,0.1396367400884628,False
opxrd_683,2,2,clean,2,0.1694186180830001,True
opxrd_691,26,26,clean,2,0.2941548228263855,True
opxrd_695,148,148,clean,2,0.1181548908352851,True
opxrd_707,191,191,clean,2,0.2966248095035553,True
opxrd_708,45,45,clean,2,0.1959261745214462,True
opxrd_710,9,14,clean,2,0.1774760484695434,False
opxrd_727,2,162,clean,2,0.1859868913888931,False
opxrd_730,14,14,clean,2,0.2878497838973999,True
opxrd_735,62,62,clean,2,0.2053060084581375,True
opxrd_738,61,2,clean,2,0.2180025726556778,False
opxrd_740,4,14,clean,2,0.3213808238506317,False
opxrd_742,221,221,clean,2,0.1582246273756027,True
opxrd_743,72,72,clean,2,0.2461617588996887,True
opxrd_745,74,74,clean,2,0.059559691697359,True
opxrd_749,63,14,clean,2,0.1479015499353408,False
opxrd_752,36,36,clean,2,0.1213420927524566,True
opxrd_755,5,200,clean,2,0.3391844034194946,False
opxrd_756,167,167,clean,2,0.4068204760551452,True
opxrd_760,14,11,clean,2,0.2659824192523956,False
opxrd_773,166,166,clean,2,0.2625622153282165,True
opxrd_779,2,70,clean,2,0.2826755046844482,False
opxrd_781,74,74,clean,2,0.0570176728069782,True
opxrd_782,13,13,clean,2,0.1831152588129043,True
opxrd_787,217,217,clean,2,0.2166827023029327,True
opxrd_797,12,164,clean,2,0.2597846388816833,False
opxrd_801,88,88,clean,2,0.2169679105281829,True
opxrd_803,125,125,clean,2,0.3233843445777893,True
opxrd_805,139,139,clean,2,0.3705779314041137,True
opxrd_808,129,176,clean,2,0.2217262387275695,False
opxrd_809,62,36,clean,2,0.1382975876331329,False
opxrd_816,14,14,clean,2,0.2184218019247055,True
opxrd_817,14,26,clean,2,0.3064878582954407,False
opxrd_818,191,191,clean,2,0.2830913662910461,True
opxrd_823,14,14,clean,2,0.181426003575325,True
opxrd_824,14,14,clean,2,0.2272514253854751,True
opxrd_826,125,125,clean,2,0.3361448645591736,True
opxrd_831,223,166,clean,2,0.2540427148342132,False
opxrd_833,139,139,clean,2,0.3858639895915985,True
opxrd_836,12,2,clean,2,0.2084138244390487,False
opxrd_850,19,14,clean,2,0.1923853009939193,False
opxrd_862,225,225,clean,2,0.1244083791971206,True
opxrd_866,225,225,clean,2,0.1065200567245483,True
opxrd_871,225,225,clean,2,0.0884141474962234,True
opxrd_875,225,225,clean,2,0.092570811510086,True
opxrd_883,225,225,clean,2,0.105936050415039,True
opxrd_885,225,225,clean,2,0.1284452825784683,True
opxrd_886,225,225,clean,2,0.0800033509731292,True
opxrd_898,225,225,clean,2,0.1271494925022125,True
opxrd_901,225,225,clean,2,0.1172489076852798,True
opxrd_904,225,225,clean,2,0.1336992979049682,True
opxrd_907,225,225,clean,2,0.0916226357221603,True
opxrd_910,225,225,clean,2,0.1171508729457855,True
opxrd_913,225,225,clean,2,0.0722191631793975,True
opxrd_917,225,225,clean,2,0.12922303378582,True
opxrd_927,225,225,clean,2,0.1211520433425903,True
opxrd_930,225,225,clean,2,0.0908543094992637,True
opxrd_935,225,225,clean,2,0.1216488629579544,True
opxrd_938,225,225,clean,2,0.1298068314790725,True
opxrd_943,225,225,clean,2,0.1436927169561386,True
opxrd_944,225,225,clean,2,0.1350680142641067,True
opxrd_950,225,225,clean,2,0.1457442343235016,True
opxrd_958,225,225,clean,2,0.1266274899244308,True
opxrd_965,225,225,clean,2,0.0926621854305267,True
opxrd_970,225,225,clean,2,0.1398769170045852,True
opxrd_983,225,225,clean,2,0.1272751241922378,True
opxrd_986,225,225,clean,2,0.0813246816396713,True
opxrd_994,225,225,clean,2,0.1380127817392349,True
opxrd_998,225,225,clean,2,0.1456890255212783,True
opxrd_1005,225,225,clean,2,0.1360428184270858,True
opxrd_1015,225,225,clean,2,0.0795182287693023,True
opxrd_1016,225,225,clean,2,0.0756384506821632,True
opxrd_1024,225,225,clean,2,0.1213493645191192,True
opxrd_1027,225,225,clean,2,0.139260858297348,True
opxrd_1037,225,225,clean,2,0.1235757693648338,True
opxrd_1039,225,225,clean,2,0.1343636065721511,True
opxrd_1054,225,225,clean,2,0.1427502632141113,True
opxrd_1058,225,225,clean,2,0.1492702960968017,True
opxrd_1061,225,225,clean,2,0.1332299709320068,True
opxrd_1067,225,225,clean,2,0.1329593509435653,True
opxrd_1068,225,225,clean,2,0.1289057582616806,True
opxrd_1072,225,225,clean,2,0.1415367424488067,True
opxrd_1079,225,225,clean,2,0.1267404556274414,True
opxrd_1081,225,225,clean,2,0.1089060306549072,True
opxrd_1082,225,225,clean,2,0.1178146675229072,True
opxrd_1083,225,225,clean,2,0.1298227459192276,True
opxrd_1084,225,225,clean,2,0.1246653571724891,True
opxrd_1087,225,225,clean,2,0.1233122125267982,True
opxrd_1091,225,225,clean,2,0.1331606209278106,True
opxrd_1092,225,225,clean,2,0.0809260383248329,True
opxrd_1094,225,225,clean,2,0.1287213712930679,True
opxrd_1100,225,225,clean,2,0.1224973425269126,True
opxrd_1105,225,225,clean,2,0.0721251294016838,True
opxrd_1113,225,225,clean,2,0.1345587819814682,True
opxrd_1117,225,225,clean,2,0.1331151723861694,True
opxrd_1118,225,225,clean,2,0.134937897324562,True
opxrd_1120,225,225,clean,2,0.1473114788532257,True
opxrd_1123,225,225,clean,2,0.1287731677293777,True
opxrd_1126,225,225,clean,2,0.1291962265968322,True
opxrd_1135,225,225,clean,2,0.1370838731527328,True
opxrd_1138,225,225,clean,2,0.1406072378158569,True
opxrd_1140,225,225,clean,2,0.1420119404792785,True
opxrd_1142,225,225,clean,2,0.0725552290678024,True
opxrd_1145,225,225,clean,2,0.1302197426557541,True
opxrd_1152,225,225,clean,2,0.1242426037788391,True
opxrd_1175,225,225,clean,2,0.114753782749176,True
opxrd_1180,225,225,clean,2,0.1355585306882858,True
opxrd_1183,225,225,clean,2,0.129344642162323,True
opxrd_1185,225,225,clean,2,0.1425535082817077,True
opxrd_1188,225,225,clean,2,0.1272454261779785,True
opxrd_1190,225,225,clean,2,0.1275692135095596,True
opxrd_aug_source_715_label_52,53,53,clean,2,0.2207881957292556,True
opxrd_0,225,14,clean,3,0.3075354695320129,False
opxrd_1,88,88,clean,3,0.1978136599063873,True
opxrd_7,61,129,clean,3,0.2806349396705627,False
opxrd_15,221,63,clean,3,0.1531473398208618,False
opxrd_22,216,227,clean,3,0.2861375212669372,False
opxrd_28,15,15,clean,3,0.0589784979820251,True
opxrd_32,14,12,clean,3,0.1261074542999267,False
opxrd_35,2,60,clean,3,0.3050615787506103,False
opxrd_36,163,163,clean,3,0.2449725270271301,True
opxrd_37,11,11,clean,3,0.249141663312912,True
opxrd_38,13,2,clean,3,0.0883460342884063,False
opxrd_46,148,148,clean,3,0.1408262103796005,True
opxrd_53,139,139,clean,3,0.3992308676242828,True
opxrd_61,14,14,clean,3,0.2225469499826431,True
opxrd_68,60,60,clean,3,0.1735742837190628,True
opxrd_76,129,129,clean,3,0.2691982090473175,True
opxrd_83,2,2,clean,3,0.213111326098442,True
opxrd_85,203,203,clean,3,0.1168398186564445,True
opxrd_94,15,15,clean,3,0.3051097393035888,True
opxrd_97,15,19,clean,3,0.0941800996661186,False
opxrd_98,2,14,clean,3,0.1752545982599258,False
opxrd_106,11,11,clean,3,0.250072181224823,True
opxrd_114,33,14,clean,3,0.2852575182914734,False
opxrd_119,62,62,clean,3,0.1746309101581573,True
opxrd_120,4,2,clean,3,0.3119993507862091,False
opxrd_124,19,19,clean,3,0.1397291868925094,True
opxrd_125,224,62,clean,3,0.3390132784843445,False
opxrd_127,11,11,clean,3,0.248321384191513,True
opxrd_150,15,15,clean,3,0.0597247518599033,True
opxrd_152,14,14,clean,3,0.2148675322532653,True
opxrd_168,227,227,clean,3,0.3263078927993774,True
opxrd_170,60,60,clean,3,0.1807411611080169,True
opxrd_178,193,193,clean,3,0.3554682433605194,True
opxrd_184,14,14,clean,3,0.0519121587276458,True
opxrd_187,125,125,clean,3,0.3218056857585907,True
opxrd_189,2,2,clean,3,0.3604603111743927,True
opxrd_200,74,2,clean,3,0.1405729800462722,False
opxrd_201,14,14,clean,3,0.0573884211480617,True
opxrd_203,71,193,clean,3,0.35456183552742,False
opxrd_211,62,62,clean,3,0.343031644821167,True
opxrd_212,129,129,clean,3,0.2985685467720032,True
opxrd_213,74,2,clean,3,0.1050818637013435,False
opxrd_231,4,4,clean,3,0.2912205457687378,True
opxrd_232,148,88,clean,3,0.3120483160018921,False
opxrd_239,176,176,clean,3,0.3415462970733642,True
opxrd_247,19,19,clean,3,0.2476933598518371,True
opxrd_252,36,36,clean,3,0.1271548569202423,True
opxrd_255,14,58,clean,3,0.1986953914165496,False
opxrd_264,60,60,clean,3,0.1883141547441482,True
opxrd_267,221,2,clean,3,0.1374070048332214,False
opxrd_276,15,60,clean,3,0.327965497970581,False
opxrd_283,2,2,clean,3,0.3662381768226623,True
opxrd_285,33,2,clean,3,0.2589176893234253,False
opxrd_286,129,129,clean,3,0.2732318639755249,True
opxrd_289,33,33,clean,3,0.0574302747845649,True
opxrd_294,205,205,clean,3,0.3559173941612243,True
opxrd_304,14,2,clean,3,0.2331281900405883,False
opxrd_309,15,19,clean,3,0.106756217777729,False
opxrd_310,62,62,clean,3,0.3428877592086792,True
opxrd_312,142,11,clean,3,0.3300196528434753,False
opxrd_314,227,227,clean,3,0.2371813654899597,True
opxrd_315,60,60,clean,3,0.2048942893743515,True
opxrd_328,63,13,clean,3,0.0853274166584014,False
opxrd_334,148,148,clean,3,0.1749756336212158,True
opxrd_338,221,221,clean,3,0.1786282360553741,True
opxrd_343,74,65,clean,3,0.3242365717887878,False
opxrd_344,61,61,clean,3,0.1743183732032776,True
opxrd_345,85,19,clean,3,0.3292722105979919,False
opxrd_346,225,225,clean,3,0.3061774373054504,True
opxrd_347,15,15,clean,3,0.2125795781612396,True
opxrd_350,14,14,clean,3,0.2916961908340454,True
opxrd_352,15,60,clean,3,0.2550787925720215,False
opxrd_355,167,2,clean,3,0.1920894384384155,False
opxrd_357,4,4,clean,3,0.0302188415080308,True
opxrd_360,227,14,clean,3,0.0040946933440864,False
opxrd_369,121,121,clean,3,0.2453437149524688,True
opxrd_373,2,15,clean,3,0.1855793595314026,False
opxrd_379,72,72,clean,3,0.2709504663944244,True
opxrd_381,161,18,clean,3,0.242850050330162,False
opxrd_392,29,29,clean,3,0.2040231227874755,True
opxrd_408,2,2,clean,3,0.1723727732896804,True
opxrd_410,12,12,clean,3,0.2186174839735031,True
opxrd_415,14,62,clean,3,0.1937186270952224,False
opxrd_429,141,227,clean,3,0.1609473079442978,False
opxrd_433,14,11,clean,3,0.2965289950370788,False
opxrd_435,140,140,clean,3,0.3751557171344757,True
opxrd_464,74,74,clean,3,0.0868914276361465,True
opxrd_467,60,60,clean,3,0.1756379753351211,True
opxrd_482,14,15,clean,3,0.2918969392776489,False
opxrd_496,148,148,clean,3,0.1276739835739135,True
opxrd_503,14,14,clean,3,0.0372210294008255,True
opxrd_507,87,186,clean,3,0.3144440948963165,False
opxrd_511,19,2,clean,3,0.2360329180955886,False
opxrd_512,74,74,clean,3,0.0571111068129539,True
opxrd_513,14,14,clean,3,0.241173654794693,True
opxrd_519,148,163,clean,3,0.2756201326847076,False
opxrd_529,227,227,clean,3,0.3156844973564148,True
opxrd_531,14,14,clean,3,0.0740013122558593,True
opxrd_535,164,198,clean,3,0.1740153133869171,False
opxrd_536,60,62,clean,3,0.3033035099506378,False
opxrd_540,194,194,clean,3,0.3518285453319549,True
opxrd_542,58,58,clean,3,0.1279481202363968,True
opxrd_544,88,88,clean,3,0.1840001344680786,True
opxrd_545,14,14,clean,3,0.1890683323144912,True
opxrd_553,62,62,clean,3,0.1955396682024002,True
opxrd_557,63,14,clean,3,0.0647627338767051,False
opxrd_558,15,14,clean,3,0.2595424354076385,False
opxrd_560,129,14,clean,3,0.1999012231826782,False
opxrd_561,62,62,clean,3,0.1338610053062439,True
opxrd_564,92,92,clean,3,0.3501351177692413,True
opxrd_576,176,176,clean,3,0.2233793884515762,True
opxrd_586,62,13,clean,3,0.2734483778476715,False
opxrd_588,2,2,clean,3,0.1704881638288498,True
opxrd_600,14,19,clean,3,0.3148850202560425,False
opxrd_608,19,19,clean,3,0.3148205578327179,True
opxrd_613,123,62,clean,3,0.3316488564014435,False
opxrd_618,129,129,clean,3,0.2079869955778122,True
opxrd_619,14,14,clean,3,0.2328220903873443,True
opxrd_624,14,26,clean,3,0.2953314185142517,False
opxrd_627,74,74,clean,3,0.0596348829567432,True
opxrd_629,129,129,clean,3,0.2094651758670807,True
opxrd_631,166,166,clean,3,0.2645194828510284,True
opxrd_632,166,166,clean,3,0.2335021346807479,True
opxrd_633,198,227,clean,3,0.301871508359909,False
opxrd_634,193,193,clean,3,0.3525143563747406,True
opxrd_635,2,2,clean,3,0.3686618208885193,True
opxrd_642,140,140,clean,3,0.2940672934055328,True
opxrd_646,19,19,clean,3,0.0386565886437892,True
opxrd_651,14,19,clean,3,0.0105668436735868,False
opxrd_666,14,60,clean,3,0.287971019744873,False
opxrd_667,2,2,clean,3,0.2036332190036773,True
opxrd_670,15,19,clean,3,0.1719216555356979,False
opxrd_676,14,14,clean,3,0.1480577439069748,True
opxrd_677,19,2,clean,3,0.1396367400884628,False
opxrd_683,2,2,clean,3,0.1694186180830001,True
opxrd_691,26,26,clean,3,0.2941548228263855,True
opxrd_695,148,148,clean,3,0.1181548908352851,True
opxrd_707,191,191,clean,3,0.2966248095035553,True
opxrd_708,45,45,clean,3,0.1959261745214462,True
opxrd_710,9,14,clean,3,0.1774760484695434,False
opxrd_727,2,162,clean,3,0.1859868913888931,False
opxrd_730,14,14,clean,3,0.2878497838973999,True
opxrd_735,62,62,clean,3,0.2053060084581375,True
opxrd_738,61,2,clean,3,0.2180025726556778,False
opxrd_740,4,14,clean,3,0.3213808238506317,False
opxrd_742,221,221,clean,3,0.1582246273756027,True
opxrd_743,72,72,clean,3,0.2461617588996887,True
opxrd_745,74,74,clean,3,0.059559691697359,True
opxrd_749,63,14,clean,3,0.1479015499353408,False
opxrd_752,36,36,clean,3,0.1213420927524566,True
opxrd_755,5,200,clean,3,0.3391844034194946,False
opxrd_756,167,167,clean,3,0.4068204760551452,True
opxrd_760,14,11,clean,3,0.2659824192523956,False
opxrd_773,166,166,clean,3,0.2625622153282165,True
opxrd_779,2,70,clean,3,0.2826755046844482,False
opxrd_781,74,74,clean,3,0.0570176728069782,True
opxrd_782,13,13,clean,3,0.1831152588129043,True
opxrd_787,217,217,clean,3,0.2166827023029327,True
opxrd_797,12,164,clean,3,0.2597846388816833,False
opxrd_801,88,88,clean,3,0.2169679105281829,True
opxrd_803,125,125,clean,3,0.3233843445777893,True
opxrd_805,139,139,clean,3,0.3705779314041137,True
opxrd_808,129,176,clean,3,0.2217262387275695,False
opxrd_809,62,36,clean,3,0.1382975876331329,False
opxrd_816,14,14,clean,3,0.2184218019247055,True
opxrd_817,14,26,clean,3,0.3064878582954407,False
opxrd_818,191,191,clean,3,0.2830913662910461,True
opxrd_823,14,14,clean,3,0.181426003575325,True
opxrd_824,14,14,clean,3,0.2272514253854751,True
opxrd_826,125,125,clean,3,0.3361448645591736,True
opxrd_831,223,166,clean,3,0.2540427148342132,False
opxrd_833,139,139,clean,3,0.3858639895915985,True
opxrd_836,12,2,clean,3,0.2084138244390487,False
opxrd_850,19,14,clean,3,0.1923853009939193,False
opxrd_862,225,225,clean,3,0.1244083791971206,True
opxrd_866,225,225,clean,3,0.1065200567245483,True
opxrd_871,225,225,clean,3,0.0884141474962234,True
opxrd_875,225,225,clean,3,0.092570811510086,True
opxrd_883,225,225,clean,3,0.105936050415039,True
opxrd_885,225,225,clean,3,0.1284452825784683,True
opxrd_886,225,225,clean,3,0.0800033509731292,True
opxrd_898,225,225,clean,3,0.1271494925022125,True
opxrd_901,225,225,clean,3,0.1172489076852798,True
opxrd_904,225,225,clean,3,0.1336992979049682,True
opxrd_907,225,225,clean,3,0.0916226357221603,True
opxrd_910,225,225,clean,3,0.1171508729457855,True
opxrd_913,225,225,clean,3,0.0722191631793975,True
opxrd_917,225,225,clean,3,0.12922303378582,True
opxrd_927,225,225,clean,3,0.1211520433425903,True
opxrd_930,225,225,clean,3,0.0908543094992637,True
opxrd_935,225,225,clean,3,0.1216488629579544,True
opxrd_938,225,225,clean,3,0.1298068314790725,True
opxrd_943,225,225,clean,3,0.1436927169561386,True
opxrd_944,225,225,clean,3,0.1350680142641067,True
opxrd_950,225,225,clean,3,0.1457442343235016,True
opxrd_958,225,225,clean,3,0.1266274899244308,True
opxrd_965,225,225,clean,3,0.0926621854305267,True
opxrd_970,225,225,clean,3,0.1398769170045852,True
opxrd_983,225,225,clean,3,0.1272751241922378,True
opxrd_986,225,225,clean,3,0.0813246816396713,True
opxrd_994,225,225,clean,3,0.1380127817392349,True
opxrd_998,225,225,clean,3,0.1456890255212783,True
opxrd_1005,225,225,clean,3,0.1360428184270858,True
opxrd_1015,225,225,clean,3,0.0795182287693023,True
opxrd_1016,225,225,clean,3,0.0756384506821632,True
opxrd_1024,225,225,clean,3,0.1213493645191192,True
opxrd_1027,225,225,clean,3,0.139260858297348,True
opxrd_1037,225,225,clean,3,0.1235757693648338,True
opxrd_1039,225,225,clean,3,0.1343636065721511,True
opxrd_1054,225,225,clean,3,0.1427502632141113,True
opxrd_1058,225,225,clean,3,0.1492702960968017,True
opxrd_1061,225,225,clean,3,0.1332299709320068,True
opxrd_1067,225,225,clean,3,0.1329593509435653,True
opxrd_1068,225,225,clean,3,0.1289057582616806,True
opxrd_1072,225,225,clean,3,0.1415367424488067,True
opxrd_1079,225,225,clean,3,0.1267404556274414,True
opxrd_1081,225,225,clean,3,0.1089060306549072,True
opxrd_1082,225,225,clean,3,0.1178146675229072,True
opxrd_1083,225,225,clean,3,0.1298227459192276,True
opxrd_1084,225,225,clean,3,0.1246653571724891,True
opxrd_1087,225,225,clean,3,0.1233122125267982,True
opxrd_1091,225,225,clean,3,0.1331606209278106,True
opxrd_1092,225,225,clean,3,0.0809260383248329,True
opxrd_1094,225,225,clean,3,0.1287213712930679,True
opxrd_1100,225,225,clean,3,0.1224973425269126,True
opxrd_1105,225,225,clean,3,0.0721251294016838,True
opxrd_1113,225,225,clean,3,0.1345587819814682,True
opxrd_1117,225,225,clean,3,0.1331151723861694,True
opxrd_1118,225,225,clean,3,0.134937897324562,True
opxrd_1120,225,225,clean,3,0.1473114788532257,True
opxrd_1123,225,225,clean,3,0.1287731677293777,True
opxrd_1126,225,225,clean,3,0.1291962265968322,True
opxrd_1135,225,225,clean,3,0.1370838731527328,True
opxrd_1138,225,225,clean,3,0.1406072378158569,True
opxrd_1140,225,225,clean,3,0.1420119404792785,True
opxrd_1142,225,225,clean,3,0.0725552290678024,True
opxrd_1145,225,225,clean,3,0.1302197426557541,True
opxrd_1152,225,225,clean,3,0.1242426037788391,True
opxrd_1175,225,225,clean,3,0.114753782749176,True
opxrd_1180,225,225,clean,3,0.1355585306882858,True
opxrd_1183,225,225,clean,3,0.129344642162323,True
opxrd_1185,225,225,clean,3,0.1425535082817077,True
opxrd_1188,225,225,clean,3,0.1272454261779785,True
opxrd_1190,225,225,clean,3,0.1275692135095596,True
opxrd_aug_source_715_label_52,53,53,clean,3,0.2207881957292556,True
opxrd_0,225,14,clean,4,0.3075354695320129,False
opxrd_1,88,88,clean,4,0.1978136599063873,True
opxrd_7,61,129,clean,4,0.2806349396705627,False
opxrd_15,221,63,clean,4,0.1531473398208618,False
opxrd_22,216,227,clean,4,0.2861375212669372,False
opxrd_28,15,15,clean,4,0.0589784979820251,True
opxrd_32,14,12,clean,4,0.1261074542999267,False
opxrd_35,2,60,clean,4,0.3050615787506103,False
opxrd_36,163,163,clean,4,0.2449725270271301,True
opxrd_37,11,11,clean,4,0.249141663312912,True
opxrd_38,13,2,clean,4,0.0883460342884063,False
opxrd_46,148,148,clean,4,0.1408262103796005,True
opxrd_53,139,139,clean,4,0.3992308676242828,True
opxrd_61,14,14,clean,4,0.2225469499826431,True
opxrd_68,60,60,clean,4,0.1735742837190628,True
opxrd_76,129,129,clean,4,0.2691982090473175,True
opxrd_83,2,2,clean,4,0.213111326098442,True
opxrd_85,203,203,clean,4,0.1168398186564445,True
opxrd_94,15,15,clean,4,0.3051097393035888,True
opxrd_97,15,19,clean,4,0.0941800996661186,False
opxrd_98,2,14,clean,4,0.1752545982599258,False
opxrd_106,11,11,clean,4,0.250072181224823,True
opxrd_114,33,14,clean,4,0.2852575182914734,False
opxrd_119,62,62,clean,4,0.1746309101581573,True
opxrd_120,4,2,clean,4,0.3119993507862091,False
opxrd_124,19,19,clean,4,0.1397291868925094,True
opxrd_125,224,62,clean,4,0.3390132784843445,False
opxrd_127,11,11,clean,4,0.248321384191513,True
opxrd_150,15,15,clean,4,0.0597247518599033,True
opxrd_152,14,14,clean,4,0.2148675322532653,True
opxrd_168,227,227,clean,4,0.3263078927993774,True
opxrd_170,60,60,clean,4,0.1807411611080169,True
opxrd_178,193,193,clean,4,0.3554682433605194,True
opxrd_184,14,14,clean,4,0.0519121587276458,True
opxrd_187,125,125,clean,4,0.3218056857585907,True
opxrd_189,2,2,clean,4,0.3604603111743927,True
opxrd_200,74,2,clean,4,0.1405729800462722,False
opxrd_201,14,14,clean,4,0.0573884211480617,True
opxrd_203,71,193,clean,4,0.35456183552742,False
opxrd_211,62,62,clean,4,0.343031644821167,True
opxrd_212,129,129,clean,4,0.2985685467720032,True
opxrd_213,74,2,clean,4,0.1050818637013435,False
opxrd_231,4,4,clean,4,0.2912205457687378,True
opxrd_232,148,88,clean,4,0.3120483160018921,False
opxrd_239,176,176,clean,4,0.3415462970733642,True
opxrd_247,19,19,clean,4,0.2476933598518371,True
opxrd_252,36,36,clean,4,0.1271548569202423,True
opxrd_255,14,58,clean,4,0.1986953914165496,False
opxrd_264,60,60,clean,4,0.1883141547441482,True
opxrd_267,221,2,clean,4,0.1374070048332214,False
opxrd_276,15,60,clean,4,0.327965497970581,False
opxrd_283,2,2,clean,4,0.3662381768226623,True
opxrd_285,33,2,clean,4,0.2589176893234253,False
opxrd_286,129,129,clean,4,0.2732318639755249,True
opxrd_289,33,33,clean,4,0.0574302747845649,True
opxrd_294,205,205,clean,4,0.3559173941612243,True
opxrd_304,14,2,clean,4,0.2331281900405883,False
opxrd_309,15,19,clean,4,0.106756217777729,False
opxrd_310,62,62,clean,4,0.3428877592086792,True
opxrd_312,142,11,clean,4,0.3300196528434753,False
opxrd_314,227,227,clean,4,0.2371813654899597,True
opxrd_315,60,60,clean,4,0.2048942893743515,True
opxrd_328,63,13,clean,4,0.0853274166584014,False
opxrd_334,148,148,clean,4,0.1749756336212158,True
opxrd_338,221,221,clean,4,0.1786282360553741,True
opxrd_343,74,65,clean,4,0.3242365717887878,False
opxrd_344,61,61,clean,4,0.1743183732032776,True
opxrd_345,85,19,clean,4,0.3292722105979919,False
opxrd_346,225,225,clean,4,0.3061774373054504,True
opxrd_347,15,15,clean,4,0.2125795781612396,True
opxrd_350,14,14,clean,4,0.2916961908340454,True
opxrd_352,15,60,clean,4,0.2550787925720215,False
opxrd_355,167,2,clean,4,0.1920894384384155,False
opxrd_357,4,4,clean,4,0.0302188415080308,True
opxrd_360,227,14,clean,4,0.0040946933440864,False
opxrd_369,121,121,clean,4,0.2453437149524688,True
opxrd_373,2,15,clean,4,0.1855793595314026,False
opxrd_379,72,72,clean,4,0.2709504663944244,True
opxrd_381,161,18,clean,4,0.242850050330162,False
opxrd_392,29,29,clean,4,0.2040231227874755,True
opxrd_408,2,2,clean,4,0.1723727732896804,True
opxrd_410,12,12,clean,4,0.2186174839735031,True
opxrd_415,14,62,clean,4,0.1937186270952224,False
opxrd_429,141,227,clean,4,0.1609473079442978,False
opxrd_433,14,11,clean,4,0.2965289950370788,False
opxrd_435,140,140,clean,4,0.3751557171344757,True
opxrd_464,74,74,clean,4,0.0868914276361465,True
opxrd_467,60,60,clean,4,0.1756379753351211,True
opxrd_482,14,15,clean,4,0.2918969392776489,False
opxrd_496,148,148,clean,4,0.1276739835739135,True
opxrd_503,14,14,clean,4,0.0372210294008255,True
opxrd_507,87,186,clean,4,0.3144440948963165,False
opxrd_511,19,2,clean,4,0.2360329180955886,False
opxrd_512,74,74,clean,4,0.0571111068129539,True
opxrd_513,14,14,clean,4,0.241173654794693,True
opxrd_519,148,163,clean,4,0.2756201326847076,False
opxrd_529,227,227,clean,4,0.3156844973564148,True
opxrd_531,14,14,clean,4,0.0740013122558593,True
opxrd_535,164,198,clean,4,0.1740153133869171,False
opxrd_536,60,62,clean,4,0.3033035099506378,False
opxrd_540,194,194,clean,4,0.3518285453319549,True
opxrd_542,58,58,clean,4,0.1279481202363968,True
opxrd_544,88,88,clean,4,0.1840001344680786,True
opxrd_545,14,14,clean,4,0.1890683323144912,True
opxrd_553,62,62,clean,4,0.1955396682024002,True
opxrd_557,63,14,clean,4,0.0647627338767051,False
opxrd_558,15,14,clean,4,0.2595424354076385,False
opxrd_560,129,14,clean,4,0.1999012231826782,False
opxrd_561,62,62,clean,4,0.1338610053062439,True
opxrd_564,92,92,clean,4,0.3501351177692413,True
opxrd_576,176,176,clean,4,0.2233793884515762,True
opxrd_586,62,13,clean,4,0.2734483778476715,False
opxrd_588,2,2,clean,4,0.1704881638288498,True
opxrd_600,14,19,clean,4,0.3148850202560425,False
opxrd_608,19,19,clean,4,0.3148205578327179,True
opxrd_613,123,62,clean,4,0.3316488564014435,False
opxrd_618,129,129,clean,4,0.2079869955778122,True
opxrd_619,14,14,clean,4,0.2328220903873443,True
opxrd_624,14,26,clean,4,0.2953314185142517,False
opxrd_627,74,74,clean,4,0.0596348829567432,True
opxrd_629,129,129,clean,4,0.2094651758670807,True
opxrd_631,166,166,clean,4,0.2645194828510284,True
opxrd_632,166,166,clean,4,0.2335021346807479,True
opxrd_633,198,227,clean,4,0.301871508359909,False
opxrd_634,193,193,clean,4,0.3525143563747406,True
opxrd_635,2,2,clean,4,0.3686618208885193,True
opxrd_642,140,140,clean,4,0.2940672934055328,True
opxrd_646,19,19,clean,4,0.0386565886437892,True
opxrd_651,14,19,clean,4,0.0105668436735868,False
opxrd_666,14,60,clean,4,0.287971019744873,False
opxrd_667,2,2,clean,4,0.2036332190036773,True
opxrd_670,15,19,clean,4,0.1719216555356979,False
opxrd_676,14,14,clean,4,0.1480577439069748,True
opxrd_677,19,2,clean,4,0.1396367400884628,False
opxrd_683,2,2,clean,4,0.1694186180830001,True
opxrd_691,26,26,clean,4,0.2941548228263855,True
opxrd_695,148,148,clean,4,0.1181548908352851,True
opxrd_707,191,191,clean,4,0.2966248095035553,True
opxrd_708,45,45,clean,4,0.1959261745214462,True
opxrd_710,9,14,clean,4,0.1774760484695434,False
opxrd_727,2,162,clean,4,0.1859868913888931,False
opxrd_730,14,14,clean,4,0.2878497838973999,True
opxrd_735,62,62,clean,4,0.2053060084581375,True
opxrd_738,61,2,clean,4,0.2180025726556778,False
opxrd_740,4,14,clean,4,0.3213808238506317,False
opxrd_742,221,221,clean,4,0.1582246273756027,True
opxrd_743,72,72,clean,4,0.2461617588996887,True
opxrd_745,74,74,clean,4,0.059559691697359,True
opxrd_749,63,14,clean,4,0.1479015499353408,False
opxrd_752,36,36,clean,4,0.1213420927524566,True
opxrd_755,5,200,clean,4,0.3391844034194946,False
opxrd_756,167,167,clean,4,0.4068204760551452,True
opxrd_760,14,11,clean,4,0.2659824192523956,False
opxrd_773,166,166,clean,4,0.2625622153282165,True
opxrd_779,2,70,clean,4,0.2826755046844482,False
opxrd_781,74,74,clean,4,0.0570176728069782,True
opxrd_782,13,13,clean,4,0.1831152588129043,True
opxrd_787,217,217,clean,4,0.2166827023029327,True
opxrd_797,12,164,clean,4,0.2597846388816833,False
opxrd_801,88,88,clean,4,0.2169679105281829,True
opxrd_803,125,125,clean,4,0.3233843445777893,True
opxrd_805,139,139,clean,4,0.3705779314041137,True
opxrd_808,129,176,clean,4,0.2217262387275695,False
opxrd_809,62,36,clean,4,0.1382975876331329,False
opxrd_816,14,14,clean,4,0.2184218019247055,True
opxrd_817,14,26,clean,4,0.3064878582954407,False
opxrd_818,191,191,clean,4,0.2830913662910461,True
opxrd_823,14,14,clean,4,0.181426003575325,True
opxrd_824,14,14,clean,4,0.2272514253854751,True
opxrd_826,125,125,clean,4,0.3361448645591736,True
opxrd_831,223,166,clean,4,0.2540427148342132,False
opxrd_833,139,139,clean,4,0.3858639895915985,True
opxrd_836,12,2,clean,4,0.2084138244390487,False
opxrd_850,19,14,clean,4,0.1923853009939193,False
opxrd_862,225,225,clean,4,0.1244083791971206,True
opxrd_866,225,225,clean,4,0.1065200567245483,True
opxrd_871,225,225,clean,4,0.0884141474962234,True
opxrd_875,225,225,clean,4,0.092570811510086,True
opxrd_883,225,225,clean,4,0.105936050415039,True
opxrd_885,225,225,clean,4,0.1284452825784683,True
opxrd_886,225,225,clean,4,0.0800033509731292,True
opxrd_898,225,225,clean,4,0.1271494925022125,True
opxrd_901,225,225,clean,4,0.1172489076852798,True
opxrd_904,225,225,clean,4,0.1336992979049682,True
opxrd_907,225,225,clean,4,0.0916226357221603,True
opxrd_910,225,225,clean,4,0.1171508729457855,True
opxrd_913,225,225,clean,4,0.0722191631793975,True
opxrd_917,225,225,clean,4,0.12922303378582,True
opxrd_927,225,225,clean,4,0.1211520433425903,True
opxrd_930,225,225,clean,4,0.0908543094992637,True
opxrd_935,225,225,clean,4,0.1216488629579544,True
opxrd_938,225,225,clean,4,0.1298068314790725,True
opxrd_943,225,225,clean,4,0.1436927169561386,True
opxrd_944,225,225,clean,4,0.1350680142641067,True
opxrd_950,225,225,clean,4,0.1457442343235016,True
opxrd_958,225,225,clean,4,0.1266274899244308,True
opxrd_965,225,225,clean,4,0.0926621854305267,True
opxrd_970,225,225,clean,4,0.1398769170045852,True
opxrd_983,225,225,clean,4,0.1272751241922378,True
opxrd_986,225,225,clean,4,0.0813246816396713,True
opxrd_994,225,225,clean,4,0.1380127817392349,True
opxrd_998,225,225,clean,4,0.1456890255212783,True
opxrd_1005,225,225,clean,4,0.1360428184270858,True
opxrd_1015,225,225,clean,4,0.0795182287693023,True
opxrd_1016,225,225,clean,4,0.0756384506821632,True
opxrd_1024,225,225,clean,4,0.1213493645191192,True
opxrd_1027,225,225,clean,4,0.139260858297348,True
opxrd_1037,225,225,clean,4,0.1235757693648338,True
opxrd_1039,225,225,clean,4,0.1343636065721511,True
opxrd_1054,225,225,clean,4,0.1427502632141113,True
opxrd_1058,225,225,clean,4,0.1492702960968017,True
opxrd_1061,225,225,clean,4,0.1332299709320068,True
opxrd_1067,225,225,clean,4,0.1329593509435653,True
opxrd_1068,225,225,clean,4,0.1289057582616806,True
opxrd_1072,225,225,clean,4,0.1415367424488067,True
opxrd_1079,225,225,clean,4,0.1267404556274414,True
opxrd_1081,225,225,clean,4,0.1089060306549072,True
opxrd_1082,225,225,clean,4,0.1178146675229072,True
opxrd_1083,225,225,clean,4,0.1298227459192276,True
opxrd_1084,225,225,clean,4,0.1246653571724891,True
opxrd_1087,225,225,clean,4,0.1233122125267982,True
opxrd_1091,225,225,clean,4,0.1331606209278106,True
opxrd_1092,225,225,clean,4,0.0809260383248329,True
opxrd_1094,225,225,clean,4,0.1287213712930679,True
opxrd_1100,225,225,clean,4,0.1224973425269126,True
opxrd_1105,225,225,clean,4,0.0721251294016838,True
opxrd_1113,225,225,clean,4,0.1345587819814682,True
opxrd_1117,225,225,clean,4,0.1331151723861694,True
opxrd_1118,225,225,clean,4,0.134937897324562,True
opxrd_1120,225,225,clean,4,0.1473114788532257,True
opxrd_1123,225,225,clean,4,0.1287731677293777,True
opxrd_1126,225,225,clean,4,0.1291962265968322,True
opxrd_1135,225,225,clean,4,0.1370838731527328,True
opxrd_1138,225,225,clean,4,0.1406072378158569,True
opxrd_1140,225,225,clean,4,0.1420119404792785,True
opxrd_1142,225,225,clean,4,0.0725552290678024,True
opxrd_1145,225,225,clean,4,0.1302197426557541,True
opxrd_1152,225,225,clean,4,0.1242426037788391,True
opxrd_1175,225,225,clean,4,0.114753782749176,True
opxrd_1180,225,225,clean,4,0.1355585306882858,True
opxrd_1183,225,225,clean,4,0.129344642162323,True
opxrd_1185,225,225,clean,4,0.1425535082817077,True
opxrd_1188,225,225,clean,4,0.1272454261779785,True
opxrd_1190,225,225,clean,4,0.1275692135095596,True
opxrd_aug_source_715_label_52,53,53,clean,4,0.2207881957292556,True
opxrd_0,225,217,strong_peak_scaling,0,0.3040514588356018,False
opxrd_1,88,88,strong_peak_scaling,0,0.1971088349819183,True
opxrd_7,61,129,strong_peak_scaling,0,0.2792278230190277,False
opxrd_15,221,63,strong_peak_scaling,0,0.1649675816297531,False
opxrd_22,216,227,strong_peak_scaling,0,0.3208557665348053,False
opxrd_28,15,15,strong_peak_scaling,0,0.1021846011281013,True
opxrd_32,14,14,strong_peak_scaling,0,0.2167664170265197,True
opxrd_35,2,60,strong_peak_scaling,0,0.2713631689548492,False
opxrd_36,163,163,strong_peak_scaling,0,0.2371131032705307,True
opxrd_37,11,11,strong_peak_scaling,0,0.2600004374980926,True
opxrd_38,13,2,strong_peak_scaling,0,0.1265794336795807,False
opxrd_46,148,148,strong_peak_scaling,0,0.1622798889875412,True
opxrd_53,139,139,strong_peak_scaling,0,0.3898407220840454,True
opxrd_61,14,14,strong_peak_scaling,0,0.2327692508697509,True
opxrd_68,60,60,strong_peak_scaling,0,0.1383360922336578,True
opxrd_76,129,129,strong_peak_scaling,0,0.2692480981349945,True
opxrd_83,2,2,strong_peak_scaling,0,0.1805209219455719,True
opxrd_85,203,203,strong_peak_scaling,0,0.1139308959245681,True
opxrd_94,15,15,strong_peak_scaling,0,0.2877403497695923,True
opxrd_97,15,2,strong_peak_scaling,0,0.093700997531414,False
opxrd_98,2,14,strong_peak_scaling,0,0.1802124381065368,False
opxrd_106,11,11,strong_peak_scaling,0,0.2308099567890167,True
opxrd_114,33,14,strong_peak_scaling,0,0.3152457177639007,False
opxrd_119,62,62,strong_peak_scaling,0,0.1517053842544555,True
opxrd_120,4,166,strong_peak_scaling,0,0.3210358023643493,False
opxrd_124,19,19,strong_peak_scaling,0,0.120819553732872,True
opxrd_125,224,140,strong_peak_scaling,0,0.3008727729320526,False
opxrd_127,11,11,strong_peak_scaling,0,0.1894704401493072,True
opxrd_150,15,15,strong_peak_scaling,0,0.0497923083603382,True
opxrd_152,14,14,strong_peak_scaling,0,0.2438202649354934,True
opxrd_168,227,227,strong_peak_scaling,0,0.2564921975135803,True
opxrd_170,60,60,strong_peak_scaling,0,0.1588831692934036,True
opxrd_178,193,46,strong_peak_scaling,0,0.3958748281002044,False
opxrd_184,14,14,strong_peak_scaling,0,0.0979478880763053,True
opxrd_187,125,125,strong_peak_scaling,0,0.299223780632019,True
opxrd_189,2,2,strong_peak_scaling,0,0.3546473383903503,True
opxrd_200,74,2,strong_peak_scaling,0,0.1311084181070327,False
opxrd_201,14,14,strong_peak_scaling,0,0.1503850668668747,True
opxrd_203,71,193,strong_peak_scaling,0,0.3551979064941406,False
opxrd_211,62,62,strong_peak_scaling,0,0.3530137538909912,True
opxrd_212,129,129,strong_peak_scaling,0,0.3203169405460357,True
opxrd_213,74,2,strong_peak_scaling,0,0.1445010155439376,False
opxrd_231,4,4,strong_peak_scaling,0,0.2890503406524658,True
opxrd_232,148,88,strong_peak_scaling,0,0.3071593642234802,False
opxrd_239,176,176,strong_peak_scaling,0,0.3509247004985809,True
opxrd_247,19,19,strong_peak_scaling,0,0.2726122736930847,True
opxrd_252,36,36,strong_peak_scaling,0,0.2571503520011902,True
opxrd_255,14,58,strong_peak_scaling,0,0.197910338640213,False
opxrd_264,60,60,strong_peak_scaling,0,0.1714695245027542,True
opxrd_267,221,2,strong_peak_scaling,0,0.2316070646047592,False
opxrd_276,15,60,strong_peak_scaling,0,0.321387380361557,False
opxrd_283,2,2,strong_peak_scaling,0,0.3616516292095184,True
opxrd_285,33,2,strong_peak_scaling,0,0.2871676683425903,False
opxrd_286,129,129,strong_peak_scaling,0,0.2995971143245697,True
opxrd_289,33,36,strong_peak_scaling,0,0.1433397531509399,False
opxrd_294,205,205,strong_peak_scaling,0,0.3395857512950897,True
opxrd_304,14,2,strong_peak_scaling,0,0.2350835353136062,False
opxrd_309,15,2,strong_peak_scaling,0,0.114710509777069,False
opxrd_310,62,62,strong_peak_scaling,0,0.3117164969444275,True
opxrd_312,142,125,strong_peak_scaling,0,0.3159064650535583,False
opxrd_314,227,227,strong_peak_scaling,0,0.2772325277328491,True
opxrd_315,60,60,strong_peak_scaling,0,0.1902009546756744,True
opxrd_328,63,13,strong_peak_scaling,0,0.0807392746210098,False
opxrd_334,148,148,strong_peak_scaling,0,0.175382450222969,True
opxrd_338,221,225,strong_peak_scaling,0,0.1891377568244934,False
opxrd_343,74,140,strong_peak_scaling,0,0.329993724822998,False
opxrd_344,61,61,strong_peak_scaling,0,0.1764221489429474,True
opxrd_345,85,19,strong_peak_scaling,0,0.3097762763500213,False
opxrd_346,225,225,strong_peak_scaling,0,0.2811954617500305,True
opxrd_347,15,15,strong_peak_scaling,0,0.2086181640625,True
opxrd_350,14,14,strong_peak_scaling,0,0.2639806568622589,True
opxrd_352,15,14,strong_peak_scaling,0,0.3080989122390747,False
opxrd_355,167,2,strong_peak_scaling,0,0.2377748936414718,False
opxrd_357,4,4,strong_peak_scaling,0,0.0342483781278133,True
opxrd_360,227,19,strong_peak_scaling,0,0.023362211883068,False
opxrd_369,121,121,strong_peak_scaling,0,0.2358680069446563,True
opxrd_373,2,14,strong_peak_scaling,0,0.1372265368700027,False
opxrd_379,72,72,strong_peak_scaling,0,0.2764548361301422,True
opxrd_381,161,18,strong_peak_scaling,0,0.250847578048706,False
opxrd_392,29,29,strong_peak_scaling,0,0.1975696980953216,True
opxrd_408,2,2,strong_peak_scaling,0,0.1991181969642639,True
opxrd_410,12,12,strong_peak_scaling,0,0.2264013439416885,True
opxrd_415,14,62,strong_peak_scaling,0,0.1860822886228561,False
opxrd_429,141,227,strong_peak_scaling,0,0.1645707786083221,False
opxrd_433,14,11,strong_peak_scaling,0,0.3013849556446075,False
opxrd_435,140,140,strong_peak_scaling,0,0.3777403235435486,True
opxrd_464,74,74,strong_peak_scaling,0,0.0907961428165435,True
opxrd_467,60,60,strong_peak_scaling,0,0.2013408690690994,True
opxrd_482,14,15,strong_peak_scaling,0,0.2993189990520477,False
opxrd_496,148,148,strong_peak_scaling,0,0.1197448521852493,True
opxrd_503,14,14,strong_peak_scaling,0,0.1289857774972915,True
opxrd_507,87,72,strong_peak_scaling,0,0.308852344751358,False
opxrd_511,19,19,strong_peak_scaling,0,0.2756496667861938,True
opxrd_512,74,15,strong_peak_scaling,0,0.0653750970959663,False
opxrd_513,14,14,strong_peak_scaling,0,0.2470203042030334,True
opxrd_519,148,14,strong_peak_scaling,0,0.2538931965827942,False
opxrd_529,227,227,strong_peak_scaling,0,0.3154976367950439,True
opxrd_531,14,14,strong_peak_scaling,0,0.1253200322389602,True
opxrd_535,164,198,strong_peak_scaling,0,0.1548796445131302,False
opxrd_536,60,62,strong_peak_scaling,0,0.2727372646331787,False
opxrd_540,194,46,strong_peak_scaling,0,0.4034326672554016,False
opxrd_542,58,58,strong_peak_scaling,0,0.1605399549007415,True
opxrd_544,88,88,strong_peak_scaling,0,0.1797511279582977,True
opxrd_545,14,14,strong_peak_scaling,0,0.2096539437770843,True
opxrd_553,62,62,strong_peak_scaling,0,0.2362743467092514,True
opxrd_557,63,15,strong_peak_scaling,0,0.2262085080146789,False
opxrd_558,15,14,strong_peak_scaling,0,0.2741701602935791,False
opxrd_560,129,14,strong_peak_scaling,0,0.2307026535272598,False
opxrd_561,62,62,strong_peak_scaling,0,0.2130057513713836,True
opxrd_564,92,92,strong_peak_scaling,0,0.3194189369678497,True
opxrd_576,176,176,strong_peak_scaling,0,0.2205047160387039,True
opxrd_586,62,15,strong_peak_scaling,0,0.2866417169570923,False
opxrd_588,2,2,strong_peak_scaling,0,0.1594598889350891,True
opxrd_600,14,167,strong_peak_scaling,0,0.3649539053440094,False
opxrd_608,19,205,strong_peak_scaling,0,0.3214190304279327,False
opxrd_613,123,62,strong_peak_scaling,0,0.3192484378814697,False
opxrd_618,129,129,strong_peak_scaling,0,0.2501929104328155,True
opxrd_619,14,14,strong_peak_scaling,0,0.2334762662649154,True
opxrd_624,14,26,strong_peak_scaling,0,0.3010165393352508,False
opxrd_627,74,15,strong_peak_scaling,0,0.1075623333454132,False
opxrd_629,129,129,strong_peak_scaling,0,0.2533823549747467,True
opxrd_631,166,166,strong_peak_scaling,0,0.2533869743347168,True
opxrd_632,166,166,strong_peak_scaling,0,0.2395480871200561,True
opxrd_633,198,227,strong_peak_scaling,0,0.2476919740438461,False
opxrd_634,193,193,strong_peak_scaling,0,0.3524240255355835,True
opxrd_635,2,2,strong_peak_scaling,0,0.3653945326805115,True
opxrd_642,140,140,strong_peak_scaling,0,0.1839500516653061,True
opxrd_646,19,36,strong_peak_scaling,0,0.1565122008323669,False
opxrd_651,14,19,strong_peak_scaling,0,0.0761075168848037,False
opxrd_666,14,60,strong_peak_scaling,0,0.2860159575939178,False
opxrd_667,2,2,strong_peak_scaling,0,0.2493844330310821,True
opxrd_670,15,19,strong_peak_scaling,0,0.1276369541883468,False
opxrd_676,14,14,strong_peak_scaling,0,0.1964420229196548,True
opxrd_677,19,2,strong_peak_scaling,0,0.1224646940827369,False
opxrd_683,2,2,strong_peak_scaling,0,0.1758829355239868,True
opxrd_691,26,26,strong_peak_scaling,0,0.3208714723587036,True
opxrd_695,148,148,strong_peak_scaling,0,0.1586775779724121,True
opxrd_707,191,191,strong_peak_scaling,0,0.2973026037216186,True
opxrd_708,45,45,strong_peak_scaling,0,0.2159435003995895,True
opxrd_710,9,14,strong_peak_scaling,0,0.1961724609136581,False
opxrd_727,2,2,strong_peak_scaling,0,0.1817498952150344,True
opxrd_730,14,9,strong_peak_scaling,0,0.2940314710140228,False
opxrd_735,62,62,strong_peak_scaling,0,0.2233479022979736,True
opxrd_738,61,2,strong_peak_scaling,0,0.1932054460048675,False
opxrd_740,4,26,strong_peak_scaling,0,0.3075290620326996,False
opxrd_742,221,221,strong_peak_scaling,0,0.1728935837745666,True
opxrd_743,72,72,strong_peak_scaling,0,0.2900858223438263,True
opxrd_745,74,74,strong_peak_scaling,0,0.0702078714966774,True
opxrd_749,63,14,strong_peak_scaling,0,0.1403330117464065,False
opxrd_752,36,36,strong_peak_scaling,0,0.2374923825263977,True
opxrd_755,5,200,strong_peak_scaling,0,0.3261331617832184,False
opxrd_756,167,167,strong_peak_scaling,0,0.4015338122844696,True
opxrd_760,14,11,strong_peak_scaling,0,0.2434469759464264,False
opxrd_773,166,166,strong_peak_scaling,0,0.2859546840190887,True
opxrd_779,2,194,strong_peak_scaling,0,0.2756288349628448,False
opxrd_781,74,15,strong_peak_scaling,0,0.0514864884316921,False
opxrd_782,13,13,strong_peak_scaling,0,0.2105365097522735,True
opxrd_787,217,217,strong_peak_scaling,0,0.2206572890281677,True
opxrd_797,12,227,strong_peak_scaling,0,0.2489174008369445,False
opxrd_801,88,15,strong_peak_scaling,0,0.228411003947258,False
opxrd_803,125,125,strong_peak_scaling,0,0.3283145427703857,True
opxrd_805,139,139,strong_peak_scaling,0,0.365392655134201,True
opxrd_808,129,176,strong_peak_scaling,0,0.2061697840690612,False
opxrd_809,62,36,strong_peak_scaling,0,0.1934961527585983,False
opxrd_816,14,14,strong_peak_scaling,0,0.2196967750787735,True
opxrd_817,14,15,strong_peak_scaling,0,0.2954317331314087,False
opxrd_818,191,191,strong_peak_scaling,0,0.2802166938781738,True
opxrd_823,14,14,strong_peak_scaling,0,0.2072148621082306,True
opxrd_824,14,14,strong_peak_scaling,0,0.2545472383499145,True
opxrd_826,125,125,strong_peak_scaling,0,0.270000159740448,True
opxrd_831,223,166,strong_peak_scaling,0,0.201322391629219,False
opxrd_833,139,139,strong_peak_scaling,0,0.3829223811626434,True
opxrd_836,12,2,strong_peak_scaling,0,0.2026004791259765,False
opxrd_850,19,166,strong_peak_scaling,0,0.1771178245544433,False
opxrd_862,225,225,strong_peak_scaling,0,0.2056012451648712,True
opxrd_866,225,225,strong_peak_scaling,0,0.1135508343577385,True
opxrd_871,225,225,strong_peak_scaling,0,0.0911237522959709,True
opxrd_875,225,225,strong_peak_scaling,0,0.1006205379962921,True
opxrd_883,225,225,strong_peak_scaling,0,0.1036421284079551,True
opxrd_885,225,225,strong_peak_scaling,0,0.1285816878080368,True
opxrd_886,225,225,strong_peak_scaling,0,0.1184777021408081,True
opxrd_898,225,225,strong_peak_scaling,0,0.1290272027254104,True
opxrd_901,225,225,strong_peak_scaling,0,0.1160861328244209,True
opxrd_904,225,225,strong_peak_scaling,0,0.1331638097763061,True
opxrd_907,225,225,strong_peak_scaling,0,0.1009959951043129,True
opxrd_910,225,225,strong_peak_scaling,0,0.1197965145111084,True
opxrd_913,225,225,strong_peak_scaling,0,0.0851831138134002,True
opxrd_917,225,225,strong_peak_scaling,0,0.1298554241657257,True
opxrd_927,225,225,strong_peak_scaling,0,0.1800497174263,True
opxrd_930,225,225,strong_peak_scaling,0,0.0910943374037742,True
opxrd_935,225,225,strong_peak_scaling,0,0.1214472204446792,True
opxrd_938,225,225,strong_peak_scaling,0,0.1593662202358245,True
opxrd_943,225,225,strong_peak_scaling,0,0.2024313807487487,True
opxrd_944,225,225,strong_peak_scaling,0,0.1355508416891098,True
opxrd_950,225,225,strong_peak_scaling,0,0.1524796485900879,True
opxrd_958,225,225,strong_peak_scaling,0,0.1367131024599075,True
opxrd_965,225,225,strong_peak_scaling,0,0.1134931594133377,True
opxrd_970,225,225,strong_peak_scaling,0,0.1344773173332214,True
opxrd_983,225,225,strong_peak_scaling,0,0.1271204799413681,True
opxrd_986,225,139,strong_peak_scaling,0,0.2291591912508011,False
opxrd_994,225,225,strong_peak_scaling,0,0.1376064270734787,True
opxrd_998,225,225,strong_peak_scaling,0,0.1425856500864029,True
opxrd_1005,225,225,strong_peak_scaling,0,0.1369989216327667,True
opxrd_1015,225,225,strong_peak_scaling,0,0.0764575153589248,True
opxrd_1016,225,225,strong_peak_scaling,0,0.0650373399257659,True
opxrd_1024,225,225,strong_peak_scaling,0,0.2521397173404693,True
opxrd_1027,225,225,strong_peak_scaling,0,0.1329971104860305,True
opxrd_1037,225,225,strong_peak_scaling,0,0.1237071305513382,True
opxrd_1039,225,225,strong_peak_scaling,0,0.1347467750310897,True
opxrd_1054,225,225,strong_peak_scaling,0,0.1442870795726776,True
opxrd_1058,225,225,strong_peak_scaling,0,0.171287402510643,True
opxrd_1061,225,225,strong_peak_scaling,0,0.1312486976385116,True
opxrd_1067,225,225,strong_peak_scaling,0,0.1347670406103134,True
opxrd_1068,225,225,strong_peak_scaling,0,0.1285210847854614,True
opxrd_1072,225,225,strong_peak_scaling,0,0.1451877355575561,True
opxrd_1079,225,225,strong_peak_scaling,0,0.1266811639070511,True
opxrd_1081,225,225,strong_peak_scaling,0,0.11230980604887,True
opxrd_1082,225,225,strong_peak_scaling,0,0.1186724528670311,True
opxrd_1083,225,225,strong_peak_scaling,0,0.1570431739091873,True
opxrd_1084,225,225,strong_peak_scaling,0,0.1276137828826904,True
opxrd_1087,225,225,strong_peak_scaling,0,0.1336582005023956,True
opxrd_1091,225,225,strong_peak_scaling,0,0.1328429728746414,True
opxrd_1092,225,225,strong_peak_scaling,0,0.0944430753588676,True
opxrd_1094,225,225,strong_peak_scaling,0,0.132978543639183,True
opxrd_1100,225,225,strong_peak_scaling,0,0.1204684972763061,True
opxrd_1105,225,225,strong_peak_scaling,0,0.0814310610294342,True
opxrd_1113,225,225,strong_peak_scaling,0,0.1375540792942047,True
opxrd_1117,225,225,strong_peak_scaling,0,0.1467626690864563,True
opxrd_1118,225,225,strong_peak_scaling,0,0.1395231336355209,True
opxrd_1120,225,225,strong_peak_scaling,0,0.1549954116344452,True
opxrd_1123,225,225,strong_peak_scaling,0,0.1320902109146118,True
opxrd_1126,225,225,strong_peak_scaling,0,0.1304437518119812,True
opxrd_1135,225,225,strong_peak_scaling,0,0.1339669674634933,True
opxrd_1138,225,225,strong_peak_scaling,0,0.1493509709835052,True
opxrd_1140,225,225,strong_peak_scaling,0,0.1405209004878997,True
opxrd_1142,225,225,strong_peak_scaling,0,0.0637492090463638,True
opxrd_1145,225,225,strong_peak_scaling,0,0.1323269456624984,True
opxrd_1152,225,225,strong_peak_scaling,0,0.1235242336988449,True
opxrd_1175,225,225,strong_peak_scaling,0,0.1175659224390983,True
opxrd_1180,225,225,strong_peak_scaling,0,0.1404962390661239,True
opxrd_1183,225,225,strong_peak_scaling,0,0.1281010210514068,True
opxrd_1185,225,225,strong_peak_scaling,0,0.1372873187065124,True
opxrd_1188,225,225,strong_peak_scaling,0,0.1310425698757171,True
opxrd_1190,225,225,strong_peak_scaling,0,0.1277242749929428,True
opxrd_aug_source_715_label_52,53,53,strong_peak_scaling,0,0.2302164286375045,True
opxrd_0,225,217,strong_peak_scaling,1,0.3268962502479553,False
opxrd_1,88,88,strong_peak_scaling,1,0.1977606117725372,True
opxrd_7,61,14,strong_peak_scaling,1,0.2592965960502624,False
opxrd_15,221,63,strong_peak_scaling,1,0.2114830464124679,False
opxrd_22,216,227,strong_peak_scaling,1,0.2622220516204834,False
opxrd_28,15,15,strong_peak_scaling,1,0.083310529589653,True
opxrd_32,14,14,strong_peak_scaling,1,0.2213638126850128,True
opxrd_35,2,60,strong_peak_scaling,1,0.3129642307758331,False
opxrd_36,163,163,strong_peak_scaling,1,0.2454555928707122,True
opxrd_37,11,11,strong_peak_scaling,1,0.2581797838211059,True
opxrd_38,13,2,strong_peak_scaling,1,0.116372600197792,False
opxrd_46,148,148,strong_peak_scaling,1,0.1513039767742157,True
opxrd_53,139,139,strong_peak_scaling,1,0.4004983305931091,True
opxrd_61,14,11,strong_peak_scaling,1,0.1789587140083313,False
opxrd_68,60,60,strong_peak_scaling,1,0.1660723537206649,True
opxrd_76,129,129,strong_peak_scaling,1,0.2881315648555755,True
opxrd_83,2,3,strong_peak_scaling,1,0.2374705225229263,False
opxrd_85,203,203,strong_peak_scaling,1,0.109039694070816,True
opxrd_94,15,15,strong_peak_scaling,1,0.347692608833313,True
opxrd_97,15,2,strong_peak_scaling,1,0.0952556505799293,False
opxrd_98,2,14,strong_peak_scaling,1,0.1421573758125305,False
opxrd_106,11,11,strong_peak_scaling,1,0.2541667222976684,True
opxrd_114,33,72,strong_peak_scaling,1,0.2839667499065399,False
opxrd_119,62,62,strong_peak_scaling,1,0.2399929016828537,True
opxrd_120,4,2,strong_peak_scaling,1,0.314749151468277,False
opxrd_124,19,19,strong_peak_scaling,1,0.1241561621427536,True
opxrd_125,224,225,strong_peak_scaling,1,0.2923682332038879,False
opxrd_127,11,11,strong_peak_scaling,1,0.262000560760498,True
opxrd_150,15,15,strong_peak_scaling,1,0.0693329945206642,True
opxrd_152,14,14,strong_peak_scaling,1,0.2027820646762848,True
opxrd_168,227,227,strong_peak_scaling,1,0.3847298324108124,True
opxrd_170,60,60,strong_peak_scaling,1,0.2259605973958969,True
opxrd_178,193,193,strong_peak_scaling,1,0.3609419465065002,True
opxrd_184,14,14,strong_peak_scaling,1,0.1929723024368286,True
opxrd_187,125,125,strong_peak_scaling,1,0.3159325420856476,True
opxrd_189,2,2,strong_peak_scaling,1,0.3686565160751343,True
opxrd_200,74,15,strong_peak_scaling,1,0.1486262679100036,False
opxrd_201,14,65,strong_peak_scaling,1,0.2513438463211059,False
opxrd_203,71,193,strong_peak_scaling,1,0.3748880624771118,False
opxrd_211,62,62,strong_peak_scaling,1,0.3327336609363556,True
opxrd_212,129,129,strong_peak_scaling,1,0.3014023900032043,True
opxrd_213,74,2,strong_peak_scaling,1,0.1100634709000587,False
opxrd_231,4,4,strong_peak_scaling,1,0.301563948392868,True
opxrd_232,148,166,strong_peak_scaling,1,0.3161984980106354,False
opxrd_239,176,176,strong_peak_scaling,1,0.3452136814594269,True
opxrd_247,19,19,strong_peak_scaling,1,0.2286558598279953,True
opxrd_252,36,36,strong_peak_scaling,1,0.2526051700115204,True
opxrd_255,14,15,strong_peak_scaling,1,0.2236116826534271,False
opxrd_264,60,60,strong_peak_scaling,1,0.2272802144289016,True
opxrd_267,221,2,strong_peak_scaling,1,0.122317150235176,False
opxrd_276,15,60,strong_peak_scaling,1,0.3254584372043609,False
opxrd_283,2,2,strong_peak_scaling,1,0.3727160394191742,True
opxrd_285,33,2,strong_peak_scaling,1,0.284678965806961,False
opxrd_286,129,129,strong_peak_scaling,1,0.2875106036663055,True
opxrd_289,33,33,strong_peak_scaling,1,0.0598611757159233,True
opxrd_294,205,225,strong_peak_scaling,1,0.3426061570644378,False
opxrd_304,14,2,strong_peak_scaling,1,0.25566166639328,False
opxrd_309,15,61,strong_peak_scaling,1,0.1293267607688903,False
opxrd_310,62,62,strong_peak_scaling,1,0.3619465827941894,True
opxrd_312,142,61,strong_peak_scaling,1,0.3188439309597015,False
opxrd_314,227,227,strong_peak_scaling,1,0.2760209739208221,True
opxrd_315,60,60,strong_peak_scaling,1,0.199361652135849,True
opxrd_328,63,13,strong_peak_scaling,1,0.1885714679956436,False
opxrd_334,148,148,strong_peak_scaling,1,0.171806126832962,True
opxrd_338,221,225,strong_peak_scaling,1,0.192925363779068,False
opxrd_343,74,140,strong_peak_scaling,1,0.3115145266056061,False
opxrd_344,61,61,strong_peak_scaling,1,0.2012203931808471,True
opxrd_345,85,19,strong_peak_scaling,1,0.3285411596298218,False
opxrd_346,225,225,strong_peak_scaling,1,0.3123170435428619,True
opxrd_347,15,15,strong_peak_scaling,1,0.2194690704345703,True
opxrd_350,14,14,strong_peak_scaling,1,0.264845997095108,True
opxrd_352,15,14,strong_peak_scaling,1,0.2111556977033615,False
opxrd_355,167,2,strong_peak_scaling,1,0.2050971090793609,False
opxrd_357,4,2,strong_peak_scaling,1,0.1796998828649521,False
opxrd_360,227,14,strong_peak_scaling,1,0.1823659539222717,False
opxrd_369,121,121,strong_peak_scaling,1,0.2345001250505447,True
opxrd_373,2,15,strong_peak_scaling,1,0.1860475093126297,False
opxrd_379,72,72,strong_peak_scaling,1,0.2880522012710571,True
opxrd_381,161,18,strong_peak_scaling,1,0.2466778606176376,False
opxrd_392,29,29,strong_peak_scaling,1,0.213711604475975,True
opxrd_408,2,2,strong_peak_scaling,1,0.1690333634614944,True
opxrd_410,12,12,strong_peak_scaling,1,0.2064540088176727,True
opxrd_415,14,62,strong_peak_scaling,1,0.2360792011022567,False
opxrd_429,141,227,strong_peak_scaling,1,0.1634691059589386,False
opxrd_433,14,11,strong_peak_scaling,1,0.2985062599182129,False
opxrd_435,140,140,strong_peak_scaling,1,0.3755011558532715,True
opxrd_464,74,74,strong_peak_scaling,1,0.0978848114609718,True
opxrd_467,60,60,strong_peak_scaling,1,0.2415704727172851,True
opxrd_482,14,225,strong_peak_scaling,1,0.3050025701522827,False
opxrd_496,148,148,strong_peak_scaling,1,0.1679556220769882,True
opxrd_503,14,2,strong_peak_scaling,1,0.2862634658813476,False
opxrd_507,87,193,strong_peak_scaling,1,0.3208393156528473,False
opxrd_511,19,2,strong_peak_scaling,1,0.2481787353754043,False
opxrd_512,74,74,strong_peak_scaling,1,0.0626011714339256,True
opxrd_513,14,123,strong_peak_scaling,1,0.2356909066438675,False
opxrd_519,148,14,strong_peak_scaling,1,0.2402259409427642,False
opxrd_529,227,227,strong_peak_scaling,1,0.3166958391666412,True
opxrd_531,14,57,strong_peak_scaling,1,0.1732051223516464,False
opxrd_535,164,198,strong_peak_scaling,1,0.2662366032600403,False
opxrd_536,60,139,strong_peak_scaling,1,0.3337967097759247,False
opxrd_540,194,194,strong_peak_scaling,1,0.3512799739837646,True
opxrd_542,58,58,strong_peak_scaling,1,0.137135699391365,True
opxrd_544,88,88,strong_peak_scaling,1,0.2067414373159408,True
opxrd_545,14,14,strong_peak_scaling,1,0.2394520491361618,True
opxrd_553,62,62,strong_peak_scaling,1,0.1948602944612503,True
opxrd_557,63,14,strong_peak_scaling,1,0.1014352440834045,False
opxrd_558,15,14,strong_peak_scaling,1,0.2712174654006958,False
opxrd_560,129,14,strong_peak_scaling,1,0.2009681761264801,False
opxrd_561,62,62,strong_peak_scaling,1,0.1509595662355423,True
opxrd_564,92,92,strong_peak_scaling,1,0.3382321000099182,True
opxrd_576,176,176,strong_peak_scaling,1,0.2245693355798721,True
opxrd_586,62,11,strong_peak_scaling,1,0.2871177792549133,False
opxrd_588,2,2,strong_peak_scaling,1,0.1712748557329177,True
opxrd_600,14,60,strong_peak_scaling,1,0.3078830540180206,False
opxrd_608,19,19,strong_peak_scaling,1,0.3265478610992431,True
opxrd_613,123,62,strong_peak_scaling,1,0.3409892320632934,False
opxrd_618,129,129,strong_peak_scaling,1,0.1490135192871093,True
opxrd_619,14,14,strong_peak_scaling,1,0.242740586400032,True
opxrd_624,14,26,strong_peak_scaling,1,0.3056263029575348,False
opxrd_627,74,74,strong_peak_scaling,1,0.055381491780281,True
opxrd_629,129,129,strong_peak_scaling,1,0.1919562667608261,True
opxrd_631,166,166,strong_peak_scaling,1,0.3051050305366516,True
opxrd_632,166,166,strong_peak_scaling,1,0.2385559529066085,True
opxrd_633,198,227,strong_peak_scaling,1,0.2792612314224243,False
opxrd_634,193,193,strong_peak_scaling,1,0.3362711071968078,True
opxrd_635,2,2,strong_peak_scaling,1,0.3550764322280884,True
opxrd_642,140,140,strong_peak_scaling,1,0.2697795927524566,True
opxrd_646,19,19,strong_peak_scaling,1,0.0509976521134376,True
opxrd_651,14,19,strong_peak_scaling,1,0.0207973085343837,False
opxrd_666,14,167,strong_peak_scaling,1,0.2811132669448852,False
opxrd_667,2,2,strong_peak_scaling,1,0.2292631864547729,True
opxrd_670,15,19,strong_peak_scaling,1,0.1785614490509033,False
opxrd_676,14,14,strong_peak_scaling,1,0.186769425868988,True
opxrd_677,19,2,strong_peak_scaling,1,0.1582786291837692,False
opxrd_683,2,2,strong_peak_scaling,1,0.1858261525630951,True
opxrd_691,26,26,strong_peak_scaling,1,0.3018524944782257,True
opxrd_695,148,148,strong_peak_scaling,1,0.1289533376693725,True
opxrd_707,191,191,strong_peak_scaling,1,0.294188529253006,True
opxrd_708,45,45,strong_peak_scaling,1,0.198583573102951,True
opxrd_710,9,14,strong_peak_scaling,1,0.1781807988882064,False
opxrd_727,2,14,strong_peak_scaling,1,0.1582371145486831,False
opxrd_730,14,14,strong_peak_scaling,1,0.2853292226791382,True
opxrd_735,62,62,strong_peak_scaling,1,0.2204919606447219,True
opxrd_738,61,2,strong_peak_scaling,1,0.2197637408971786,False
opxrd_740,4,19,strong_peak_scaling,1,0.2970417141914367,False
opxrd_742,221,221,strong_peak_scaling,1,0.1391952633857727,True
opxrd_743,72,72,strong_peak_scaling,1,0.2708015739917755,True
opxrd_745,74,74,strong_peak_scaling,1,0.0600078925490379,True
opxrd_749,63,14,strong_peak_scaling,1,0.1508910804986953,False
opxrd_752,36,36,strong_peak_scaling,1,0.2516798377037048,True
opxrd_755,5,15,strong_peak_scaling,1,0.3422324657440185,False
opxrd_756,167,46,strong_peak_scaling,1,0.3965025544166565,False
opxrd_760,14,123,strong_peak_scaling,1,0.27617347240448,False
opxrd_773,166,191,strong_peak_scaling,1,0.2474642395973205,False
opxrd_779,2,70,strong_peak_scaling,1,0.2915282547473907,False
opxrd_781,74,74,strong_peak_scaling,1,0.0674376934766769,True
opxrd_782,13,13,strong_peak_scaling,1,0.2021757662296295,True
opxrd_787,217,217,strong_peak_scaling,1,0.2013102918863296,True
opxrd_797,12,166,strong_peak_scaling,1,0.2365636080503463,False
opxrd_801,88,88,strong_peak_scaling,1,0.233392983675003,True
opxrd_803,125,125,strong_peak_scaling,1,0.3447288274765014,True
opxrd_805,139,139,strong_peak_scaling,1,0.3725514411926269,True
opxrd_808,129,176,strong_peak_scaling,1,0.2049804031848907,False
opxrd_809,62,5,strong_peak_scaling,1,0.2887342274188995,False
opxrd_816,14,2,strong_peak_scaling,1,0.2349045872688293,False
opxrd_817,14,15,strong_peak_scaling,1,0.3084527254104614,False
opxrd_818,191,191,strong_peak_scaling,1,0.2816855907440185,True
opxrd_823,14,14,strong_peak_scaling,1,0.2147307097911834,True
opxrd_824,14,14,strong_peak_scaling,1,0.2605660259723663,True
opxrd_826,125,125,strong_peak_scaling,1,0.334239512681961,True
opxrd_831,223,166,strong_peak_scaling,1,0.1935165375471115,False
opxrd_833,139,139,strong_peak_scaling,1,0.3824707269668579,True
opxrd_836,12,12,strong_peak_scaling,1,0.2237806618213653,True
opxrd_850,19,88,strong_peak_scaling,1,0.2575427591800689,False
opxrd_862,225,225,strong_peak_scaling,1,0.1257283836603164,True
opxrd_866,225,225,strong_peak_scaling,1,0.1128285303711891,True
opxrd_871,225,225,strong_peak_scaling,1,0.0818406194448471,True
opxrd_875,225,139,strong_peak_scaling,1,0.2473582178354263,False
opxrd_883,225,225,strong_peak_scaling,1,0.1062767878174781,True
opxrd_885,225,225,strong_peak_scaling,1,0.1310575306415558,True
opxrd_886,225,225,strong_peak_scaling,1,0.0971745327115058,True
opxrd_898,225,225,strong_peak_scaling,1,0.1294686943292617,True
opxrd_901,225,225,strong_peak_scaling,1,0.1208028793334961,True
opxrd_904,225,225,strong_peak_scaling,1,0.1414535343647003,True
opxrd_907,225,225,strong_peak_scaling,1,0.087509885430336,True
opxrd_910,225,225,strong_peak_scaling,1,0.1197976320981979,True
opxrd_913,225,225,strong_peak_scaling,1,0.0847852304577827,True
opxrd_917,225,225,strong_peak_scaling,1,0.1346450299024582,True
opxrd_927,225,225,strong_peak_scaling,1,0.1231367290019989,True
opxrd_930,225,225,strong_peak_scaling,1,0.0979153588414192,True
opxrd_935,225,225,strong_peak_scaling,1,0.1230753660202026,True
opxrd_938,225,225,strong_peak_scaling,1,0.1310454308986663,True
opxrd_943,225,225,strong_peak_scaling,1,0.1263363063335418,True
opxrd_944,225,225,strong_peak_scaling,1,0.1333461254835128,True
opxrd_950,225,225,strong_peak_scaling,1,0.1457099765539169,True
opxrd_958,225,225,strong_peak_scaling,1,0.1290642768144607,True
opxrd_965,225,225,strong_peak_scaling,1,0.0917649939656257,True
opxrd_970,225,225,strong_peak_scaling,1,0.1477313488721847,True
opxrd_983,225,225,strong_peak_scaling,1,0.1263754069805145,True
opxrd_986,225,225,strong_peak_scaling,1,0.0803294032812118,True
opxrd_994,225,225,strong_peak_scaling,1,0.1360278576612472,True
opxrd_998,225,225,strong_peak_scaling,1,0.1570882201194763,True
opxrd_1005,225,225,strong_peak_scaling,1,0.1441431790590286,True
opxrd_1015,225,225,strong_peak_scaling,1,0.0741902068257331,True
opxrd_1016,225,225,strong_peak_scaling,1,0.0760393589735031,True
opxrd_1024,225,225,strong_peak_scaling,1,0.1202411726117134,True
opxrd_1027,225,225,strong_peak_scaling,1,0.138153001666069,True
opxrd_1037,225,225,strong_peak_scaling,1,0.1210882887244224,True
opxrd_1039,225,225,strong_peak_scaling,1,0.1324654072523117,True
opxrd_1054,225,225,strong_peak_scaling,1,0.1432693600654602,True
opxrd_1058,225,225,strong_peak_scaling,1,0.1320838779211044,True
opxrd_1061,225,225,strong_peak_scaling,1,0.1337185353040695,True
opxrd_1067,225,225,strong_peak_scaling,1,0.1406655311584472,True
opxrd_1068,225,225,strong_peak_scaling,1,0.1310218125581741,True
opxrd_1072,225,225,strong_peak_scaling,1,0.1405877321958542,True
opxrd_1079,225,225,strong_peak_scaling,1,0.1311792880296707,True
opxrd_1081,225,225,strong_peak_scaling,1,0.1092071309685707,True
opxrd_1082,225,225,strong_peak_scaling,1,0.1225904300808906,True
opxrd_1083,225,225,strong_peak_scaling,1,0.1346886754035949,True
opxrd_1084,225,225,strong_peak_scaling,1,0.1277571618556976,True
opxrd_1087,225,225,strong_peak_scaling,1,0.1243046373128891,True
opxrd_1091,225,225,strong_peak_scaling,1,0.1396248638629913,True
opxrd_1092,225,225,strong_peak_scaling,1,0.096748873591423,True
opxrd_1094,225,225,strong_peak_scaling,1,0.1321283876895904,True
opxrd_1100,225,225,strong_peak_scaling,1,0.1828600317239761,True
opxrd_1105,225,225,strong_peak_scaling,1,0.0687014311552047,True
opxrd_1113,225,225,strong_peak_scaling,1,0.1365740299224853,True
opxrd_1117,225,225,strong_peak_scaling,1,0.1343269795179367,True
opxrd_1118,225,225,strong_peak_scaling,1,0.1834906190633773,True
opxrd_1120,225,225,strong_peak_scaling,1,0.1460197865962982,True
opxrd_1123,225,225,strong_peak_scaling,1,0.1318173557519912,True
opxrd_1126,225,225,strong_peak_scaling,1,0.1286357939243316,True
opxrd_1135,225,225,strong_peak_scaling,1,0.1382046490907669,True
opxrd_1138,225,225,strong_peak_scaling,1,0.145565316081047,True
opxrd_1140,225,225,strong_peak_scaling,1,0.1504133641719818,True
opxrd_1142,225,51,strong_peak_scaling,1,0.1414322853088379,False
opxrd_1145,225,225,strong_peak_scaling,1,0.1338098049163818,True
opxrd_1152,225,225,strong_peak_scaling,1,0.1258344799280166,True
opxrd_1175,225,225,strong_peak_scaling,1,0.1104919388890266,True
opxrd_1180,225,225,strong_peak_scaling,1,0.2075265347957611,True
opxrd_1183,225,225,strong_peak_scaling,1,0.1357713490724563,True
opxrd_1185,225,225,strong_peak_scaling,1,0.1459995657205581,True
opxrd_1188,225,225,strong_peak_scaling,1,0.1310992985963821,True
opxrd_1190,225,225,strong_peak_scaling,1,0.1380164474248886,True
opxrd_aug_source_715_label_52,53,53,strong_peak_scaling,1,0.2430938333272934,True
opxrd_0,225,14,strong_peak_scaling,2,0.3008140921592712,False
opxrd_1,88,88,strong_peak_scaling,2,0.1974559128284454,True
opxrd_7,61,2,strong_peak_scaling,2,0.3285218179225921,False
opxrd_15,221,63,strong_peak_scaling,2,0.1564367562532425,False
opxrd_22,216,227,strong_peak_scaling,2,0.3407966792583465,False
opxrd_28,15,15,strong_peak_scaling,2,0.0576078258454799,True
opxrd_32,14,2,strong_peak_scaling,2,0.2214294821023941,False
opxrd_35,2,29,strong_peak_scaling,2,0.3303618133068084,False
opxrd_36,163,163,strong_peak_scaling,2,0.2172508984804153,True
opxrd_37,11,11,strong_peak_scaling,2,0.2316232323646545,True
opxrd_38,13,2,strong_peak_scaling,2,0.1279707551002502,False
opxrd_46,148,148,strong_peak_scaling,2,0.1380689740180969,True
opxrd_53,139,139,strong_peak_scaling,2,0.3896811008453369,True
opxrd_61,14,14,strong_peak_scaling,2,0.2383615970611572,True
opxrd_68,60,60,strong_peak_scaling,2,0.2770526111125946,True
opxrd_76,129,129,strong_peak_scaling,2,0.30410897731781,True
opxrd_83,2,3,strong_peak_scaling,2,0.2433726042509079,False
opxrd_85,203,203,strong_peak_scaling,2,0.1195015609264373,True
opxrd_94,15,15,strong_peak_scaling,2,0.2994813323020935,True
opxrd_97,15,2,strong_peak_scaling,2,0.1210063695907592,False
opxrd_98,2,14,strong_peak_scaling,2,0.1559826582670211,False
opxrd_106,11,11,strong_peak_scaling,2,0.2456142455339431,True
opxrd_114,33,129,strong_peak_scaling,2,0.2947044968605041,False
opxrd_119,62,62,strong_peak_scaling,2,0.1881014257669448,True
opxrd_120,4,2,strong_peak_scaling,2,0.3266297280788421,False
opxrd_124,19,19,strong_peak_scaling,2,0.1102327331900596,True
opxrd_125,224,62,strong_peak_scaling,2,0.3495025634765625,False
opxrd_127,11,11,strong_peak_scaling,2,0.1982044428586959,True
opxrd_150,15,15,strong_peak_scaling,2,0.0557967163622379,True
opxrd_152,14,14,strong_peak_scaling,2,0.2065267711877823,True
opxrd_168,227,227,strong_peak_scaling,2,0.3876182734966278,True
opxrd_170,60,60,strong_peak_scaling,2,0.2731705605983734,True
opxrd_178,193,193,strong_peak_scaling,2,0.3595706522464752,True
opxrd_184,14,14,strong_peak_scaling,2,0.1906916797161102,True
opxrd_187,125,125,strong_peak_scaling,2,0.3357163071632385,True
opxrd_189,2,2,strong_peak_scaling,2,0.3686980009078979,True
opxrd_200,74,15,strong_peak_scaling,2,0.1564102172851562,False
opxrd_201,14,14,strong_peak_scaling,2,0.1573221385478973,True
opxrd_203,71,193,strong_peak_scaling,2,0.3703133761882782,False
opxrd_211,62,62,strong_peak_scaling,2,0.3473258316516876,True
opxrd_212,129,129,strong_peak_scaling,2,0.3434633910655975,True
opxrd_213,74,2,strong_peak_scaling,2,0.1499891728162765,False
opxrd_231,4,4,strong_peak_scaling,2,0.2714646458625793,True
opxrd_232,148,166,strong_peak_scaling,2,0.3032883703708648,False
opxrd_239,176,176,strong_peak_scaling,2,0.3350850641727447,True
opxrd_247,19,19,strong_peak_scaling,2,0.2777832746505737,True
opxrd_252,36,36,strong_peak_scaling,2,0.2157545536756515,True
opxrd_255,14,225,strong_peak_scaling,2,0.2250426560640335,False
opxrd_264,60,60,strong_peak_scaling,2,0.205802321434021,True
opxrd_267,221,2,strong_peak_scaling,2,0.2000690102577209,False
opxrd_276,15,60,strong_peak_scaling,2,0.3119721710681915,False
opxrd_283,2,2,strong_peak_scaling,2,0.3415729105472564,True
opxrd_285,33,2,strong_peak_scaling,2,0.2680040895938873,False
opxrd_286,129,129,strong_peak_scaling,2,0.3151696324348449,True
opxrd_289,33,36,strong_peak_scaling,2,0.0690163597464561,False
opxrd_294,205,205,strong_peak_scaling,2,0.3386771976947784,True
opxrd_304,14,2,strong_peak_scaling,2,0.2242895811796188,False
opxrd_309,15,19,strong_peak_scaling,2,0.168678805232048,False
opxrd_310,62,62,strong_peak_scaling,2,0.3600412905216217,True
opxrd_312,142,125,strong_peak_scaling,2,0.3346292078495025,False
opxrd_314,227,200,strong_peak_scaling,2,0.3141882717609405,False
opxrd_315,60,60,strong_peak_scaling,2,0.1979888677597046,True
opxrd_328,63,14,strong_peak_scaling,2,0.0786958485841751,False
opxrd_334,148,148,strong_peak_scaling,2,0.1714401543140411,True
opxrd_338,221,221,strong_peak_scaling,2,0.1727830022573471,True
opxrd_343,74,140,strong_peak_scaling,2,0.3096251785755157,False
opxrd_344,61,61,strong_peak_scaling,2,0.2251925021409988,True
opxrd_345,85,19,strong_peak_scaling,2,0.3540230393409729,False
opxrd_346,225,225,strong_peak_scaling,2,0.3201727271080017,True
opxrd_347,15,15,strong_peak_scaling,2,0.2338995933532714,True
opxrd_350,14,198,strong_peak_scaling,2,0.2984229326248169,False
opxrd_352,15,60,strong_peak_scaling,2,0.2878553569316864,False
opxrd_355,167,2,strong_peak_scaling,2,0.2525061964988708,False
opxrd_357,4,4,strong_peak_scaling,2,0.061794426292181,True
opxrd_360,227,14,strong_peak_scaling,2,0.0044190431945025,False
opxrd_369,121,121,strong_peak_scaling,2,0.2443191707134246,True
opxrd_373,2,14,strong_peak_scaling,2,0.1809274107217788,False
opxrd_379,72,72,strong_peak_scaling,2,0.2744813859462738,True
opxrd_381,161,198,strong_peak_scaling,2,0.2738741636276245,False
opxrd_392,29,63,strong_peak_scaling,2,0.1893571466207504,False
opxrd_408,2,2,strong_peak_scaling,2,0.1879286766052246,True
opxrd_410,12,225,strong_peak_scaling,2,0.2102312743663787,False
opxrd_415,14,62,strong_peak_scaling,2,0.2330332994461059,False
opxrd_429,141,227,strong_peak_scaling,2,0.1687032878398895,False
opxrd_433,14,11,strong_peak_scaling,2,0.3046709597110748,False
opxrd_435,140,140,strong_peak_scaling,2,0.3632256090641022,True
opxrd_464,74,74,strong_peak_scaling,2,0.0950262323021888,True
opxrd_467,60,60,strong_peak_scaling,2,0.1787916719913482,True
opxrd_482,14,205,strong_peak_scaling,2,0.3095791637897491,False
opxrd_496,148,148,strong_peak_scaling,2,0.1233840882778167,True
opxrd_503,14,148,strong_peak_scaling,2,0.0336441881954669,False
opxrd_507,87,140,strong_peak_scaling,2,0.3446890115737915,False
opxrd_511,19,2,strong_peak_scaling,2,0.2229946255683899,False
opxrd_512,74,74,strong_peak_scaling,2,0.067201092839241,True
opxrd_513,14,14,strong_peak_scaling,2,0.2342781573534011,True
opxrd_519,148,14,strong_peak_scaling,2,0.2477959096431732,False
opxrd_529,227,227,strong_peak_scaling,2,0.3079822361469269,True
opxrd_531,14,52,strong_peak_scaling,2,0.1910945624113083,False
opxrd_535,164,198,strong_peak_scaling,2,0.1840762197971344,False
opxrd_536,60,62,strong_peak_scaling,2,0.3113732039928436,False
opxrd_540,194,194,strong_peak_scaling,2,0.3533737361431122,True
opxrd_542,58,58,strong_peak_scaling,2,0.2072602063417434,True
opxrd_544,88,88,strong_peak_scaling,2,0.187560349702835,True
opxrd_545,14,14,strong_peak_scaling,2,0.2404217720031738,True
opxrd_553,62,62,strong_peak_scaling,2,0.2332794517278671,True
opxrd_557,63,13,strong_peak_scaling,2,0.0888838097453117,False
opxrd_558,15,29,strong_peak_scaling,2,0.2637619078159332,False
opxrd_560,129,14,strong_peak_scaling,2,0.2019360512495041,False
opxrd_561,62,60,strong_peak_scaling,2,0.2129871994256973,False
opxrd_564,92,92,strong_peak_scaling,2,0.3481068015098572,True
opxrd_576,176,176,strong_peak_scaling,2,0.2139477282762527,True
opxrd_586,62,13,strong_peak_scaling,2,0.2650898098945617,False
opxrd_588,2,2,strong_peak_scaling,2,0.1894264370203018,True
opxrd_600,14,19,strong_peak_scaling,2,0.3189254105091095,False
opxrd_608,19,19,strong_peak_scaling,2,0.3232753872871399,True
opxrd_613,123,140,strong_peak_scaling,2,0.3505734205245971,False
opxrd_618,129,129,strong_peak_scaling,2,0.2163790464401245,True
opxrd_619,14,14,strong_peak_scaling,2,0.2399636805057525,True
opxrd_624,14,26,strong_peak_scaling,2,0.3245661556720733,False
opxrd_627,74,15,strong_peak_scaling,2,0.0579846501350402,False
opxrd_629,129,129,strong_peak_scaling,2,0.2478518038988113,True
opxrd_631,166,166,strong_peak_scaling,2,0.2705913782119751,True
opxrd_632,166,166,strong_peak_scaling,2,0.2396886497735977,True
opxrd_633,198,227,strong_peak_scaling,2,0.3286087214946747,False
opxrd_634,193,193,strong_peak_scaling,2,0.3314765989780426,True
opxrd_635,2,2,strong_peak_scaling,2,0.3493709564208984,True
opxrd_642,140,140,strong_peak_scaling,2,0.2934811115264892,True
opxrd_646,19,14,strong_peak_scaling,2,0.1314664036035537,False
opxrd_651,14,14,strong_peak_scaling,2,0.120391733944416,True
opxrd_666,14,60,strong_peak_scaling,2,0.2957487404346466,False
opxrd_667,2,2,strong_peak_scaling,2,0.2688366770744324,True
opxrd_670,15,19,strong_peak_scaling,2,0.1399643123149871,False
opxrd_676,14,14,strong_peak_scaling,2,0.1688444465398788,True
opxrd_677,19,2,strong_peak_scaling,2,0.1772271543741226,False
opxrd_683,2,2,strong_peak_scaling,2,0.1978430896997451,True
opxrd_691,26,216,strong_peak_scaling,2,0.2800245285034179,False
opxrd_695,148,148,strong_peak_scaling,2,0.1275641769170761,True
opxrd_707,191,191,strong_peak_scaling,2,0.2803220748901367,True
opxrd_708,45,45,strong_peak_scaling,2,0.2202001810073852,True
opxrd_710,9,14,strong_peak_scaling,2,0.1792777329683303,False
opxrd_727,2,162,strong_peak_scaling,2,0.1885517239570617,False
opxrd_730,14,14,strong_peak_scaling,2,0.2856719493865967,True
opxrd_735,62,62,strong_peak_scaling,2,0.2661503851413727,True
opxrd_738,61,2,strong_peak_scaling,2,0.2217604517936706,False
opxrd_740,4,14,strong_peak_scaling,2,0.340274840593338,False
opxrd_742,221,19,strong_peak_scaling,2,0.1355066299438476,False
opxrd_743,72,72,strong_peak_scaling,2,0.2635916173458099,True
opxrd_745,74,74,strong_peak_scaling,2,0.0624167621135711,True
opxrd_749,63,14,strong_peak_scaling,2,0.2146784216165542,False
opxrd_752,36,36,strong_peak_scaling,2,0.1948600858449936,True
opxrd_755,5,227,strong_peak_scaling,2,0.3232465088367462,False
opxrd_756,167,167,strong_peak_scaling,2,0.4052021205425262,True
opxrd_760,14,11,strong_peak_scaling,2,0.2409272044897079,False
opxrd_773,166,166,strong_peak_scaling,2,0.287193089723587,True
opxrd_779,2,14,strong_peak_scaling,2,0.2884712219238281,False
opxrd_781,74,74,strong_peak_scaling,2,0.0642149150371551,True
opxrd_782,13,13,strong_peak_scaling,2,0.1874849200248718,True
opxrd_787,217,15,strong_peak_scaling,2,0.2175905853509903,False
opxrd_797,12,166,strong_peak_scaling,2,0.3137818276882171,False
opxrd_801,88,88,strong_peak_scaling,2,0.2302881032228469,True
opxrd_803,125,125,strong_peak_scaling,2,0.3258718848228454,True
opxrd_805,139,139,strong_peak_scaling,2,0.3760472536087036,True
opxrd_808,129,176,strong_peak_scaling,2,0.2060183584690094,False
opxrd_809,62,36,strong_peak_scaling,2,0.1495064198970794,False
opxrd_816,14,14,strong_peak_scaling,2,0.2319627404212951,True
opxrd_817,14,15,strong_peak_scaling,2,0.2918838858604431,False
opxrd_818,191,191,strong_peak_scaling,2,0.294068843126297,True
opxrd_823,14,14,strong_peak_scaling,2,0.1993961483240127,True
opxrd_824,14,14,strong_peak_scaling,2,0.2333432883024215,True
opxrd_826,125,125,strong_peak_scaling,2,0.3396182656288147,True
opxrd_831,223,166,strong_peak_scaling,2,0.2490393072366714,False
opxrd_833,139,139,strong_peak_scaling,2,0.396846204996109,True
opxrd_836,12,14,strong_peak_scaling,2,0.2002250105142593,False
opxrd_850,19,14,strong_peak_scaling,2,0.1770421862602234,False
opxrd_862,225,225,strong_peak_scaling,2,0.1230664923787117,True
opxrd_866,225,225,strong_peak_scaling,2,0.1628211736679077,True
opxrd_871,225,139,strong_peak_scaling,2,0.2058224827051162,False
opxrd_875,225,51,strong_peak_scaling,2,0.2224869281053543,False
opxrd_883,225,225,strong_peak_scaling,2,0.1037125587463378,True
opxrd_885,225,225,strong_peak_scaling,2,0.1284527033567428,True
opxrd_886,225,225,strong_peak_scaling,2,0.08097655326128,True
opxrd_898,225,225,strong_peak_scaling,2,0.1277233213186264,True
opxrd_901,225,139,strong_peak_scaling,2,0.2522174119949341,False
opxrd_904,225,225,strong_peak_scaling,2,0.1365828067064285,True
opxrd_907,225,139,strong_peak_scaling,2,0.2743492424488067,False
opxrd_910,225,225,strong_peak_scaling,2,0.1185589879751205,True
opxrd_913,225,225,strong_peak_scaling,2,0.0780576094985008,True
opxrd_917,225,225,strong_peak_scaling,2,0.136094644665718,True
opxrd_927,225,225,strong_peak_scaling,2,0.1223158538341522,True
opxrd_930,225,225,strong_peak_scaling,2,0.0804101005196571,True
opxrd_935,225,225,strong_peak_scaling,2,0.1209326311945915,True
opxrd_938,225,225,strong_peak_scaling,2,0.1307137757539749,True
opxrd_943,225,225,strong_peak_scaling,2,0.1411988586187362,True
opxrd_944,225,225,strong_peak_scaling,2,0.1334974616765976,True
opxrd_950,225,225,strong_peak_scaling,2,0.1415880471467971,True
opxrd_958,225,225,strong_peak_scaling,2,0.1356413513422012,True
opxrd_965,225,225,strong_peak_scaling,2,0.0920014455914497,True
opxrd_970,225,225,strong_peak_scaling,2,0.1580739766359329,True
opxrd_983,225,225,strong_peak_scaling,2,0.1270959228277206,True
opxrd_986,225,225,strong_peak_scaling,2,0.082386627793312,True
opxrd_994,225,225,strong_peak_scaling,2,0.1356518417596817,True
opxrd_998,225,225,strong_peak_scaling,2,0.1460805386304855,True
opxrd_1005,225,225,strong_peak_scaling,2,0.1404502689838409,True
opxrd_1015,225,225,strong_peak_scaling,2,0.0714576914906501,True
opxrd_1016,225,225,strong_peak_scaling,2,0.0753244310617446,True
opxrd_1024,225,225,strong_peak_scaling,2,0.1239561140537262,True
opxrd_1027,225,225,strong_peak_scaling,2,0.1373755782842636,True
opxrd_1037,225,225,strong_peak_scaling,2,0.123328685760498,True
opxrd_1039,225,225,strong_peak_scaling,2,0.3001248240470886,True
opxrd_1054,225,225,strong_peak_scaling,2,0.1347371041774749,True
opxrd_1058,225,225,strong_peak_scaling,2,0.1339657306671142,True
opxrd_1061,225,225,strong_peak_scaling,2,0.1316263228654861,True
opxrd_1067,225,225,strong_peak_scaling,2,0.1369030475616455,True
opxrd_1068,225,225,strong_peak_scaling,2,0.1269396096467971,True
opxrd_1072,225,225,strong_peak_scaling,2,0.1416379958391189,True
opxrd_1079,225,225,strong_peak_scaling,2,0.1290057748556137,True
opxrd_1081,225,225,strong_peak_scaling,2,0.1159868910908699,True
opxrd_1082,225,225,strong_peak_scaling,2,0.1214442104101181,True
opxrd_1083,225,225,strong_peak_scaling,2,0.1339927464723587,True
opxrd_1084,225,225,strong_peak_scaling,2,0.1292395442724228,True
opxrd_1087,225,225,strong_peak_scaling,2,0.129196748137474,True
opxrd_1091,225,225,strong_peak_scaling,2,0.1688878536224365,True
opxrd_1092,225,225,strong_peak_scaling,2,0.0756055191159248,True
opxrd_1094,225,225,strong_peak_scaling,2,0.1325383335351944,True
opxrd_1100,225,225,strong_peak_scaling,2,0.1494718194007873,True
opxrd_1105,225,225,strong_peak_scaling,2,0.1186698675155639,True
opxrd_1113,225,225,strong_peak_scaling,2,0.135959967970848,True
opxrd_1117,225,225,strong_peak_scaling,2,0.1309134513139724,True
opxrd_1118,225,225,strong_peak_scaling,2,0.1227635443210601,True
opxrd_1120,225,225,strong_peak_scaling,2,0.2206449806690216,True
opxrd_1123,225,225,strong_peak_scaling,2,0.1288302689790725,True
opxrd_1126,225,225,strong_peak_scaling,2,0.1325742602348327,True
opxrd_1135,225,225,strong_peak_scaling,2,0.1357360631227493,True
opxrd_1138,225,225,strong_peak_scaling,2,0.1422251462936401,True
opxrd_1140,225,225,strong_peak_scaling,2,0.2038225829601287,True
opxrd_1142,225,225,strong_peak_scaling,2,0.0989452078938484,True
opxrd_1145,225,225,strong_peak_scaling,2,0.1316336095333099,True
opxrd_1152,225,225,strong_peak_scaling,2,0.1242754235863685,True
opxrd_1175,225,225,strong_peak_scaling,2,0.114461600780487,True
opxrd_1180,225,225,strong_peak_scaling,2,0.1325601041316986,True
opxrd_1183,225,225,strong_peak_scaling,2,0.1334878802299499,True
opxrd_1185,225,225,strong_peak_scaling,2,0.1412328332662582,True
opxrd_1188,225,225,strong_peak_scaling,2,0.1314721256494522,True
opxrd_1190,225,225,strong_peak_scaling,2,0.1304869800806045,True
opxrd_aug_source_715_label_52,53,53,strong_peak_scaling,2,0.2258449345827102,True
opxrd_0,225,217,strong_peak_scaling,3,0.3057099878787994,False
opxrd_1,88,88,strong_peak_scaling,3,0.1979477554559707,True
opxrd_7,61,2,strong_peak_scaling,3,0.2950055599212646,False
opxrd_15,221,63,strong_peak_scaling,3,0.1853290051221847,False
opxrd_22,216,227,strong_peak_scaling,3,0.3082409799098968,False
opxrd_28,15,15,strong_peak_scaling,3,0.0466194711625576,True
opxrd_32,14,11,strong_peak_scaling,3,0.2378340810537338,False
opxrd_35,2,29,strong_peak_scaling,3,0.310689628124237,False
opxrd_36,163,163,strong_peak_scaling,3,0.2442672401666641,True
opxrd_37,11,11,strong_peak_scaling,3,0.2634502053260803,True
opxrd_38,13,14,strong_peak_scaling,3,0.0775932297110557,False
opxrd_46,148,148,strong_peak_scaling,3,0.1317572891712188,True
opxrd_53,139,139,strong_peak_scaling,3,0.4053129553794861,True
opxrd_61,14,14,strong_peak_scaling,3,0.2182762622833252,True
opxrd_68,60,60,strong_peak_scaling,3,0.1779735535383224,True
opxrd_76,129,129,strong_peak_scaling,3,0.2676467299461365,True
opxrd_83,2,19,strong_peak_scaling,3,0.1924992650747299,False
opxrd_85,203,203,strong_peak_scaling,3,0.1191044449806213,True
opxrd_94,15,15,strong_peak_scaling,3,0.3291690349578857,True
opxrd_97,15,19,strong_peak_scaling,3,0.1111377477645874,False
opxrd_98,2,14,strong_peak_scaling,3,0.2120614498853683,False
opxrd_106,11,11,strong_peak_scaling,3,0.2525903284549713,True
opxrd_114,33,72,strong_peak_scaling,3,0.2598636746406555,False
opxrd_119,62,62,strong_peak_scaling,3,0.2436933368444442,True
opxrd_120,4,2,strong_peak_scaling,3,0.3024848997592926,False
opxrd_124,19,19,strong_peak_scaling,3,0.1454077959060669,True
opxrd_125,224,62,strong_peak_scaling,3,0.346281498670578,False
opxrd_127,11,11,strong_peak_scaling,3,0.240125298500061,True
opxrd_150,15,15,strong_peak_scaling,3,0.0547960363328456,True
opxrd_152,14,14,strong_peak_scaling,3,0.1948406547307968,True
opxrd_168,227,227,strong_peak_scaling,3,0.3489576280117035,True
opxrd_170,60,227,strong_peak_scaling,3,0.1877782940864563,False
opxrd_178,193,46,strong_peak_scaling,3,0.3881457149982452,False
opxrd_184,14,14,strong_peak_scaling,3,0.1834386736154556,True
opxrd_187,125,125,strong_peak_scaling,3,0.3403445482254028,True
opxrd_189,2,2,strong_peak_scaling,3,0.3675047755241394,True
opxrd_200,74,2,strong_peak_scaling,3,0.1622384339570999,False
opxrd_201,14,14,strong_peak_scaling,3,0.1006485447287559,True
opxrd_203,71,193,strong_peak_scaling,3,0.3683697879314422,False
opxrd_211,62,62,strong_peak_scaling,3,0.2889052629470825,True
opxrd_212,129,129,strong_peak_scaling,3,0.2344170659780502,True
opxrd_213,74,2,strong_peak_scaling,3,0.1025158539414405,False
opxrd_231,4,4,strong_peak_scaling,3,0.2916091382503509,True
opxrd_232,148,166,strong_peak_scaling,3,0.3043851852416992,False
opxrd_239,176,176,strong_peak_scaling,3,0.3136983215808868,True
opxrd_247,19,19,strong_peak_scaling,3,0.2648125290870666,True
opxrd_252,36,36,strong_peak_scaling,3,0.1413968205451965,True
opxrd_255,14,88,strong_peak_scaling,3,0.183188796043396,False
opxrd_264,60,60,strong_peak_scaling,3,0.1635633260011673,True
opxrd_267,221,2,strong_peak_scaling,3,0.1521124392747879,False
opxrd_276,15,60,strong_peak_scaling,3,0.3321633040904999,False
opxrd_283,2,2,strong_peak_scaling,3,0.3445650339126587,True
opxrd_285,33,2,strong_peak_scaling,3,0.2587252557277679,False
opxrd_286,129,129,strong_peak_scaling,3,0.2583240568637848,True
opxrd_289,33,33,strong_peak_scaling,3,0.1506746411323547,True
opxrd_294,205,205,strong_peak_scaling,3,0.3507971465587616,True
opxrd_304,14,2,strong_peak_scaling,3,0.2307635843753814,False
opxrd_309,15,19,strong_peak_scaling,3,0.1035674735903739,False
opxrd_310,62,62,strong_peak_scaling,3,0.3564023971557617,True
opxrd_312,142,125,strong_peak_scaling,3,0.352040022611618,False
opxrd_314,227,227,strong_peak_scaling,3,0.2605724632740021,True
opxrd_315,60,60,strong_peak_scaling,3,0.2229123711585998,True
opxrd_328,63,61,strong_peak_scaling,3,0.1875536143779754,False
opxrd_334,148,148,strong_peak_scaling,3,0.169302761554718,True
opxrd_338,221,225,strong_peak_scaling,3,0.1499091684818267,False
opxrd_343,74,65,strong_peak_scaling,3,0.3127327263355255,False
opxrd_344,61,61,strong_peak_scaling,3,0.19263856112957,True
opxrd_345,85,29,strong_peak_scaling,3,0.3599429130554199,False
opxrd_346,225,225,strong_peak_scaling,3,0.2841399013996124,True
opxrd_347,15,15,strong_peak_scaling,3,0.1927303522825241,True
opxrd_350,14,14,strong_peak_scaling,3,0.2601693868637085,True
opxrd_352,15,60,strong_peak_scaling,3,0.2947490811347961,False
opxrd_355,167,2,strong_peak_scaling,3,0.3044387698173523,False
opxrd_357,4,4,strong_peak_scaling,3,0.0359861403703689,True
opxrd_360,227,164,strong_peak_scaling,3,0.1520821899175644,False
opxrd_369,121,121,strong_peak_scaling,3,0.2517068982124328,True
opxrd_373,2,2,strong_peak_scaling,3,0.1558129340410232,True
opxrd_379,72,72,strong_peak_scaling,3,0.2925842404365539,True
opxrd_381,161,14,strong_peak_scaling,3,0.2621609568595886,False
opxrd_392,29,29,strong_peak_scaling,3,0.2259114235639572,True
opxrd_408,2,2,strong_peak_scaling,3,0.1694426089525222,True
opxrd_410,12,12,strong_peak_scaling,3,0.246794119477272,True
opxrd_415,14,62,strong_peak_scaling,3,0.2365798056125641,False
opxrd_429,141,227,strong_peak_scaling,3,0.1585143059492111,False
opxrd_433,14,11,strong_peak_scaling,3,0.2974663078784942,False
opxrd_435,140,140,strong_peak_scaling,3,0.3971843719482422,True
opxrd_464,74,74,strong_peak_scaling,3,0.0939149856567382,True
opxrd_467,60,60,strong_peak_scaling,3,0.1495669931173324,True
opxrd_482,14,15,strong_peak_scaling,3,0.3039084672927856,False
opxrd_496,148,148,strong_peak_scaling,3,0.1193355023860931,True
opxrd_503,14,14,strong_peak_scaling,3,0.17237189412117,True
opxrd_507,87,193,strong_peak_scaling,3,0.3038699030876159,False
opxrd_511,19,2,strong_peak_scaling,3,0.2744761407375335,False
opxrd_512,74,74,strong_peak_scaling,3,0.0641886889934539,True
opxrd_513,14,123,strong_peak_scaling,3,0.2243100702762603,False
opxrd_519,148,14,strong_peak_scaling,3,0.2511363625526428,False
opxrd_529,227,227,strong_peak_scaling,3,0.3185504376888275,True
opxrd_531,14,14,strong_peak_scaling,3,0.1655053943395614,True
opxrd_535,164,198,strong_peak_scaling,3,0.2275755107402801,False
opxrd_536,60,62,strong_peak_scaling,3,0.3174183964729309,False
opxrd_540,194,194,strong_peak_scaling,3,0.3533840179443359,True
opxrd_542,58,58,strong_peak_scaling,3,0.1369554102420807,True
opxrd_544,88,88,strong_peak_scaling,3,0.1888057738542556,True
opxrd_545,14,14,strong_peak_scaling,3,0.2290922552347183,True
opxrd_553,62,62,strong_peak_scaling,3,0.2184017300605774,True
opxrd_557,63,13,strong_peak_scaling,3,0.1213619783520698,False
opxrd_558,15,29,strong_peak_scaling,3,0.2769655287265777,False
opxrd_560,129,14,strong_peak_scaling,3,0.193799152970314,False
opxrd_561,62,62,strong_peak_scaling,3,0.1683810800313949,True
opxrd_564,92,125,strong_peak_scaling,3,0.2996454834938049,False
opxrd_576,176,176,strong_peak_scaling,3,0.2141749262809753,True
opxrd_586,62,176,strong_peak_scaling,3,0.3155599236488342,False
opxrd_588,2,2,strong_peak_scaling,3,0.1742774099111557,True
opxrd_600,14,198,strong_peak_scaling,3,0.2646341025829315,False
opxrd_608,19,19,strong_peak_scaling,3,0.3086653351783752,True
opxrd_613,123,139,strong_peak_scaling,3,0.3451963365077972,False
opxrd_618,129,129,strong_peak_scaling,3,0.1896654218435287,True
opxrd_619,14,14,strong_peak_scaling,3,0.2143731415271759,True
opxrd_624,14,26,strong_peak_scaling,3,0.2985089719295501,False
opxrd_627,74,74,strong_peak_scaling,3,0.0570917092263698,True
opxrd_629,129,129,strong_peak_scaling,3,0.2095427811145782,True
opxrd_631,166,166,strong_peak_scaling,3,0.2778233587741852,True
opxrd_632,166,166,strong_peak_scaling,3,0.2331344932317733,True
opxrd_633,198,227,strong_peak_scaling,3,0.3413784503936767,False
opxrd_634,193,193,strong_peak_scaling,3,0.3404267430305481,True
opxrd_635,2,2,strong_peak_scaling,3,0.3713618814945221,True
opxrd_642,140,140,strong_peak_scaling,3,0.2936854660511017,True
opxrd_646,19,43,strong_peak_scaling,3,0.0385737791657447,False
opxrd_651,14,2,strong_peak_scaling,3,0.1951783001422882,False
opxrd_666,14,167,strong_peak_scaling,3,0.2526598870754242,False
opxrd_667,2,2,strong_peak_scaling,3,0.2887358963489532,True
opxrd_670,15,161,strong_peak_scaling,3,0.1639500707387924,False
opxrd_676,14,14,strong_peak_scaling,3,0.1351721137762069,True
opxrd_677,19,2,strong_peak_scaling,3,0.1443542838096618,False
opxrd_683,2,2,strong_peak_scaling,3,0.175635278224945,True
opxrd_691,26,26,strong_peak_scaling,3,0.2942785918712616,True
opxrd_695,148,148,strong_peak_scaling,3,0.1496425718069076,True
opxrd_707,191,191,strong_peak_scaling,3,0.3025231957435608,True
opxrd_708,45,45,strong_peak_scaling,3,0.2654785811901092,True
opxrd_710,9,14,strong_peak_scaling,3,0.1900026351213455,False
opxrd_727,2,162,strong_peak_scaling,3,0.1949629187583923,False
opxrd_730,14,9,strong_peak_scaling,3,0.293690949678421,False
opxrd_735,62,63,strong_peak_scaling,3,0.1727906912565231,False
opxrd_738,61,2,strong_peak_scaling,3,0.2367819845676422,False
opxrd_740,4,163,strong_peak_scaling,3,0.3592441976070404,False
opxrd_742,221,221,strong_peak_scaling,3,0.1688286662101745,True
opxrd_743,72,72,strong_peak_scaling,3,0.2721498906612396,True
opxrd_745,74,15,strong_peak_scaling,3,0.1003562584519386,False
opxrd_749,63,14,strong_peak_scaling,3,0.1232740804553031,False
opxrd_752,36,36,strong_peak_scaling,3,0.2470811605453491,True
opxrd_755,5,125,strong_peak_scaling,3,0.3088654279708862,False
opxrd_756,167,167,strong_peak_scaling,3,0.414451390504837,True
opxrd_760,14,11,strong_peak_scaling,3,0.2552560567855835,False
opxrd_773,166,166,strong_peak_scaling,3,0.2829493284225464,True
opxrd_779,2,33,strong_peak_scaling,3,0.2858834564685821,False
opxrd_781,74,15,strong_peak_scaling,3,0.06465944647789,False
opxrd_782,13,13,strong_peak_scaling,3,0.1709170341491699,True
opxrd_787,217,217,strong_peak_scaling,3,0.2171596437692642,True
opxrd_797,12,164,strong_peak_scaling,3,0.3020409345626831,False
opxrd_801,88,88,strong_peak_scaling,3,0.2123945504426956,True
opxrd_803,125,125,strong_peak_scaling,3,0.3553413450717926,True
opxrd_805,139,139,strong_peak_scaling,3,0.3697234392166137,True
opxrd_808,129,14,strong_peak_scaling,3,0.2368978857994079,False
opxrd_809,62,36,strong_peak_scaling,3,0.2583134770393371,False
opxrd_816,14,29,strong_peak_scaling,3,0.2565686404705047,False
opxrd_817,14,15,strong_peak_scaling,3,0.3304142355918884,False
opxrd_818,191,191,strong_peak_scaling,3,0.2864879965782165,True
opxrd_823,14,19,strong_peak_scaling,3,0.1719135493040084,False
opxrd_824,14,14,strong_peak_scaling,3,0.2751940190792084,True
opxrd_826,125,125,strong_peak_scaling,3,0.3501513600349426,True
opxrd_831,223,166,strong_peak_scaling,3,0.1899905800819397,False
opxrd_833,139,139,strong_peak_scaling,3,0.3915104568004608,True
opxrd_836,12,2,strong_peak_scaling,3,0.203733816742897,False
opxrd_850,19,14,strong_peak_scaling,3,0.1741982102394104,False
opxrd_862,225,225,strong_peak_scaling,3,0.1253541857004165,True
opxrd_866,225,225,strong_peak_scaling,3,0.1276601999998092,True
opxrd_871,225,225,strong_peak_scaling,3,0.0788064673542976,True
opxrd_875,225,51,strong_peak_scaling,3,0.2574969828128814,False
opxrd_883,225,225,strong_peak_scaling,3,0.119443193078041,True
opxrd_885,225,225,strong_peak_scaling,3,0.1366071999073028,True
opxrd_886,225,225,strong_peak_scaling,3,0.096713937819004,True
opxrd_898,225,225,strong_peak_scaling,3,0.1313017010688781,True
opxrd_901,225,225,strong_peak_scaling,3,0.1230985075235366,True
opxrd_904,225,225,strong_peak_scaling,3,0.1380239278078079,True
opxrd_907,225,225,strong_peak_scaling,3,0.1234153285622596,True
opxrd_910,225,225,strong_peak_scaling,3,0.1105991229414939,True
opxrd_913,225,225,strong_peak_scaling,3,0.0735620111227035,True
opxrd_917,225,225,strong_peak_scaling,3,0.1334193348884582,True
opxrd_927,225,225,strong_peak_scaling,3,0.1159584671258926,True
opxrd_930,225,225,strong_peak_scaling,3,0.1415238082408905,True
opxrd_935,225,225,strong_peak_scaling,3,0.1208581551909446,True
opxrd_938,225,225,strong_peak_scaling,3,0.1382647305727005,True
opxrd_943,225,225,strong_peak_scaling,3,0.1438608765602111,True
opxrd_944,225,225,strong_peak_scaling,3,0.1347486525774002,True
opxrd_950,225,225,strong_peak_scaling,3,0.1440131813287735,True
opxrd_958,225,225,strong_peak_scaling,3,0.1253817826509475,True
opxrd_965,225,225,strong_peak_scaling,3,0.1192096844315528,True
opxrd_970,225,225,strong_peak_scaling,3,0.1398684084415435,True
opxrd_983,225,225,strong_peak_scaling,3,0.1399036794900894,True
opxrd_986,225,225,strong_peak_scaling,3,0.0828134045004844,True
opxrd_994,225,225,strong_peak_scaling,3,0.1395308524370193,True
opxrd_998,225,225,strong_peak_scaling,3,0.2300570011138916,True
opxrd_1005,225,225,strong_peak_scaling,3,0.1400308609008789,True
opxrd_1015,225,225,strong_peak_scaling,3,0.089817889034748,True
opxrd_1016,225,225,strong_peak_scaling,3,0.0962716564536094,True
opxrd_1024,225,225,strong_peak_scaling,3,0.1290170699357986,True
opxrd_1027,225,225,strong_peak_scaling,3,0.1345150172710418,True
opxrd_1037,225,225,strong_peak_scaling,3,0.1236783117055893,True
opxrd_1039,225,225,strong_peak_scaling,3,0.1372626274824142,True
opxrd_1054,225,225,strong_peak_scaling,3,0.1428120136260986,True
opxrd_1058,225,225,strong_peak_scaling,3,0.1309446543455124,True
opxrd_1061,225,225,strong_peak_scaling,3,0.1357534676790237,True
opxrd_1067,225,225,strong_peak_scaling,3,0.1326307654380798,True
opxrd_1068,225,225,strong_peak_scaling,3,0.1287684887647628,True
opxrd_1072,225,225,strong_peak_scaling,3,0.2208815515041351,True
opxrd_1079,225,225,strong_peak_scaling,3,0.1259399801492691,True
opxrd_1081,225,225,strong_peak_scaling,3,0.1144898831844329,True
opxrd_1082,225,225,strong_peak_scaling,3,0.1182314455509185,True
opxrd_1083,225,225,strong_peak_scaling,3,0.1320167481899261,True
opxrd_1084,225,225,strong_peak_scaling,3,0.1241948381066322,True
opxrd_1087,225,225,strong_peak_scaling,3,0.159197986125946,True
opxrd_1091,225,225,strong_peak_scaling,3,0.1325375288724899,True
opxrd_1092,225,225,strong_peak_scaling,3,0.0711496770381927,True
opxrd_1094,225,225,strong_peak_scaling,3,0.1468472778797149,True
opxrd_1100,225,225,strong_peak_scaling,3,0.1479143649339676,True
opxrd_1105,225,225,strong_peak_scaling,3,0.0725769251585006,True
opxrd_1113,225,225,strong_peak_scaling,3,0.1347324699163437,True
opxrd_1117,225,225,strong_peak_scaling,3,0.1329309195280075,True
opxrd_1118,225,225,strong_peak_scaling,3,0.1401987671852111,True
opxrd_1120,225,225,strong_peak_scaling,3,0.1414003223180771,True
opxrd_1123,225,225,strong_peak_scaling,3,0.1659041792154312,True
opxrd_1126,225,225,strong_peak_scaling,3,0.1325091272592544,True
opxrd_1135,225,225,strong_peak_scaling,3,0.1300199925899505,True
opxrd_1138,225,225,strong_peak_scaling,3,0.1348509639501571,True
opxrd_1140,225,225,strong_peak_scaling,3,0.1955097019672393,True
opxrd_1142,225,225,strong_peak_scaling,3,0.0815825089812278,True
opxrd_1145,225,225,strong_peak_scaling,3,0.1308183372020721,True
opxrd_1152,225,225,strong_peak_scaling,3,0.1237870082259178,True
opxrd_1175,225,225,strong_peak_scaling,3,0.1632936149835586,True
opxrd_1180,225,225,strong_peak_scaling,3,0.1340486705303192,True
opxrd_1183,225,225,strong_peak_scaling,3,0.1332744807004928,True
opxrd_1185,225,225,strong_peak_scaling,3,0.1354121416807174,True
opxrd_1188,225,225,strong_peak_scaling,3,0.1274585276842117,True
opxrd_1190,225,225,strong_peak_scaling,3,0.1258221715688705,True
opxrd_aug_source_715_label_52,53,53,strong_peak_scaling,3,0.2220719456672668,True
opxrd_0,225,217,strong_peak_scaling,4,0.3240898549556732,False
opxrd_1,88,88,strong_peak_scaling,4,0.2058435231447219,True
opxrd_7,61,2,strong_peak_scaling,4,0.2622762322425842,False
opxrd_15,221,63,strong_peak_scaling,4,0.1661601960659027,False
opxrd_22,216,227,strong_peak_scaling,4,0.3115549981594085,False
opxrd_28,15,15,strong_peak_scaling,4,0.0654438734054565,True
opxrd_32,14,12,strong_peak_scaling,4,0.1427249312400818,False
opxrd_35,2,60,strong_peak_scaling,4,0.2959954142570495,False
opxrd_36,163,163,strong_peak_scaling,4,0.2255567461252212,True
opxrd_37,11,11,strong_peak_scaling,4,0.2449115961790084,True
opxrd_38,13,2,strong_peak_scaling,4,0.1371605992317199,False
opxrd_46,148,148,strong_peak_scaling,4,0.1606941521167755,True
opxrd_53,139,139,strong_peak_scaling,4,0.3989483416080475,True
opxrd_61,14,11,strong_peak_scaling,4,0.189264714717865,False
opxrd_68,60,60,strong_peak_scaling,4,0.2635811865329742,True
opxrd_76,129,129,strong_peak_scaling,4,0.3002435266971588,True
opxrd_83,2,2,strong_peak_scaling,4,0.2224159687757492,True
opxrd_85,203,203,strong_peak_scaling,4,0.1083424538373947,True
opxrd_94,15,88,strong_peak_scaling,4,0.3164437115192413,False
opxrd_97,15,2,strong_peak_scaling,4,0.1038554459810257,False
opxrd_98,2,14,strong_peak_scaling,4,0.2618068158626556,False
opxrd_106,11,11,strong_peak_scaling,4,0.2438206672668457,True
opxrd_114,33,14,strong_peak_scaling,4,0.2756296694278717,False
opxrd_119,62,62,strong_peak_scaling,4,0.1485596895217895,True
opxrd_120,4,2,strong_peak_scaling,4,0.3110329210758209,False
opxrd_124,19,19,strong_peak_scaling,4,0.1158345714211463,True
opxrd_125,224,62,strong_peak_scaling,4,0.3137885332107544,False
opxrd_127,11,11,strong_peak_scaling,4,0.2588397264480591,True
opxrd_150,15,15,strong_peak_scaling,4,0.0676797702908515,True
opxrd_152,14,14,strong_peak_scaling,4,0.2515717148780823,True
opxrd_168,227,227,strong_peak_scaling,4,0.3282388150691986,True
opxrd_170,60,60,strong_peak_scaling,4,0.1996840089559555,True
opxrd_178,193,193,strong_peak_scaling,4,0.3611091673374176,True
opxrd_184,14,14,strong_peak_scaling,4,0.0549421049654483,True
opxrd_187,125,125,strong_peak_scaling,4,0.2887447774410248,True
opxrd_189,2,2,strong_peak_scaling,4,0.3574631214141845,True
opxrd_200,74,2,strong_peak_scaling,4,0.1411512643098831,False
opxrd_201,14,14,strong_peak_scaling,4,0.0716082528233528,True
opxrd_203,71,206,strong_peak_scaling,4,0.3570012748241424,False
opxrd_211,62,62,strong_peak_scaling,4,0.3348995447158813,True
opxrd_212,129,129,strong_peak_scaling,4,0.2958727777004242,True
opxrd_213,74,2,strong_peak_scaling,4,0.1107217594981193,False
opxrd_231,4,4,strong_peak_scaling,4,0.2294923514127731,True
opxrd_232,148,166,strong_peak_scaling,4,0.3192532360553741,False
opxrd_239,176,176,strong_peak_scaling,4,0.3428421914577484,True
opxrd_247,19,19,strong_peak_scaling,4,0.2394755780696869,True
opxrd_252,36,36,strong_peak_scaling,4,0.1654841303825378,True
opxrd_255,14,58,strong_peak_scaling,4,0.1719954907894134,False
opxrd_264,60,60,strong_peak_scaling,4,0.1895840913057327,True
opxrd_267,221,2,strong_peak_scaling,4,0.2039653807878494,False
opxrd_276,15,60,strong_peak_scaling,4,0.3292955756187439,False
opxrd_283,2,2,strong_peak_scaling,4,0.3334421813488006,True
opxrd_285,33,2,strong_peak_scaling,4,0.2784439027309418,False
opxrd_286,129,129,strong_peak_scaling,4,0.2313189357519149,True
opxrd_289,33,33,strong_peak_scaling,4,0.0575908571481704,True
opxrd_294,205,205,strong_peak_scaling,4,0.3510243594646454,True
opxrd_304,14,2,strong_peak_scaling,4,0.2343020588159561,False
opxrd_309,15,19,strong_peak_scaling,4,0.1622230857610702,False
opxrd_310,62,62,strong_peak_scaling,4,0.3031050562858581,True
opxrd_312,142,176,strong_peak_scaling,4,0.3445231914520263,False
opxrd_314,227,227,strong_peak_scaling,4,0.2813463807106018,True
opxrd_315,60,60,strong_peak_scaling,4,0.1991838961839676,True
opxrd_328,63,13,strong_peak_scaling,4,0.0846822932362556,False
opxrd_334,148,148,strong_peak_scaling,4,0.176997572183609,True
opxrd_338,221,225,strong_peak_scaling,4,0.2079977691173553,False
opxrd_343,74,140,strong_peak_scaling,4,0.3086249530315399,False
opxrd_344,61,61,strong_peak_scaling,4,0.1943039745092392,True
opxrd_345,85,19,strong_peak_scaling,4,0.3221834003925323,False
opxrd_346,225,225,strong_peak_scaling,4,0.3003459274768829,True
opxrd_347,15,26,strong_peak_scaling,4,0.2387801706790924,False
opxrd_350,14,14,strong_peak_scaling,4,0.2757813036441803,True
opxrd_352,15,60,strong_peak_scaling,4,0.2439135909080505,False
opxrd_355,167,2,strong_peak_scaling,4,0.2261479049921035,False
opxrd_357,4,4,strong_peak_scaling,4,0.0554166361689567,True
opxrd_360,227,19,strong_peak_scaling,4,0.1044040247797966,False
opxrd_369,121,121,strong_peak_scaling,4,0.2441667318344116,True
opxrd_373,2,163,strong_peak_scaling,4,0.2107737213373184,False
opxrd_379,72,72,strong_peak_scaling,4,0.2691066861152649,True
opxrd_381,161,18,strong_peak_scaling,4,0.2410207390785217,False
opxrd_392,29,14,strong_peak_scaling,4,0.2386002987623214,False
opxrd_408,2,2,strong_peak_scaling,4,0.2056564539670944,True
opxrd_410,12,12,strong_peak_scaling,4,0.2147139608860016,True
opxrd_415,14,62,strong_peak_scaling,4,0.1836475133895874,False
opxrd_429,141,88,strong_peak_scaling,4,0.1909048855304718,False
opxrd_433,14,193,strong_peak_scaling,4,0.2940713465213775,False
opxrd_435,140,140,strong_peak_scaling,4,0.3727205395698547,True
opxrd_464,74,74,strong_peak_scaling,4,0.1083140894770622,True
opxrd_467,60,60,strong_peak_scaling,4,0.2005468904972076,True
opxrd_482,14,225,strong_peak_scaling,4,0.3255613446235657,False
opxrd_496,148,148,strong_peak_scaling,4,0.1324540972709655,True
opxrd_503,14,14,strong_peak_scaling,4,0.1335747689008712,True
opxrd_507,87,186,strong_peak_scaling,4,0.3093704283237457,False
opxrd_511,19,2,strong_peak_scaling,4,0.2616350948810577,False
opxrd_512,74,74,strong_peak_scaling,4,0.0607098117470741,True
opxrd_513,14,123,strong_peak_scaling,4,0.2440148293972015,False
opxrd_519,148,182,strong_peak_scaling,4,0.3014932572841644,False
opxrd_529,227,227,strong_peak_scaling,4,0.311910331249237,True
opxrd_531,14,14,strong_peak_scaling,4,0.0767998248338699,True
opxrd_535,164,198,strong_peak_scaling,4,0.2023506909608841,False
opxrd_536,60,62,strong_peak_scaling,4,0.3164194226264953,False
opxrd_540,194,194,strong_peak_scaling,4,0.3713473677635193,True
opxrd_542,58,58,strong_peak_scaling,4,0.1230529323220253,True
opxrd_544,88,88,strong_peak_scaling,4,0.2211559116840362,True
opxrd_545,14,14,strong_peak_scaling,4,0.1765423864126205,True
opxrd_553,62,62,strong_peak_scaling,4,0.1921895146369934,True
opxrd_557,63,70,strong_peak_scaling,4,0.1998491734266281,False
opxrd_558,15,29,strong_peak_scaling,4,0.2790978550910949,False
opxrd_560,129,14,strong_peak_scaling,4,0.2062136083841323,False
opxrd_561,62,62,strong_peak_scaling,4,0.1641405075788498,True
opxrd_564,92,92,strong_peak_scaling,4,0.360957384109497,True
opxrd_576,176,176,strong_peak_scaling,4,0.2690896391868591,True
opxrd_586,62,11,strong_peak_scaling,4,0.3256756663322449,False
opxrd_588,2,2,strong_peak_scaling,4,0.2185282260179519,True
opxrd_600,14,19,strong_peak_scaling,4,0.2779499292373657,False
opxrd_608,19,61,strong_peak_scaling,4,0.3093691766262054,False
opxrd_613,123,14,strong_peak_scaling,4,0.3385895788669586,False
opxrd_618,129,129,strong_peak_scaling,4,0.2309176921844482,True
opxrd_619,14,14,strong_peak_scaling,4,0.2445310950279235,True
opxrd_624,14,26,strong_peak_scaling,4,0.2776811122894287,False
opxrd_627,74,74,strong_peak_scaling,4,0.0657105073332786,True
opxrd_629,129,129,strong_peak_scaling,4,0.2126191109418869,True
opxrd_631,166,166,strong_peak_scaling,4,0.192439928650856,True
opxrd_632,166,166,strong_peak_scaling,4,0.2305195480585098,True
opxrd_633,198,227,strong_peak_scaling,4,0.318326473236084,False
opxrd_634,193,193,strong_peak_scaling,4,0.3496176600456238,True
opxrd_635,2,2,strong_peak_scaling,4,0.3603704273700714,True
opxrd_642,140,140,strong_peak_scaling,4,0.3448819518089294,True
opxrd_646,19,19,strong_peak_scaling,4,0.1268342137336731,True
opxrd_651,14,14,strong_peak_scaling,4,0.0307191256433725,True
opxrd_666,14,60,strong_peak_scaling,4,0.3036715686321258,False
opxrd_667,2,2,strong_peak_scaling,4,0.2380064576864242,True
opxrd_670,15,19,strong_peak_scaling,4,0.1632431298494339,False
opxrd_676,14,14,strong_peak_scaling,4,0.1476325988769531,True
opxrd_677,19,2,strong_peak_scaling,4,0.1257584989070892,False
opxrd_683,2,2,strong_peak_scaling,4,0.1937136203050613,True
opxrd_691,26,26,strong_peak_scaling,4,0.2987609803676605,True
opxrd_695,148,148,strong_peak_scaling,4,0.1214889958500862,True
opxrd_707,191,191,strong_peak_scaling,4,0.2970279157161712,True
opxrd_708,45,45,strong_peak_scaling,4,0.212356150150299,True
opxrd_710,9,14,strong_peak_scaling,4,0.1753633618354797,False
opxrd_727,2,14,strong_peak_scaling,4,0.2156319171190261,False
opxrd_730,14,14,strong_peak_scaling,4,0.2792690992355346,True
opxrd_735,62,62,strong_peak_scaling,4,0.2085478603839874,True
opxrd_738,61,2,strong_peak_scaling,4,0.2412326335906982,False
opxrd_740,4,205,strong_peak_scaling,4,0.3171159625053406,False
opxrd_742,221,221,strong_peak_scaling,4,0.1691462844610214,True
opxrd_743,72,72,strong_peak_scaling,4,0.2612957954406738,True
opxrd_745,74,74,strong_peak_scaling,4,0.071497730910778,True
opxrd_749,63,14,strong_peak_scaling,4,0.1650024950504303,False
opxrd_752,36,36,strong_peak_scaling,4,0.2441074848175048,True
opxrd_755,5,12,strong_peak_scaling,4,0.3105157017707824,False
opxrd_756,167,167,strong_peak_scaling,4,0.4096495807170868,True
opxrd_760,14,123,strong_peak_scaling,4,0.2712126970291137,False
opxrd_773,166,166,strong_peak_scaling,4,0.2739849686622619,True
opxrd_779,2,14,strong_peak_scaling,4,0.3025726675987243,False
opxrd_781,74,15,strong_peak_scaling,4,0.0520620942115783,False
opxrd_782,13,3,strong_peak_scaling,4,0.2240044474601745,False
opxrd_787,217,217,strong_peak_scaling,4,0.2199168354272842,True
opxrd_797,12,164,strong_peak_scaling,4,0.2879570722579956,False
opxrd_801,88,88,strong_peak_scaling,4,0.2115418612957,True
opxrd_803,125,125,strong_peak_scaling,4,0.3056513667106628,True
opxrd_805,139,139,strong_peak_scaling,4,0.3888320326805115,True
opxrd_808,129,176,strong_peak_scaling,4,0.205606073141098,False
opxrd_809,62,19,strong_peak_scaling,4,0.1401665061712265,False
opxrd_816,14,2,strong_peak_scaling,4,0.1967207193374633,False
opxrd_817,14,26,strong_peak_scaling,4,0.2924162149429321,False
opxrd_818,191,15,strong_peak_scaling,4,0.2158692926168441,False
opxrd_823,14,19,strong_peak_scaling,4,0.1738808006048202,False
opxrd_824,14,14,strong_peak_scaling,4,0.2408151775598526,True
opxrd_826,125,125,strong_peak_scaling,4,0.3519829213619232,True
opxrd_831,223,167,strong_peak_scaling,4,0.2005637437105178,False
opxrd_833,139,139,strong_peak_scaling,4,0.3845424056053161,True
opxrd_836,12,2,strong_peak_scaling,4,0.2333750128746032,False
opxrd_850,19,14,strong_peak_scaling,4,0.1952528208494186,False
opxrd_862,225,225,strong_peak_scaling,4,0.1244693994522094,True
opxrd_866,225,225,strong_peak_scaling,4,0.1142743825912475,True
opxrd_871,225,225,strong_peak_scaling,4,0.0988441109657287,True
opxrd_875,225,225,strong_peak_scaling,4,0.0915094316005706,True
opxrd_883,225,225,strong_peak_scaling,4,0.1036470234394073,True
opxrd_885,225,225,strong_peak_scaling,4,0.1325022578239441,True
opxrd_886,225,225,strong_peak_scaling,4,0.0811496973037719,True
opxrd_898,225,225,strong_peak_scaling,4,0.1287975162267685,True
opxrd_901,225,225,strong_peak_scaling,4,0.1158526763319969,True
opxrd_904,225,225,strong_peak_scaling,4,0.139042317867279,True
opxrd_907,225,225,strong_peak_scaling,4,0.1235726401209831,True
opxrd_910,225,225,strong_peak_scaling,4,0.1189927086234092,True
opxrd_913,225,225,strong_peak_scaling,4,0.0753763541579246,True
opxrd_917,225,225,strong_peak_scaling,4,0.1333707123994827,True
opxrd_927,225,225,strong_peak_scaling,4,0.1280437111854553,True
opxrd_930,225,225,strong_peak_scaling,4,0.1093490496277809,True
opxrd_935,225,225,strong_peak_scaling,4,0.1235294789075851,True
opxrd_938,225,225,strong_peak_scaling,4,0.1299892365932464,True
opxrd_943,225,225,strong_peak_scaling,4,0.1317999958992004,True
opxrd_944,225,225,strong_peak_scaling,4,0.1348100453615188,True
opxrd_950,225,225,strong_peak_scaling,4,0.147474855184555,True
opxrd_958,225,225,strong_peak_scaling,4,0.1286017894744873,True
opxrd_965,225,225,strong_peak_scaling,4,0.0933577567338943,True
opxrd_970,225,225,strong_peak_scaling,4,0.1454780399799347,True
opxrd_983,225,225,strong_peak_scaling,4,0.1278576850891113,True
opxrd_986,225,225,strong_peak_scaling,4,0.0829181149601936,True
opxrd_994,225,225,strong_peak_scaling,4,0.1368075907230377,True
opxrd_998,225,225,strong_peak_scaling,4,0.1422001719474792,True
opxrd_1005,225,225,strong_peak_scaling,4,0.1408440023660659,True
opxrd_1015,225,225,strong_peak_scaling,4,0.0750615745782852,True
opxrd_1016,225,225,strong_peak_scaling,4,0.0780960544943809,True
opxrd_1024,225,225,strong_peak_scaling,4,0.1213223934173584,True
opxrd_1027,225,225,strong_peak_scaling,4,0.1341557502746582,True
opxrd_1037,225,225,strong_peak_scaling,4,0.1245991364121437,True
opxrd_1039,225,225,strong_peak_scaling,4,0.1801775842905044,True
opxrd_1054,225,225,strong_peak_scaling,4,0.160718947649002,True
opxrd_1058,225,225,strong_peak_scaling,4,0.1656478196382522,True
opxrd_1061,225,225,strong_peak_scaling,4,0.1352434605360031,True
opxrd_1067,225,225,strong_peak_scaling,4,0.1333653330802917,True
opxrd_1068,225,225,strong_peak_scaling,4,0.1315104514360427,True
opxrd_1072,225,225,strong_peak_scaling,4,0.1412227600812912,True
opxrd_1079,225,225,strong_peak_scaling,4,0.1264450550079345,True
opxrd_1081,225,225,strong_peak_scaling,4,0.1130920797586441,True
opxrd_1082,225,225,strong_peak_scaling,4,0.1186119318008422,True
opxrd_1083,225,225,strong_peak_scaling,4,0.1372923403978347,True
opxrd_1084,225,225,strong_peak_scaling,4,0.1274784952402115,True
opxrd_1087,225,225,strong_peak_scaling,4,0.1305151581764221,True
opxrd_1091,225,225,strong_peak_scaling,4,0.1438769847154617,True
opxrd_1092,225,225,strong_peak_scaling,4,0.0994067788124084,True
opxrd_1094,225,225,strong_peak_scaling,4,0.1341591775417328,True
opxrd_1100,225,225,strong_peak_scaling,4,0.1179972812533378,True
opxrd_1105,225,225,strong_peak_scaling,4,0.0695704743266105,True
opxrd_1113,225,225,strong_peak_scaling,4,0.1378554254770279,True
opxrd_1117,225,225,strong_peak_scaling,4,0.1389418542385101,True
opxrd_1118,225,225,strong_peak_scaling,4,0.147246167063713,True
opxrd_1120,225,225,strong_peak_scaling,4,0.1610331833362579,True
opxrd_1123,225,225,strong_peak_scaling,4,0.1324366480112075,True
opxrd_1126,225,225,strong_peak_scaling,4,0.1356666535139084,True
opxrd_1135,225,225,strong_peak_scaling,4,0.1351432502269745,True
opxrd_1138,225,225,strong_peak_scaling,4,0.1454866826534271,True
opxrd_1140,225,225,strong_peak_scaling,4,0.1354031264781952,True
opxrd_1142,225,225,strong_peak_scaling,4,0.0660576149821281,True
opxrd_1145,225,225,strong_peak_scaling,4,0.1356573402881622,True
opxrd_1152,225,225,strong_peak_scaling,4,0.1334676891565323,True
opxrd_1175,225,225,strong_peak_scaling,4,0.107028417289257,True
opxrd_1180,225,225,strong_peak_scaling,4,0.1380436569452285,True
opxrd_1183,225,225,strong_peak_scaling,4,0.1296145021915435,True
opxrd_1185,225,225,strong_peak_scaling,4,0.200542464852333,True
opxrd_1188,225,225,strong_peak_scaling,4,0.1257136017084121,True
opxrd_1190,225,225,strong_peak_scaling,4,0.1251691281795501,True
opxrd_aug_source_715_label_52,53,53,strong_peak_scaling,4,0.2371505349874496,True
opxrd_0,225,217,peak_elimination,0,0.3121546804904938,False
opxrd_1,88,15,peak_elimination,0,0.2881433665752411,False
opxrd_7,61,129,peak_elimination,0,0.2957221865653991,False
opxrd_15,221,63,peak_elimination,0,0.1523458808660507,False
opxrd_22,216,227,peak_elimination,0,0.2777397930622101,False
opxrd_28,15,15,peak_elimination,0,0.0746803134679794,True
opxrd_32,14,12,peak_elimination,0,0.1294649690389633,False
opxrd_35,2,14,peak_elimination,0,0.2769167423248291,False
opxrd_36,163,163,peak_elimination,0,0.2387775033712387,True
opxrd_37,11,11,peak_elimination,0,0.2487783282995224,True
opxrd_38,13,2,peak_elimination,0,0.1186375543475151,False
opxrd_46,148,148,peak_elimination,0,0.1499923765659332,True
opxrd_53,139,139,peak_elimination,0,0.3974322080612182,True
opxrd_61,14,14,peak_elimination,0,0.2278224378824234,True
opxrd_68,60,60,peak_elimination,0,0.1605831235647201,True
opxrd_76,129,129,peak_elimination,0,0.2687865793704986,True
opxrd_83,2,19,peak_elimination,0,0.1760696768760681,False
opxrd_85,203,203,peak_elimination,0,0.1136879995465278,True
opxrd_94,15,15,peak_elimination,0,0.2984541952610016,True
opxrd_97,15,19,peak_elimination,0,0.1098750680685043,False
opxrd_98,2,14,peak_elimination,0,0.187650665640831,False
opxrd_106,11,11,peak_elimination,0,0.2412945479154586,True
opxrd_114,33,62,peak_elimination,0,0.2527084052562713,False
opxrd_119,62,62,peak_elimination,0,0.1914082616567611,True
opxrd_120,4,2,peak_elimination,0,0.2983215749263763,False
opxrd_124,19,19,peak_elimination,0,0.1603882759809494,True
opxrd_125,224,14,peak_elimination,0,0.3411979377269745,False
opxrd_127,11,11,peak_elimination,0,0.2755904495716095,True
opxrd_150,15,74,peak_elimination,0,0.0594869516789913,False
opxrd_152,14,14,peak_elimination,0,0.2218973636627197,True
opxrd_168,227,227,peak_elimination,0,0.2824618816375732,True
opxrd_170,60,60,peak_elimination,0,0.3049610257148742,True
opxrd_178,193,166,peak_elimination,0,0.3802091777324676,False
opxrd_184,14,14,peak_elimination,0,0.0529617629945278,True
opxrd_187,125,125,peak_elimination,0,0.3038061559200287,True
opxrd_189,2,2,peak_elimination,0,0.3563240766525268,True
opxrd_200,74,19,peak_elimination,0,0.1695697605609893,False
opxrd_201,14,14,peak_elimination,0,0.0702436417341232,True
opxrd_203,71,193,peak_elimination,0,0.3560766577720642,False
opxrd_211,62,62,peak_elimination,0,0.3394889831542969,True
opxrd_212,129,129,peak_elimination,0,0.296828955411911,True
opxrd_213,74,2,peak_elimination,0,0.1018108278512954,False
opxrd_231,4,4,peak_elimination,0,0.2592000365257263,True
opxrd_232,148,88,peak_elimination,0,0.2967470586299896,False
opxrd_239,176,5,peak_elimination,0,0.2743581235408783,False
opxrd_247,19,19,peak_elimination,0,0.2492609471082687,True
opxrd_252,36,36,peak_elimination,0,0.1349152326583862,True
opxrd_255,14,15,peak_elimination,0,0.2112296819686889,False
opxrd_264,60,60,peak_elimination,0,0.1746309697628021,True
opxrd_267,221,2,peak_elimination,0,0.1354181915521621,False
opxrd_276,15,60,peak_elimination,0,0.3070428669452667,False
opxrd_283,2,2,peak_elimination,0,0.356086790561676,True
opxrd_285,33,2,peak_elimination,0,0.2497384548187255,False
opxrd_286,129,129,peak_elimination,0,0.3124653697013855,True
opxrd_289,33,33,peak_elimination,0,0.0597293190658092,True
opxrd_294,205,205,peak_elimination,0,0.363785982131958,True
opxrd_304,14,2,peak_elimination,0,0.2334906607866287,False
opxrd_309,15,198,peak_elimination,0,0.0730183720588684,False
opxrd_310,62,62,peak_elimination,0,0.3235538899898529,True
opxrd_312,142,148,peak_elimination,0,0.3052065074443817,False
opxrd_314,227,227,peak_elimination,0,0.2343646138906479,True
opxrd_315,60,60,peak_elimination,0,0.2356070429086685,True
opxrd_328,63,13,peak_elimination,0,0.0756762847304344,False
opxrd_334,148,148,peak_elimination,0,0.1755201816558838,True
opxrd_338,221,225,peak_elimination,0,0.1608904898166656,False
opxrd_343,74,65,peak_elimination,0,0.3184803128242492,False
opxrd_344,61,61,peak_elimination,0,0.1957229524850845,True
opxrd_345,85,19,peak_elimination,0,0.2652844786643982,False
opxrd_346,225,225,peak_elimination,0,0.2826484739780426,True
opxrd_347,15,15,peak_elimination,0,0.2194269895553589,True
opxrd_350,14,33,peak_elimination,0,0.2885847389698028,False
opxrd_352,15,60,peak_elimination,0,0.2616956830024719,False
opxrd_355,167,70,peak_elimination,0,0.2240570187568664,False
opxrd_357,4,4,peak_elimination,0,0.0325668714940547,True
opxrd_360,227,19,peak_elimination,0,0.0040156105533242,False
opxrd_369,121,121,peak_elimination,0,0.230282187461853,True
opxrd_373,2,15,peak_elimination,0,0.201893612742424,False
opxrd_379,72,72,peak_elimination,0,0.2572723925113678,True
opxrd_381,161,18,peak_elimination,0,0.2284729927778244,False
opxrd_392,29,12,peak_elimination,0,0.2237787246704101,False
opxrd_408,2,2,peak_elimination,0,0.1286253631114959,True
opxrd_410,12,12,peak_elimination,0,0.2166503518819809,True
opxrd_415,14,62,peak_elimination,0,0.2004145979881286,False
opxrd_429,141,15,peak_elimination,0,0.1721047312021255,False
opxrd_433,14,11,peak_elimination,0,0.2955009639263153,False
opxrd_435,140,140,peak_elimination,0,0.3708736598491668,True
opxrd_464,74,74,peak_elimination,0,0.1002527102828025,True
opxrd_467,60,60,peak_elimination,0,0.298168271780014,True
opxrd_482,14,15,peak_elimination,0,0.2704907357692718,False
opxrd_496,148,148,peak_elimination,0,0.1330152153968811,True
opxrd_503,14,14,peak_elimination,0,0.0422583222389221,True
opxrd_507,87,15,peak_elimination,0,0.2432303428649902,False
opxrd_511,19,26,peak_elimination,0,0.2949070334434509,False
opxrd_512,74,15,peak_elimination,0,0.0600835792720317,False
opxrd_513,14,14,peak_elimination,0,0.2282525449991226,True
opxrd_519,148,15,peak_elimination,0,0.2907063663005829,False
opxrd_529,227,227,peak_elimination,0,0.3240959346294403,True
opxrd_531,14,14,peak_elimination,0,0.0694430768489837,True
opxrd_535,164,63,peak_elimination,0,0.213529959321022,False
opxrd_536,60,62,peak_elimination,0,0.2826560437679291,False
opxrd_540,194,194,peak_elimination,0,0.3529045283794403,True
opxrd_542,58,58,peak_elimination,0,0.1285270303487777,True
opxrd_544,88,88,peak_elimination,0,0.1921119391918182,True
opxrd_545,14,14,peak_elimination,0,0.2267902344465255,True
opxrd_553,62,225,peak_elimination,0,0.2792025208473205,False
opxrd_557,63,13,peak_elimination,0,0.0660083442926406,False
opxrd_558,15,129,peak_elimination,0,0.3250434696674347,False
opxrd_560,129,14,peak_elimination,0,0.1814209073781967,False
opxrd_561,62,62,peak_elimination,0,0.1200826615095138,True
opxrd_564,92,92,peak_elimination,0,0.3773671090602875,True
opxrd_576,176,176,peak_elimination,0,0.2179540395736694,True
opxrd_586,62,15,peak_elimination,0,0.2708918154239654,False
opxrd_588,2,2,peak_elimination,0,0.1637559533119201,True
opxrd_600,14,4,peak_elimination,0,0.2690328955650329,False
opxrd_608,19,19,peak_elimination,0,0.3111649751663208,True
opxrd_613,123,139,peak_elimination,0,0.3411533832550049,False
opxrd_618,129,129,peak_elimination,0,0.1588667929172516,True
opxrd_619,14,14,peak_elimination,0,0.238775297999382,True
opxrd_624,14,69,peak_elimination,0,0.2992816865444183,False
opxrd_627,74,74,peak_elimination,0,0.1246153339743614,True
opxrd_629,129,129,peak_elimination,0,0.1653879731893539,True
opxrd_631,166,166,peak_elimination,0,0.2565053105354309,True
opxrd_632,166,166,peak_elimination,0,0.2488349974155426,True
opxrd_633,198,227,peak_elimination,0,0.284345805644989,False
opxrd_634,193,193,peak_elimination,0,0.3514403998851776,True
opxrd_635,2,2,peak_elimination,0,0.355439156293869,True
opxrd_642,140,140,peak_elimination,0,0.2897386252880096,True
opxrd_646,19,19,peak_elimination,0,0.0439068488776683,True
opxrd_651,14,14,peak_elimination,0,0.0129206487908959,True
opxrd_666,14,14,peak_elimination,0,0.2725597620010376,True
opxrd_667,2,2,peak_elimination,0,0.1850444227457046,True
opxrd_670,15,129,peak_elimination,0,0.1962267160415649,False
opxrd_676,14,14,peak_elimination,0,0.1143671199679374,True
opxrd_677,19,2,peak_elimination,0,0.1434361338615417,False
opxrd_683,2,2,peak_elimination,0,0.1694642007350921,True
opxrd_691,26,26,peak_elimination,0,0.2761565148830414,True
opxrd_695,148,148,peak_elimination,0,0.1288025081157684,True
opxrd_707,191,191,peak_elimination,0,0.2944640517234802,True
opxrd_708,45,45,peak_elimination,0,0.2178854942321777,True
opxrd_710,9,14,peak_elimination,0,0.169539213180542,False
opxrd_727,2,162,peak_elimination,0,0.160555899143219,False
opxrd_730,14,14,peak_elimination,0,0.2881291508674621,True
opxrd_735,62,62,peak_elimination,0,0.1896979957818985,True
opxrd_738,61,2,peak_elimination,0,0.1946326345205307,False
opxrd_740,4,14,peak_elimination,0,0.3130258023738861,False
opxrd_742,221,221,peak_elimination,0,0.1573109626770019,True
opxrd_743,72,15,peak_elimination,0,0.2711900174617767,False
opxrd_745,74,15,peak_elimination,0,0.0656466633081436,False
opxrd_749,63,52,peak_elimination,0,0.135470762848854,False
opxrd_752,36,36,peak_elimination,0,0.1278792768716812,True
opxrd_755,5,200,peak_elimination,0,0.3353975415229797,False
opxrd_756,167,167,peak_elimination,0,0.4124753177165985,True
opxrd_760,14,11,peak_elimination,0,0.2633997797966003,False
opxrd_773,166,166,peak_elimination,0,0.2942915558815002,True
opxrd_779,2,198,peak_elimination,0,0.3094199001789093,False
opxrd_781,74,15,peak_elimination,0,0.0700777471065521,False
opxrd_782,13,13,peak_elimination,0,0.1715291291475296,True
opxrd_787,217,217,peak_elimination,0,0.2585669755935669,True
opxrd_797,12,15,peak_elimination,0,0.2939347624778747,False
opxrd_801,88,227,peak_elimination,0,0.3016541004180908,False
opxrd_803,125,125,peak_elimination,0,0.3357875347137451,True
opxrd_805,139,74,peak_elimination,0,0.3484296500682831,False
opxrd_808,129,176,peak_elimination,0,0.2126719355583191,False
opxrd_809,62,14,peak_elimination,0,0.0500083267688751,False
opxrd_816,14,14,peak_elimination,0,0.2372993528842926,True
opxrd_817,14,15,peak_elimination,0,0.3011945188045501,False
opxrd_818,191,14,peak_elimination,0,0.2373543083667755,False
opxrd_823,14,14,peak_elimination,0,0.2324738800525665,True
opxrd_824,14,14,peak_elimination,0,0.2189950793981552,True
opxrd_826,125,125,peak_elimination,0,0.3527189791202545,True
opxrd_831,223,19,peak_elimination,0,0.2909268736839294,False
opxrd_833,139,139,peak_elimination,0,0.3961335122585296,True
opxrd_836,12,2,peak_elimination,0,0.2062215954065323,False
opxrd_850,19,2,peak_elimination,0,0.176881194114685,False
opxrd_862,225,227,peak_elimination,0,0.3261062204837799,False
opxrd_866,225,225,peak_elimination,0,0.1181557178497314,True
opxrd_871,225,225,peak_elimination,0,0.0738482624292373,True
opxrd_875,225,225,peak_elimination,0,0.0852049738168716,True
opxrd_883,225,225,peak_elimination,0,0.1175983995199203,True
opxrd_885,225,225,peak_elimination,0,0.1733673810958862,True
opxrd_886,225,225,peak_elimination,0,0.2163070738315582,True
opxrd_898,225,225,peak_elimination,0,0.2682425677776336,True
opxrd_901,225,225,peak_elimination,0,0.1225291490554809,True
opxrd_904,225,225,peak_elimination,0,0.1403396874666214,True
opxrd_907,225,225,peak_elimination,0,0.1409728676080703,True
opxrd_910,225,225,peak_elimination,0,0.1191181391477584,True
opxrd_913,225,191,peak_elimination,0,0.1893456727266311,False
opxrd_917,225,225,peak_elimination,0,0.1403182446956634,True
opxrd_927,225,225,peak_elimination,0,0.2982794642448425,True
opxrd_930,225,225,peak_elimination,0,0.0999611616134643,True
opxrd_935,225,225,peak_elimination,0,0.1237951666116714,True
opxrd_938,225,139,peak_elimination,0,0.3782038390636444,False
opxrd_943,225,62,peak_elimination,0,0.3175413608551025,False
opxrd_944,225,225,peak_elimination,0,0.1389212906360626,True
opxrd_950,225,139,peak_elimination,0,0.3176507651805877,False
opxrd_958,225,225,peak_elimination,0,0.1269499212503433,True
opxrd_965,225,225,peak_elimination,0,0.2152568101882934,True
opxrd_970,225,225,peak_elimination,0,0.1494815945625305,True
opxrd_983,225,225,peak_elimination,0,0.1350859552621841,True
opxrd_986,225,225,peak_elimination,0,0.0827650129795074,True
opxrd_994,225,225,peak_elimination,0,0.2699306607246399,True
opxrd_998,225,225,peak_elimination,0,0.1532434970140457,True
opxrd_1005,225,225,peak_elimination,0,0.1449025720357895,True
opxrd_1015,225,225,peak_elimination,0,0.0816180258989334,True
opxrd_1016,225,225,peak_elimination,0,0.0904699563980102,True
opxrd_1024,225,225,peak_elimination,0,0.1428030133247375,True
opxrd_1027,225,225,peak_elimination,0,0.2916206419467926,True
opxrd_1037,225,225,peak_elimination,0,0.1317493915557861,True
opxrd_1039,225,139,peak_elimination,0,0.3267719447612762,False
opxrd_1054,225,225,peak_elimination,0,0.1537811905145645,True
opxrd_1058,225,225,peak_elimination,0,0.1327583789825439,True
opxrd_1061,225,51,peak_elimination,0,0.2852533161640167,False
opxrd_1067,225,225,peak_elimination,0,0.1449387371540069,True
opxrd_1068,225,225,peak_elimination,0,0.1396193653345108,True
opxrd_1072,225,225,peak_elimination,0,0.1371510624885559,True
opxrd_1079,225,225,peak_elimination,0,0.1345013529062271,True
opxrd_1081,225,225,peak_elimination,0,0.1163876056671142,True
opxrd_1082,225,139,peak_elimination,0,0.2668690383434295,False
opxrd_1083,225,225,peak_elimination,0,0.2820489108562469,True
opxrd_1084,225,139,peak_elimination,0,0.3048078417778015,False
opxrd_1087,225,62,peak_elimination,0,0.305777907371521,False
opxrd_1091,225,51,peak_elimination,0,0.2534298300743103,False
opxrd_1092,225,225,peak_elimination,0,0.0856367424130439,True
opxrd_1094,225,225,peak_elimination,0,0.1639939993619918,True
opxrd_1100,225,225,peak_elimination,0,0.1139430329203605,True
opxrd_1105,225,225,peak_elimination,0,0.0841137766838073,True
opxrd_1113,225,225,peak_elimination,0,0.3071661591529846,True
opxrd_1117,225,225,peak_elimination,0,0.140333279967308,True
opxrd_1118,225,225,peak_elimination,0,0.1311793476343155,True
opxrd_1120,225,225,peak_elimination,0,0.1453324109315872,True
opxrd_1123,225,225,peak_elimination,0,0.1330206841230392,True
opxrd_1126,225,225,peak_elimination,0,0.1321761906147003,True
opxrd_1135,225,225,peak_elimination,0,0.1392637640237808,True
opxrd_1138,225,225,peak_elimination,0,0.1495557427406311,True
opxrd_1140,225,139,peak_elimination,0,0.3756513893604278,False
opxrd_1142,225,51,peak_elimination,0,0.2539937496185303,False
opxrd_1145,225,225,peak_elimination,0,0.1815086305141449,True
opxrd_1152,225,225,peak_elimination,0,0.1299287229776382,True
opxrd_1175,225,225,peak_elimination,0,0.0986581295728683,True
opxrd_1180,225,225,peak_elimination,0,0.1458038538694381,True
opxrd_1183,225,225,peak_elimination,0,0.2465479969978332,True
opxrd_1185,225,225,peak_elimination,0,0.1464152485132217,True
opxrd_1188,225,225,peak_elimination,0,0.1335574388504028,True
opxrd_1190,225,225,peak_elimination,0,0.1352547407150268,True
opxrd_aug_source_715_label_52,53,53,peak_elimination,0,0.2142489403486251,True
opxrd_0,225,217,peak_elimination,1,0.3035415410995483,False
opxrd_1,88,227,peak_elimination,1,0.3030988276004791,False
opxrd_7,61,129,peak_elimination,1,0.2784870564937591,False
opxrd_15,221,140,peak_elimination,1,0.2838336527347564,False
opxrd_22,216,227,peak_elimination,1,0.2717530131340027,False
opxrd_28,15,15,peak_elimination,1,0.120739571750164,True
opxrd_32,14,12,peak_elimination,1,0.1287511438131332,False
opxrd_35,2,14,peak_elimination,1,0.2833816707134247,False
opxrd_36,163,163,peak_elimination,1,0.2300624251365661,True
opxrd_37,11,11,peak_elimination,1,0.1821752786636352,True
opxrd_38,13,2,peak_elimination,1,0.0911477506160736,False
opxrd_46,148,148,peak_elimination,1,0.1374472081661224,True
opxrd_53,139,139,peak_elimination,1,0.37552011013031,True
opxrd_61,14,14,peak_elimination,1,0.2655720710754394,True
opxrd_68,60,60,peak_elimination,1,0.2488700747489929,True
opxrd_76,129,129,peak_elimination,1,0.2632634043693542,True
opxrd_83,2,19,peak_elimination,1,0.2102535516023636,False
opxrd_85,203,203,peak_elimination,1,0.1425080895423889,True
opxrd_94,15,15,peak_elimination,1,0.2977560758590698,True
opxrd_97,15,2,peak_elimination,1,0.1089675277471542,False
opxrd_98,2,14,peak_elimination,1,0.1570289433002472,False
opxrd_106,11,11,peak_elimination,1,0.245187759399414,True
opxrd_114,33,14,peak_elimination,1,0.3011825978755951,False
opxrd_119,62,62,peak_elimination,1,0.1929425448179245,True
opxrd_120,4,2,peak_elimination,1,0.3284837007522583,False
opxrd_124,19,15,peak_elimination,1,0.1551540046930313,False
opxrd_125,224,14,peak_elimination,1,0.3526100814342499,False
opxrd_127,11,11,peak_elimination,1,0.2847753167152405,True
opxrd_150,15,15,peak_elimination,1,0.0701864361763,True
opxrd_152,14,14,peak_elimination,1,0.230184718966484,True
opxrd_168,227,227,peak_elimination,1,0.2547889947891235,True
opxrd_170,60,60,peak_elimination,1,0.2734550833702087,True
opxrd_178,193,193,peak_elimination,1,0.3723520636558532,True
opxrd_184,14,14,peak_elimination,1,0.0622736103832721,True
opxrd_187,125,125,peak_elimination,1,0.3140336275100708,True
opxrd_189,2,129,peak_elimination,1,0.3398540318012237,False
opxrd_200,74,15,peak_elimination,1,0.165196493268013,False
opxrd_201,14,14,peak_elimination,1,0.0610876940190792,True
opxrd_203,71,193,peak_elimination,1,0.3819712400436401,False
opxrd_211,62,62,peak_elimination,1,0.339179664850235,True
opxrd_212,129,129,peak_elimination,1,0.3359904289245605,True
opxrd_213,74,2,peak_elimination,1,0.1051930710673332,False
opxrd_231,4,4,peak_elimination,1,0.2937586009502411,True
opxrd_232,148,205,peak_elimination,1,0.3058199882507324,False
opxrd_239,176,176,peak_elimination,1,0.3569734692573547,True
opxrd_247,19,19,peak_elimination,1,0.2530474066734314,True
opxrd_252,36,36,peak_elimination,1,0.1215048879384994,True
opxrd_255,14,15,peak_elimination,1,0.2111870050430297,False
opxrd_264,60,60,peak_elimination,1,0.1531469970941543,True
opxrd_267,221,2,peak_elimination,1,0.1328285485506057,False
opxrd_276,15,14,peak_elimination,1,0.3305469751358032,False
opxrd_283,2,2,peak_elimination,1,0.349444031715393,True
opxrd_285,33,2,peak_elimination,1,0.2330838143825531,False
opxrd_286,129,129,peak_elimination,1,0.2820765078067779,True
opxrd_289,33,33,peak_elimination,1,0.0577534735202789,True
opxrd_294,205,205,peak_elimination,1,0.3426064550876617,True
opxrd_304,14,15,peak_elimination,1,0.2723448872566223,False
opxrd_309,15,62,peak_elimination,1,0.0718529820442199,False
opxrd_310,62,62,peak_elimination,1,0.3670405745506286,True
opxrd_312,142,148,peak_elimination,1,0.3220387995243072,False
opxrd_314,227,227,peak_elimination,1,0.2126906961202621,True
opxrd_315,60,60,peak_elimination,1,0.1909328699111938,True
opxrd_328,63,13,peak_elimination,1,0.0779695287346839,False
opxrd_334,148,148,peak_elimination,1,0.1705090701580047,True
opxrd_338,221,225,peak_elimination,1,0.1949234157800674,False
opxrd_343,74,140,peak_elimination,1,0.3425019085407257,False
opxrd_344,61,61,peak_elimination,1,0.1798684746026992,True
opxrd_345,85,59,peak_elimination,1,0.2710036039352417,False
opxrd_346,225,225,peak_elimination,1,0.278023898601532,True
opxrd_347,15,15,peak_elimination,1,0.2498195916414261,True
opxrd_350,14,14,peak_elimination,1,0.2866436243057251,True
opxrd_352,15,14,peak_elimination,1,0.2848989069461822,False
opxrd_355,167,2,peak_elimination,1,0.2268498986959457,False
opxrd_357,4,4,peak_elimination,1,0.0284651536494493,True
opxrd_360,227,14,peak_elimination,1,0.0051108794286847,False
opxrd_369,121,121,peak_elimination,1,0.2531669437885284,True
opxrd_373,2,15,peak_elimination,1,0.1915692090988159,False
opxrd_379,72,72,peak_elimination,1,0.3287624716758728,True
opxrd_381,161,18,peak_elimination,1,0.2410664707422256,False
opxrd_392,29,29,peak_elimination,1,0.2066170573234558,True
opxrd_408,2,2,peak_elimination,1,0.2004917711019516,True
opxrd_410,12,12,peak_elimination,1,0.2088883221149444,True
opxrd_415,14,62,peak_elimination,1,0.1861125826835632,False
opxrd_429,141,227,peak_elimination,1,0.1603073328733444,False
opxrd_433,14,11,peak_elimination,1,0.291507750749588,False
opxrd_435,140,191,peak_elimination,1,0.3551799654960632,False
opxrd_464,74,74,peak_elimination,1,0.0893598943948745,True
opxrd_467,60,60,peak_elimination,1,0.1861390024423599,True
opxrd_482,14,15,peak_elimination,1,0.2880501449108124,False
opxrd_496,148,148,peak_elimination,1,0.1237020641565322,True
opxrd_503,14,14,peak_elimination,1,0.0308998636901378,True
opxrd_507,87,15,peak_elimination,1,0.2525783181190491,False
opxrd_511,19,2,peak_elimination,1,0.2474827468395233,False
opxrd_512,74,74,peak_elimination,1,0.0756262838840484,True
opxrd_513,14,14,peak_elimination,1,0.2328748553991317,True
opxrd_519,148,163,peak_elimination,1,0.2765087783336639,False
opxrd_529,227,227,peak_elimination,1,0.3123438060283661,True
opxrd_531,14,14,peak_elimination,1,0.0736054554581642,True
opxrd_535,164,198,peak_elimination,1,0.1351242959499359,False
opxrd_536,60,62,peak_elimination,1,0.3045928180217743,False
opxrd_540,194,194,peak_elimination,1,0.3536828458309173,True
opxrd_542,58,58,peak_elimination,1,0.1282075345516204,True
opxrd_544,88,88,peak_elimination,1,0.1853096932172775,True
opxrd_545,14,14,peak_elimination,1,0.2213011085987091,True
opxrd_553,62,62,peak_elimination,1,0.2197028547525406,True
opxrd_557,63,13,peak_elimination,1,0.0661089867353439,False
opxrd_558,15,14,peak_elimination,1,0.2899047434329986,False
opxrd_560,129,14,peak_elimination,1,0.1937470138072967,False
opxrd_561,62,62,peak_elimination,1,0.2065348327159881,True
opxrd_564,92,92,peak_elimination,1,0.3497586250305176,True
opxrd_576,176,176,peak_elimination,1,0.2170454263687133,True
opxrd_586,62,13,peak_elimination,1,0.2722717225551605,False
opxrd_588,2,2,peak_elimination,1,0.1683801263570785,True
opxrd_600,14,60,peak_elimination,1,0.2965372204780578,False
opxrd_608,19,19,peak_elimination,1,0.3170845806598663,True
opxrd_613,123,193,peak_elimination,1,0.3422149121761322,False
opxrd_618,129,129,peak_elimination,1,0.2674312889575958,True
opxrd_619,14,14,peak_elimination,1,0.250804603099823,True
opxrd_624,14,26,peak_elimination,1,0.2948632538318634,False
opxrd_627,74,15,peak_elimination,1,0.0678090378642082,False
opxrd_629,129,129,peak_elimination,1,0.1822660416364669,True
opxrd_631,166,166,peak_elimination,1,0.26795294880867,True
opxrd_632,166,166,peak_elimination,1,0.229825735092163,True
opxrd_633,198,227,peak_elimination,1,0.2647722065448761,False
opxrd_634,193,193,peak_elimination,1,0.3526246547698974,True
opxrd_635,2,2,peak_elimination,1,0.374017596244812,True
opxrd_642,140,140,peak_elimination,1,0.2943010032176971,True
opxrd_646,19,43,peak_elimination,1,0.0444070734083652,False
opxrd_651,14,14,peak_elimination,1,0.0115447007119655,True
opxrd_666,14,60,peak_elimination,1,0.2769643366336822,False
opxrd_667,2,2,peak_elimination,1,0.2227247357368469,True
opxrd_670,15,161,peak_elimination,1,0.1824187189340591,False
opxrd_676,14,14,peak_elimination,1,0.1804593354463577,True
opxrd_677,19,2,peak_elimination,1,0.150256872177124,False
opxrd_683,2,2,peak_elimination,1,0.1876865327358245,True
opxrd_691,26,26,peak_elimination,1,0.2891624271869659,True
opxrd_695,148,148,peak_elimination,1,0.1331563293933868,True
opxrd_707,191,14,peak_elimination,1,0.2444728314876556,False
opxrd_708,45,45,peak_elimination,1,0.2186162322759628,True
opxrd_710,9,14,peak_elimination,1,0.1776355654001236,False
opxrd_727,2,14,peak_elimination,1,0.193008542060852,False
opxrd_730,14,14,peak_elimination,1,0.2873013019561767,True
opxrd_735,62,63,peak_elimination,1,0.2172630876302719,False
opxrd_738,61,2,peak_elimination,1,0.1421527862548828,False
opxrd_740,4,2,peak_elimination,1,0.3284111320972442,False
opxrd_742,221,221,peak_elimination,1,0.1713525354862213,True
opxrd_743,72,72,peak_elimination,1,0.2761347591876983,True
opxrd_745,74,74,peak_elimination,1,0.1165838316082954,True
opxrd_749,63,52,peak_elimination,1,0.139911949634552,False
opxrd_752,36,36,peak_elimination,1,0.0735195651650428,True
opxrd_755,5,29,peak_elimination,1,0.3155322968959808,False
opxrd_756,167,167,peak_elimination,1,0.3772555887699127,True
opxrd_760,14,2,peak_elimination,1,0.2632755935192108,False
opxrd_773,166,15,peak_elimination,1,0.3231555521488189,False
opxrd_779,2,60,peak_elimination,1,0.3256259262561798,False
opxrd_781,74,15,peak_elimination,1,0.0595961697399616,False
opxrd_782,13,13,peak_elimination,1,0.1551527976989746,True
opxrd_787,217,217,peak_elimination,1,0.2121488004922866,True
opxrd_797,12,15,peak_elimination,1,0.2772546112537384,False
opxrd_801,88,88,peak_elimination,1,0.2254087477922439,True
opxrd_803,125,125,peak_elimination,1,0.3143431544303894,True
opxrd_805,139,92,peak_elimination,1,0.3439238965511322,False
opxrd_808,129,2,peak_elimination,1,0.2084016799926757,False
opxrd_809,62,4,peak_elimination,1,0.0119423251599073,False
opxrd_816,14,14,peak_elimination,1,0.2110940068960189,True
opxrd_817,14,14,peak_elimination,1,0.3257914781570434,True
opxrd_818,191,191,peak_elimination,1,0.263326346874237,True
opxrd_823,14,14,peak_elimination,1,0.1757628321647644,True
opxrd_824,14,19,peak_elimination,1,0.2822690308094024,False
opxrd_826,125,125,peak_elimination,1,0.2580747902393341,True
opxrd_831,223,167,peak_elimination,1,0.1612463295459747,False
opxrd_833,139,139,peak_elimination,1,0.369425505399704,True
opxrd_836,12,2,peak_elimination,1,0.261205792427063,False
opxrd_850,19,62,peak_elimination,1,0.2052598744630813,False
opxrd_862,225,225,peak_elimination,1,0.127932921051979,True
opxrd_866,225,225,peak_elimination,1,0.1144507750868797,True
opxrd_871,225,139,peak_elimination,1,0.2961236834526062,False
opxrd_875,225,139,peak_elimination,1,0.2785582840442657,False
opxrd_883,225,225,peak_elimination,1,0.1147857680916786,True
opxrd_885,225,225,peak_elimination,1,0.1352666020393371,True
opxrd_886,225,225,peak_elimination,1,0.2058258950710296,True
opxrd_898,225,225,peak_elimination,1,0.1382050812244415,True
opxrd_901,225,225,peak_elimination,1,0.1217348724603653,True
opxrd_904,225,225,peak_elimination,1,0.2470899224281311,True
opxrd_907,225,225,peak_elimination,1,0.1146741136908531,True
opxrd_910,225,225,peak_elimination,1,0.1191867589950561,True
opxrd_913,225,191,peak_elimination,1,0.1911311745643615,False
opxrd_917,225,225,peak_elimination,1,0.2401297986507415,True
opxrd_927,225,139,peak_elimination,1,0.3442156910896301,False
opxrd_930,225,225,peak_elimination,1,0.1341057419776916,True
opxrd_935,225,225,peak_elimination,1,0.1237946823239326,True
opxrd_938,225,225,peak_elimination,1,0.1403303295373916,True
opxrd_943,225,225,peak_elimination,1,0.1242884621024131,True
opxrd_944,225,225,peak_elimination,1,0.2243300080299377,True
opxrd_950,225,139,peak_elimination,1,0.3335499167442322,False
opxrd_958,225,225,peak_elimination,1,0.1371667832136154,True
opxrd_965,225,225,peak_elimination,1,0.1018525883555412,True
opxrd_970,225,225,peak_elimination,1,0.1493993550539016,True
opxrd_983,225,225,peak_elimination,1,0.1343764215707779,True
opxrd_986,225,225,peak_elimination,1,0.0827159360051155,True
opxrd_994,225,225,peak_elimination,1,0.2456165552139282,True
opxrd_998,225,225,peak_elimination,1,0.2869356870651245,True
opxrd_1005,225,225,peak_elimination,1,0.2339564114809036,True
opxrd_1015,225,225,peak_elimination,1,0.0815813094377517,True
opxrd_1016,225,225,peak_elimination,1,0.0860784500837326,True
opxrd_1024,225,225,peak_elimination,1,0.1280951052904129,True
opxrd_1027,225,225,peak_elimination,1,0.1349456459283828,True
opxrd_1037,225,225,peak_elimination,1,0.1252574026584625,True
opxrd_1039,225,225,peak_elimination,1,0.144662007689476,True
opxrd_1054,225,225,peak_elimination,1,0.1504378169775009,True
opxrd_1058,225,225,peak_elimination,1,0.1310806721448898,True
opxrd_1061,225,225,peak_elimination,1,0.1403343826532364,True
opxrd_1067,225,51,peak_elimination,1,0.2573906779289245,False
opxrd_1068,225,225,peak_elimination,1,0.1316950023174286,True
opxrd_1072,225,225,peak_elimination,1,0.2896783947944641,True
opxrd_1079,225,225,peak_elimination,1,0.1345048248767852,True
opxrd_1081,225,51,peak_elimination,1,0.2540957629680633,False
opxrd_1082,225,225,peak_elimination,1,0.1295658200979232,True
opxrd_1083,225,225,peak_elimination,1,0.1378267705440521,True
opxrd_1084,225,225,peak_elimination,1,0.1297811418771743,True
opxrd_1087,225,225,peak_elimination,1,0.1283228695392608,True
opxrd_1091,225,225,peak_elimination,1,0.1371356397867202,True
opxrd_1092,225,225,peak_elimination,1,0.0878714397549629,True
opxrd_1094,225,225,peak_elimination,1,0.1359009593725204,True
opxrd_1100,225,139,peak_elimination,1,0.3533642292022705,False
opxrd_1105,225,225,peak_elimination,1,0.0853475034236908,True
opxrd_1113,225,225,peak_elimination,1,0.1410324573516845,True
opxrd_1117,225,225,peak_elimination,1,0.1356334537267685,True
opxrd_1118,225,225,peak_elimination,1,0.1341277062892913,True
opxrd_1120,225,225,peak_elimination,1,0.156617596745491,True
opxrd_1123,225,225,peak_elimination,1,0.140267938375473,True
opxrd_1126,225,225,peak_elimination,1,0.1690964251756668,True
opxrd_1135,225,225,peak_elimination,1,0.1429041773080825,True
opxrd_1138,225,225,peak_elimination,1,0.1495236307382583,True
opxrd_1140,225,225,peak_elimination,1,0.1526184380054474,True
opxrd_1142,225,225,peak_elimination,1,0.1164519786834716,True
opxrd_1145,225,225,peak_elimination,1,0.140952467918396,True
opxrd_1152,225,225,peak_elimination,1,0.1315689384937286,True
opxrd_1175,225,225,peak_elimination,1,0.1042478308081626,True
opxrd_1180,225,230,peak_elimination,1,0.3448029458522796,False
opxrd_1183,225,225,peak_elimination,1,0.1415804475545883,True
opxrd_1185,225,225,peak_elimination,1,0.1464175581932068,True
opxrd_1188,225,225,peak_elimination,1,0.2428183257579803,True
opxrd_1190,225,51,peak_elimination,1,0.2704234421253204,False
opxrd_aug_source_715_label_52,53,53,peak_elimination,1,0.2611004710197449,True
opxrd_0,225,217,peak_elimination,2,0.3147434592247009,False
opxrd_1,88,15,peak_elimination,2,0.3042465150356293,False
opxrd_7,61,2,peak_elimination,2,0.2855421304702759,False
opxrd_15,221,63,peak_elimination,2,0.1523431241512298,False
opxrd_22,216,15,peak_elimination,2,0.3581109344959259,False
opxrd_28,15,15,peak_elimination,2,0.0602665618062019,True
opxrd_32,14,12,peak_elimination,2,0.1358639895915985,False
opxrd_35,2,29,peak_elimination,2,0.3027814328670501,False
opxrd_36,163,61,peak_elimination,2,0.2684081792831421,False
opxrd_37,11,11,peak_elimination,2,0.2299125045537948,True
opxrd_38,13,2,peak_elimination,2,0.0960063263773918,False
opxrd_46,148,148,peak_elimination,2,0.143784612417221,True
opxrd_53,139,139,peak_elimination,2,0.3958317041397095,True
opxrd_61,14,60,peak_elimination,2,0.2379338443279266,False
opxrd_68,60,60,peak_elimination,2,0.2340288609266281,True
opxrd_76,129,129,peak_elimination,2,0.3183002471923828,True
opxrd_83,2,19,peak_elimination,2,0.173501655459404,False
opxrd_85,203,203,peak_elimination,2,0.122679091989994,True
opxrd_94,15,15,peak_elimination,2,0.2796362936496734,True
opxrd_97,15,2,peak_elimination,2,0.1535218060016632,False
opxrd_98,2,14,peak_elimination,2,0.1838086396455764,False
opxrd_106,11,11,peak_elimination,2,0.2354547381401062,True
opxrd_114,33,14,peak_elimination,2,0.2851879298686981,False
opxrd_119,62,62,peak_elimination,2,0.2373182028532028,True
opxrd_120,4,2,peak_elimination,2,0.2929155528545379,False
opxrd_124,19,19,peak_elimination,2,0.1494148522615432,True
opxrd_125,224,225,peak_elimination,2,0.2781082987785339,False
opxrd_127,11,11,peak_elimination,2,0.2761537134647369,True
opxrd_150,15,74,peak_elimination,2,0.0594061948359012,False
opxrd_152,14,14,peak_elimination,2,0.2612379193305969,True
opxrd_168,227,227,peak_elimination,2,0.282395452260971,True
opxrd_170,60,60,peak_elimination,2,0.308462917804718,True
opxrd_178,193,166,peak_elimination,2,0.3873887658119201,False
opxrd_184,14,14,peak_elimination,2,0.0508888140320777,True
opxrd_187,125,125,peak_elimination,2,0.3133387565612793,True
opxrd_189,2,2,peak_elimination,2,0.3326378762722015,True
opxrd_200,74,2,peak_elimination,2,0.1485379934310913,False
opxrd_201,14,14,peak_elimination,2,0.0590707026422023,True
opxrd_203,71,193,peak_elimination,2,0.3556589782238006,False
opxrd_211,62,139,peak_elimination,2,0.3778919875621795,False
opxrd_212,129,129,peak_elimination,2,0.3018500506877899,True
opxrd_213,74,2,peak_elimination,2,0.1003054976463317,False
opxrd_231,4,4,peak_elimination,2,0.2708797752857208,True
opxrd_232,148,225,peak_elimination,2,0.3042216300964355,False
opxrd_239,176,176,peak_elimination,2,0.3401177227497101,True
opxrd_247,19,19,peak_elimination,2,0.2592118978500366,True
opxrd_252,36,36,peak_elimination,2,0.0691348910331726,True
opxrd_255,14,15,peak_elimination,2,0.1996424198150634,False
opxrd_264,60,60,peak_elimination,2,0.2573721408843994,True
opxrd_267,221,15,peak_elimination,2,0.1192420795559883,False
opxrd_276,15,14,peak_elimination,2,0.3171347379684448,False
opxrd_283,2,2,peak_elimination,2,0.3508669435977936,True
opxrd_285,33,2,peak_elimination,2,0.3052041828632355,False
opxrd_286,129,129,peak_elimination,2,0.3274878263473511,True
opxrd_289,33,33,peak_elimination,2,0.0603423342108726,True
opxrd_294,205,11,peak_elimination,2,0.3518483638763428,False
opxrd_304,14,29,peak_elimination,2,0.3413756191730499,False
opxrd_309,15,19,peak_elimination,2,0.104895107448101,False
opxrd_310,62,62,peak_elimination,2,0.3044637441635132,True
opxrd_312,142,4,peak_elimination,2,0.0358591005206108,False
opxrd_314,227,227,peak_elimination,2,0.2341929227113723,True
opxrd_315,60,60,peak_elimination,2,0.2376703172922134,True
opxrd_328,63,14,peak_elimination,2,0.0645128265023231,False
opxrd_334,148,148,peak_elimination,2,0.1754070073366165,True
opxrd_338,221,225,peak_elimination,2,0.1939099133014679,False
opxrd_343,74,140,peak_elimination,2,0.3401364684104919,False
opxrd_344,61,61,peak_elimination,2,0.2374008893966674,True
opxrd_345,85,59,peak_elimination,2,0.3243906795978546,False
opxrd_346,225,225,peak_elimination,2,0.2704406082630157,True
opxrd_347,15,15,peak_elimination,2,0.2414111793041229,True
opxrd_350,14,33,peak_elimination,2,0.2901953458786011,False
opxrd_352,15,60,peak_elimination,2,0.2565172612667084,False
opxrd_355,167,2,peak_elimination,2,0.1841066032648086,False
opxrd_357,4,4,peak_elimination,2,0.0277709942311048,True
opxrd_360,227,14,peak_elimination,2,0.0041425102390348,False
opxrd_369,121,121,peak_elimination,2,0.2372512966394424,True
opxrd_373,2,15,peak_elimination,2,0.1700538992881775,False
opxrd_379,72,72,peak_elimination,2,0.3302488327026367,True
opxrd_381,161,18,peak_elimination,2,0.2339235246181488,False
opxrd_392,29,2,peak_elimination,2,0.2068349421024322,False
opxrd_408,2,2,peak_elimination,2,0.1740696132183075,True
opxrd_410,12,12,peak_elimination,2,0.2496317327022552,True
opxrd_415,14,62,peak_elimination,2,0.177134484052658,False
opxrd_429,141,227,peak_elimination,2,0.164656177163124,False
opxrd_433,14,11,peak_elimination,2,0.3020063042640686,False
opxrd_435,140,140,peak_elimination,2,0.3645535111427307,True
opxrd_464,74,74,peak_elimination,2,0.0892217755317688,True
opxrd_467,60,60,peak_elimination,2,0.1999850869178772,True
opxrd_482,14,205,peak_elimination,2,0.3241037726402282,False
opxrd_496,148,148,peak_elimination,2,0.1256569772958755,True
opxrd_503,14,14,peak_elimination,2,0.0293388068675994,True
opxrd_507,87,127,peak_elimination,2,0.3287827968597412,False
opxrd_511,19,2,peak_elimination,2,0.2373506426811218,False
opxrd_512,74,74,peak_elimination,2,0.0666703283786773,True
opxrd_513,14,14,peak_elimination,2,0.2316518723964691,True
opxrd_519,148,163,peak_elimination,2,0.2754237949848175,False
opxrd_529,227,62,peak_elimination,2,0.3751861453056335,False
opxrd_531,14,14,peak_elimination,2,0.0705021247267723,True
opxrd_535,164,198,peak_elimination,2,0.212992176413536,False
opxrd_536,60,62,peak_elimination,2,0.2993018925189972,False
opxrd_540,194,194,peak_elimination,2,0.3532511293888092,True
opxrd_542,58,58,peak_elimination,2,0.1225921064615249,True
opxrd_544,88,88,peak_elimination,2,0.1782154738903045,True
opxrd_545,14,14,peak_elimination,2,0.2250048369169235,True
opxrd_553,62,62,peak_elimination,2,0.262227714061737,True
opxrd_557,63,14,peak_elimination,2,0.0546846240758895,False
opxrd_558,15,19,peak_elimination,2,0.240520179271698,False
opxrd_560,129,14,peak_elimination,2,0.1825499534606933,False
opxrd_561,62,62,peak_elimination,2,0.188694879412651,True
opxrd_564,92,92,peak_elimination,2,0.3360364139080047,True
opxrd_576,176,176,peak_elimination,2,0.2229369729757309,True
opxrd_586,62,13,peak_elimination,2,0.2604773044586181,False
opxrd_588,2,2,peak_elimination,2,0.1989064663648605,True
opxrd_600,14,4,peak_elimination,2,0.2788924872875213,False
opxrd_608,19,19,peak_elimination,2,0.284776508808136,True
opxrd_613,123,191,peak_elimination,2,0.3570991158485412,False
opxrd_618,129,129,peak_elimination,2,0.223393976688385,True
opxrd_619,14,186,peak_elimination,2,0.2642131745815277,False
opxrd_624,14,26,peak_elimination,2,0.2920312583446502,False
opxrd_627,74,74,peak_elimination,2,0.1481707096099853,True
opxrd_629,129,129,peak_elimination,2,0.1717545241117477,True
opxrd_631,166,166,peak_elimination,2,0.2524555027484894,True
opxrd_632,166,166,peak_elimination,2,0.2010834068059921,True
opxrd_633,198,227,peak_elimination,2,0.2541745007038116,False
opxrd_634,193,193,peak_elimination,2,0.3510956168174743,True
opxrd_635,2,2,peak_elimination,2,0.3586306869983673,True
opxrd_642,140,140,peak_elimination,2,0.2932581007480621,True
opxrd_646,19,19,peak_elimination,2,0.041425060480833,True
opxrd_651,14,14,peak_elimination,2,0.0126359807327389,True
opxrd_666,14,167,peak_elimination,2,0.2820088267326355,False
opxrd_667,2,2,peak_elimination,2,0.2233081012964248,True
opxrd_670,15,129,peak_elimination,2,0.1691221594810485,False
opxrd_676,14,14,peak_elimination,2,0.1586353033781051,True
opxrd_677,19,2,peak_elimination,2,0.1415786892175674,False
opxrd_683,2,2,peak_elimination,2,0.2133369743824005,True
opxrd_691,26,216,peak_elimination,2,0.2489719539880752,False
opxrd_695,148,148,peak_elimination,2,0.1231826469302177,True
opxrd_707,191,191,peak_elimination,2,0.2940787672996521,True
opxrd_708,45,45,peak_elimination,2,0.268072247505188,True
opxrd_710,9,14,peak_elimination,2,0.1685118675231933,False
opxrd_727,2,14,peak_elimination,2,0.1826930791139602,False
opxrd_730,14,14,peak_elimination,2,0.287109375,True
opxrd_735,62,62,peak_elimination,2,0.2542397975921631,True
opxrd_738,61,2,peak_elimination,2,0.2147675454616546,False
opxrd_740,4,14,peak_elimination,2,0.3306173980236053,False
opxrd_742,221,221,peak_elimination,2,0.1652850210666656,True
opxrd_743,72,72,peak_elimination,2,0.2751833796501159,True
opxrd_745,74,15,peak_elimination,2,0.0624218806624412,False
opxrd_749,63,14,peak_elimination,2,0.0650963336229324,False
opxrd_752,36,36,peak_elimination,2,0.070074513554573,True
opxrd_755,5,12,peak_elimination,2,0.3284637331962585,False
opxrd_756,167,167,peak_elimination,2,0.4024190604686737,True
opxrd_760,14,11,peak_elimination,2,0.2569688558578491,False
opxrd_773,166,14,peak_elimination,2,0.2606649398803711,False
opxrd_779,2,70,peak_elimination,2,0.2721514105796814,False
opxrd_781,74,74,peak_elimination,2,0.0594610013067722,True
opxrd_782,13,13,peak_elimination,2,0.1856744438409805,True
opxrd_787,217,217,peak_elimination,2,0.2540870010852813,True
opxrd_797,12,15,peak_elimination,2,0.2884763777256012,False
opxrd_801,88,88,peak_elimination,2,0.2146771997213363,True
opxrd_803,125,125,peak_elimination,2,0.32159024477005,True
opxrd_805,139,139,peak_elimination,2,0.3677205741405487,True
opxrd_808,129,14,peak_elimination,2,0.2406858950853347,False
opxrd_809,62,43,peak_elimination,2,0.130600094795227,False
opxrd_816,14,14,peak_elimination,2,0.2275107204914093,True
opxrd_817,14,15,peak_elimination,2,0.2982091605663299,False
opxrd_818,191,14,peak_elimination,2,0.2270849198102951,False
opxrd_823,14,19,peak_elimination,2,0.1794042140245437,False
opxrd_824,14,14,peak_elimination,2,0.2180962413549423,True
opxrd_826,125,125,peak_elimination,2,0.3186718821525574,True
opxrd_831,223,166,peak_elimination,2,0.2557646632194519,False
opxrd_833,139,139,peak_elimination,2,0.3702964782714844,True
opxrd_836,12,2,peak_elimination,2,0.2618089914321899,False
opxrd_850,19,2,peak_elimination,2,0.1837737560272216,False
opxrd_862,225,225,peak_elimination,2,0.1326092779636383,True
opxrd_866,225,139,peak_elimination,2,0.2791885733604431,False
opxrd_871,225,225,peak_elimination,2,0.0947275012731552,True
opxrd_875,225,225,peak_elimination,2,0.0823731273412704,True
opxrd_883,225,225,peak_elimination,2,0.1179074421525001,True
opxrd_885,225,225,peak_elimination,2,0.1352777332067489,True
opxrd_886,225,225,peak_elimination,2,0.0887903943657875,True
opxrd_898,225,225,peak_elimination,2,0.1319633722305297,True
opxrd_901,225,225,peak_elimination,2,0.1345590353012085,True
opxrd_904,225,225,peak_elimination,2,0.2122889012098312,True
opxrd_907,225,51,peak_elimination,2,0.2491490691900253,False
opxrd_910,225,225,peak_elimination,2,0.1191186755895614,True
opxrd_913,225,225,peak_elimination,2,0.0943727493286132,True
opxrd_917,225,225,peak_elimination,2,0.2089319378137588,True
opxrd_927,225,225,peak_elimination,2,0.1306454688310623,True
opxrd_930,225,225,peak_elimination,2,0.0974481105804443,True
opxrd_935,225,225,peak_elimination,2,0.1237946674227714,True
opxrd_938,225,225,peak_elimination,2,0.1403623819351196,True
opxrd_943,225,225,peak_elimination,2,0.1255520135164261,True
opxrd_944,225,225,peak_elimination,2,0.1742720305919647,True
opxrd_950,225,225,peak_elimination,2,0.15432108938694,True
opxrd_958,225,139,peak_elimination,2,0.3543528318405151,False
opxrd_965,225,225,peak_elimination,2,0.1018073037266731,True
opxrd_970,225,225,peak_elimination,2,0.149687647819519,True
opxrd_983,225,225,peak_elimination,2,0.1343604922294616,True
opxrd_986,225,191,peak_elimination,2,0.1861440688371658,False
opxrd_994,225,225,peak_elimination,2,0.1473119705915451,True
opxrd_998,225,225,peak_elimination,2,0.1553415954113006,True
opxrd_1005,225,225,peak_elimination,2,0.1986561715602874,True
opxrd_1015,225,191,peak_elimination,2,0.2040080279111862,False
opxrd_1016,225,191,peak_elimination,2,0.2161100208759308,False
opxrd_1024,225,225,peak_elimination,2,0.1281354874372482,True
opxrd_1027,225,225,peak_elimination,2,0.1349672228097915,True
opxrd_1037,225,225,peak_elimination,2,0.1317465305328369,True
opxrd_1039,225,139,peak_elimination,2,0.3488925099372864,False
opxrd_1054,225,225,peak_elimination,2,0.1415850818157196,True
opxrd_1058,225,225,peak_elimination,2,0.1437575817108154,True
opxrd_1061,225,225,peak_elimination,2,0.1824195384979248,True
opxrd_1067,225,225,peak_elimination,2,0.1449559777975082,True
opxrd_1068,225,225,peak_elimination,2,0.136255532503128,True
opxrd_1072,225,225,peak_elimination,2,0.147425964474678,True
opxrd_1079,225,225,peak_elimination,2,0.2072895169258117,True
opxrd_1081,225,51,peak_elimination,2,0.2552101016044616,False
opxrd_1082,225,225,peak_elimination,2,0.123797707259655,True
opxrd_1083,225,139,peak_elimination,2,0.2654242515563965,False
opxrd_1084,225,225,peak_elimination,2,0.1293809413909912,True
opxrd_1087,225,225,peak_elimination,2,0.1415806412696838,True
opxrd_1091,225,225,peak_elimination,2,0.2526260018348694,True
opxrd_1092,225,139,peak_elimination,2,0.3099103569984436,False
opxrd_1094,225,225,peak_elimination,2,0.1395022422075271,True
opxrd_1100,225,225,peak_elimination,2,0.119854025542736,True
opxrd_1105,225,225,peak_elimination,2,0.1287916302680969,True
opxrd_1113,225,225,peak_elimination,2,0.289796382188797,True
opxrd_1117,225,225,peak_elimination,2,0.1371273398399353,True
opxrd_1118,225,62,peak_elimination,2,0.3072404265403747,False
opxrd_1120,225,225,peak_elimination,2,0.2724364399909973,True
opxrd_1123,225,225,peak_elimination,2,0.1402789801359176,True
opxrd_1126,225,225,peak_elimination,2,0.1350166052579879,True
opxrd_1135,225,225,peak_elimination,2,0.2768459618091583,True
opxrd_1138,225,225,peak_elimination,2,0.1375394463539123,True
opxrd_1140,225,225,peak_elimination,2,0.285409539937973,True
opxrd_1142,225,225,peak_elimination,2,0.0604068525135517,True
opxrd_1145,225,225,peak_elimination,2,0.1367157101631164,True
opxrd_1152,225,225,peak_elimination,2,0.1271190345287323,True
opxrd_1175,225,225,peak_elimination,2,0.1173528358340263,True
opxrd_1180,225,227,peak_elimination,2,0.3123126626014709,False
opxrd_1183,225,225,peak_elimination,2,0.1349521279335022,True
opxrd_1185,225,225,peak_elimination,2,0.2121627926826477,True
opxrd_1188,225,225,peak_elimination,2,0.1320627927780151,True
opxrd_1190,225,225,peak_elimination,2,0.1308305412530899,True
opxrd_aug_source_715_label_52,53,53,peak_elimination,2,0.2152594476938247,True
opxrd_0,225,217,peak_elimination,3,0.3067364692687988,False
opxrd_1,88,88,peak_elimination,3,0.2032839059829712,True
opxrd_7,61,129,peak_elimination,3,0.2851243913173675,False
opxrd_15,221,63,peak_elimination,3,0.1971618831157684,False
opxrd_22,216,227,peak_elimination,3,0.362475723028183,False
opxrd_28,15,15,peak_elimination,3,0.0660601481795311,True
opxrd_32,14,12,peak_elimination,3,0.1438582092523574,False
opxrd_35,2,60,peak_elimination,3,0.2995469868183136,False
opxrd_36,163,163,peak_elimination,3,0.2422253787517547,True
opxrd_37,11,11,peak_elimination,3,0.2365572899580001,True
opxrd_38,13,2,peak_elimination,3,0.1420686990022659,False
opxrd_46,148,148,peak_elimination,3,0.1356697529554367,True
opxrd_53,139,139,peak_elimination,3,0.3612710833549499,True
opxrd_61,14,14,peak_elimination,3,0.2712728381156921,True
opxrd_68,60,60,peak_elimination,3,0.1612322479486465,True
opxrd_76,129,129,peak_elimination,3,0.3105678856372833,True
opxrd_83,2,19,peak_elimination,3,0.1791166067123413,False
opxrd_85,203,203,peak_elimination,3,0.1115879639983177,True
opxrd_94,15,15,peak_elimination,3,0.3027059435844421,True
opxrd_97,15,2,peak_elimination,3,0.1281095743179321,False
opxrd_98,2,14,peak_elimination,3,0.1551132947206497,False
opxrd_106,11,11,peak_elimination,3,0.2362783700227737,True
opxrd_114,33,15,peak_elimination,3,0.2459350377321243,False
opxrd_119,62,62,peak_elimination,3,0.2292215228080749,True
opxrd_120,4,2,peak_elimination,3,0.2927619516849518,False
opxrd_124,19,227,peak_elimination,3,0.124884620308876,False
opxrd_125,224,14,peak_elimination,3,0.3394761085510254,False
opxrd_127,11,11,peak_elimination,3,0.2299659252166748,True
opxrd_150,15,74,peak_elimination,3,0.0593339279294014,False
opxrd_152,14,14,peak_elimination,3,0.2404568642377853,True
opxrd_168,227,227,peak_elimination,3,0.3263400495052337,True
opxrd_170,60,60,peak_elimination,3,0.2929214239120483,True
opxrd_178,193,193,peak_elimination,3,0.3558373153209686,True
opxrd_184,14,14,peak_elimination,3,0.0617997124791145,True
opxrd_187,125,148,peak_elimination,3,0.2627203166484833,False
opxrd_189,2,2,peak_elimination,3,0.3557023108005523,True
opxrd_200,74,15,peak_elimination,3,0.1390657126903534,False
opxrd_201,14,14,peak_elimination,3,0.0607435591518878,True
opxrd_203,71,206,peak_elimination,3,0.341137170791626,False
opxrd_211,62,62,peak_elimination,3,0.3447098433971405,True
opxrd_212,129,129,peak_elimination,3,0.2967827916145324,True
opxrd_213,74,2,peak_elimination,3,0.093584768474102,False
opxrd_231,4,4,peak_elimination,3,0.3121572732925415,True
opxrd_232,148,88,peak_elimination,3,0.3036953806877136,False
opxrd_239,176,15,peak_elimination,3,0.3169545531272888,False
opxrd_247,19,2,peak_elimination,3,0.2923745512962341,False
opxrd_252,36,36,peak_elimination,3,0.1408577263355255,True
opxrd_255,14,225,peak_elimination,3,0.2543359696865082,False
opxrd_264,60,60,peak_elimination,3,0.1839964389801025,True
opxrd_267,221,15,peak_elimination,3,0.1277275681495666,False
opxrd_276,15,15,peak_elimination,3,0.2993722856044769,True
opxrd_283,2,15,peak_elimination,3,0.3310528993606567,False
opxrd_285,33,2,peak_elimination,3,0.2498920708894729,False
opxrd_286,129,129,peak_elimination,3,0.2747633159160614,True
opxrd_289,33,33,peak_elimination,3,0.0576476901769638,True
opxrd_294,205,205,peak_elimination,3,0.3378894329071045,True
opxrd_304,14,2,peak_elimination,3,0.2182030379772186,False
opxrd_309,15,19,peak_elimination,3,0.1060571894049644,False
opxrd_310,62,62,peak_elimination,3,0.3586476743221283,True
opxrd_312,142,148,peak_elimination,3,0.31715989112854,False
opxrd_314,227,227,peak_elimination,3,0.2005803287029266,True
opxrd_315,60,60,peak_elimination,3,0.2303903400897979,True
opxrd_328,63,13,peak_elimination,3,0.0844121351838111,False
opxrd_334,148,148,peak_elimination,3,0.170776292681694,True
opxrd_338,221,225,peak_elimination,3,0.1991362869739532,False
opxrd_343,74,140,peak_elimination,3,0.314342200756073,False
opxrd_344,61,61,peak_elimination,3,0.1830017566680908,True
opxrd_345,85,19,peak_elimination,3,0.3514396250247955,False
opxrd_346,225,14,peak_elimination,3,0.3122618198394775,False
opxrd_347,15,15,peak_elimination,3,0.2060491740703582,True
opxrd_350,14,19,peak_elimination,3,0.3216437399387359,False
opxrd_352,15,60,peak_elimination,3,0.2850030958652496,False
opxrd_355,167,70,peak_elimination,3,0.2276947498321533,False
opxrd_357,4,4,peak_elimination,3,0.0300426818430423,True
opxrd_360,227,4,peak_elimination,3,0.0021413369104266,False
opxrd_369,121,121,peak_elimination,3,0.3166623413562774,True
opxrd_373,2,15,peak_elimination,3,0.1711531430482864,False
opxrd_379,72,72,peak_elimination,3,0.281002938747406,True
opxrd_381,161,12,peak_elimination,3,0.2788012623786926,False
opxrd_392,29,29,peak_elimination,3,0.2230033725500106,True
opxrd_408,2,2,peak_elimination,3,0.1878381222486496,True
opxrd_410,12,12,peak_elimination,3,0.2234044820070266,True
opxrd_415,14,62,peak_elimination,3,0.2384528964757919,False
opxrd_429,141,227,peak_elimination,3,0.1682184338569641,False
opxrd_433,14,11,peak_elimination,3,0.3000456690788269,False
opxrd_435,140,140,peak_elimination,3,0.3618558645248413,True
opxrd_464,74,74,peak_elimination,3,0.1383963376283645,True
opxrd_467,60,60,peak_elimination,3,0.2896762490272522,True
opxrd_482,14,15,peak_elimination,3,0.2701184153556824,False
opxrd_496,148,148,peak_elimination,3,0.146050825715065,True
opxrd_503,14,19,peak_elimination,3,0.0365768186748027,False
opxrd_507,87,186,peak_elimination,3,0.312300831079483,False
opxrd_511,19,205,peak_elimination,3,0.2626823782920837,False
opxrd_512,74,15,peak_elimination,3,0.0685375705361366,False
opxrd_513,14,123,peak_elimination,3,0.2248950004577636,False
opxrd_519,148,182,peak_elimination,3,0.2883266806602478,False
opxrd_529,227,71,peak_elimination,3,0.3382934927940368,False
opxrd_531,14,14,peak_elimination,3,0.0256453324109315,True
opxrd_535,164,198,peak_elimination,3,0.1631553024053573,False
opxrd_536,60,62,peak_elimination,3,0.2698068618774414,False
opxrd_540,194,194,peak_elimination,3,0.3507010042667389,True
opxrd_542,58,58,peak_elimination,3,0.1229370012879371,True
opxrd_544,88,88,peak_elimination,3,0.1765671968460083,True
opxrd_545,14,14,peak_elimination,3,0.2565345168113708,True
opxrd_553,62,62,peak_elimination,3,0.2265146076679229,True
opxrd_557,63,14,peak_elimination,3,0.0492725148797035,False
opxrd_558,15,14,peak_elimination,3,0.2567699551582336,False
opxrd_560,129,14,peak_elimination,3,0.1811644583940506,False
opxrd_561,62,62,peak_elimination,3,0.1717798560857772,True
opxrd_564,92,148,peak_elimination,3,0.2757757306098938,False
opxrd_576,176,176,peak_elimination,3,0.263990581035614,True
opxrd_586,62,15,peak_elimination,3,0.272347629070282,False
opxrd_588,2,2,peak_elimination,3,0.1611693054437637,True
opxrd_600,14,4,peak_elimination,3,0.278867244720459,False
opxrd_608,19,19,peak_elimination,3,0.311946839094162,True
opxrd_613,123,14,peak_elimination,3,0.3098651170730591,False
opxrd_618,129,129,peak_elimination,3,0.2591186463832855,True
opxrd_619,14,14,peak_elimination,3,0.2295003831386566,True
opxrd_624,14,26,peak_elimination,3,0.2832367420196533,False
opxrd_627,74,15,peak_elimination,3,0.0684871599078178,False
opxrd_629,129,129,peak_elimination,3,0.2178572416305542,True
opxrd_631,166,2,peak_elimination,3,0.2864633500576019,False
opxrd_632,166,166,peak_elimination,3,0.2467435896396637,True
opxrd_633,198,227,peak_elimination,3,0.2791645526885986,False
opxrd_634,193,193,peak_elimination,3,0.3753302097320556,True
opxrd_635,2,2,peak_elimination,3,0.3665371835231781,True
opxrd_642,140,140,peak_elimination,3,0.2938883602619171,True
opxrd_646,19,43,peak_elimination,3,0.0443049930036067,False
opxrd_651,14,14,peak_elimination,3,0.0102344304323196,True
opxrd_666,14,14,peak_elimination,3,0.2714740335941314,True
opxrd_667,2,2,peak_elimination,3,0.2101534605026245,True
opxrd_670,15,19,peak_elimination,3,0.1927448213100433,False
opxrd_676,14,14,peak_elimination,3,0.1673178821802139,True
opxrd_677,19,2,peak_elimination,3,0.1364877372980117,False
opxrd_683,2,12,peak_elimination,3,0.2168516963720321,False
opxrd_691,26,26,peak_elimination,3,0.2825406193733215,True
opxrd_695,148,148,peak_elimination,3,0.1120904609560966,True
opxrd_707,191,14,peak_elimination,3,0.2673727869987488,False
opxrd_708,45,45,peak_elimination,3,0.1838760673999786,True
opxrd_710,9,14,peak_elimination,3,0.1778836250305175,False
opxrd_727,2,162,peak_elimination,3,0.162067174911499,False
opxrd_730,14,14,peak_elimination,3,0.3114839792251587,True
opxrd_735,62,62,peak_elimination,3,0.253205806016922,True
opxrd_738,61,2,peak_elimination,3,0.2176067233085632,False
opxrd_740,4,11,peak_elimination,3,0.2792015075683594,False
opxrd_742,221,221,peak_elimination,3,0.1718754768371582,True
opxrd_743,72,72,peak_elimination,3,0.3061615526676178,True
opxrd_745,74,74,peak_elimination,3,0.1241998672485351,True
opxrd_749,63,57,peak_elimination,3,0.1467984169721603,False
opxrd_752,36,36,peak_elimination,3,0.0698001459240913,True
opxrd_755,5,12,peak_elimination,3,0.3256339430809021,False
opxrd_756,167,167,peak_elimination,3,0.3923604190349579,True
opxrd_760,14,11,peak_elimination,3,0.266714334487915,False
opxrd_773,166,166,peak_elimination,3,0.2454007416963577,True
opxrd_779,2,70,peak_elimination,3,0.285952091217041,False
opxrd_781,74,74,peak_elimination,3,0.1154150813817977,True
opxrd_782,13,13,peak_elimination,3,0.1855219900608062,True
opxrd_787,217,217,peak_elimination,3,0.2338059544563293,True
opxrd_797,12,166,peak_elimination,3,0.2914647459983825,False
opxrd_801,88,88,peak_elimination,3,0.2350982427597046,True
opxrd_803,125,125,peak_elimination,3,0.3472988903522491,True
opxrd_805,139,139,peak_elimination,3,0.3465304374694824,True
opxrd_808,129,14,peak_elimination,3,0.2558993101119995,False
opxrd_809,62,19,peak_elimination,3,0.1421426683664322,False
opxrd_816,14,14,peak_elimination,3,0.2230435162782669,True
opxrd_817,14,15,peak_elimination,3,0.281636893749237,False
opxrd_818,191,191,peak_elimination,3,0.280611902475357,True
opxrd_823,14,14,peak_elimination,3,0.2141511291265487,True
opxrd_824,14,14,peak_elimination,3,0.2340661585330963,True
opxrd_826,125,125,peak_elimination,3,0.3488456010818481,True
opxrd_831,223,19,peak_elimination,3,0.2903105318546295,False
opxrd_833,139,139,peak_elimination,3,0.401479572057724,True
opxrd_836,12,2,peak_elimination,3,0.2078614979982376,False
opxrd_850,19,14,peak_elimination,3,0.1842816919088363,False
opxrd_862,225,225,peak_elimination,3,0.1307577788829803,True
opxrd_866,225,139,peak_elimination,3,0.3315026462078094,False
opxrd_871,225,225,peak_elimination,3,0.0789205282926559,True
opxrd_875,225,225,peak_elimination,3,0.0824699476361274,True
opxrd_883,225,139,peak_elimination,3,0.3168419003486633,False
opxrd_885,225,51,peak_elimination,3,0.2173155099153518,False
opxrd_886,225,51,peak_elimination,3,0.2615926861763,False
opxrd_898,225,225,peak_elimination,3,0.2793813347816467,True
opxrd_901,225,225,peak_elimination,3,0.1233383193612098,True
opxrd_904,225,225,peak_elimination,3,0.1368551105260849,True
opxrd_907,225,225,peak_elimination,3,0.0786863043904304,True
opxrd_910,225,225,peak_elimination,3,0.1191181913018226,True
opxrd_913,225,191,peak_elimination,3,0.2236871719360351,False
opxrd_917,225,225,peak_elimination,3,0.1385386735200882,True
opxrd_927,225,225,peak_elimination,3,0.1266223639249801,True
opxrd_930,225,225,peak_elimination,3,0.1152352467179298,True
opxrd_935,225,225,peak_elimination,3,0.1291742622852325,True
opxrd_938,225,225,peak_elimination,3,0.2476036548614502,True
opxrd_943,225,225,peak_elimination,3,0.1416397243738174,True
opxrd_944,225,225,peak_elimination,3,0.1389132142066955,True
opxrd_950,225,139,peak_elimination,3,0.3244244158267975,False
opxrd_958,225,225,peak_elimination,3,0.1240579485893249,True
opxrd_965,225,225,peak_elimination,3,0.1018525063991546,True
opxrd_970,225,225,peak_elimination,3,0.1476157754659652,True
opxrd_983,225,51,peak_elimination,3,0.2851890921592712,False
opxrd_986,225,225,peak_elimination,3,0.0828213021159172,True
opxrd_994,225,225,peak_elimination,3,0.1467447876930236,True
opxrd_998,225,225,peak_elimination,3,0.2789746224880218,True
opxrd_1005,225,225,peak_elimination,3,0.1850310564041137,True
opxrd_1015,225,225,peak_elimination,3,0.1056261137127876,True
opxrd_1016,225,225,peak_elimination,3,0.0876892283558845,True
opxrd_1024,225,139,peak_elimination,3,0.3463180661201477,False
opxrd_1027,225,139,peak_elimination,3,0.3254978656768799,False
opxrd_1037,225,225,peak_elimination,3,0.1257297843694687,True
opxrd_1039,225,225,peak_elimination,3,0.1459103673696518,True
opxrd_1054,225,139,peak_elimination,3,0.3808751106262207,False
opxrd_1058,225,225,peak_elimination,3,0.1368589997291565,True
opxrd_1061,225,225,peak_elimination,3,0.140325054526329,True
opxrd_1067,225,225,peak_elimination,3,0.1358405798673629,True
opxrd_1068,225,225,peak_elimination,3,0.1396200209856033,True
opxrd_1072,225,62,peak_elimination,3,0.3639199435710907,False
opxrd_1079,225,225,peak_elimination,3,0.1298355013132095,True
opxrd_1081,225,225,peak_elimination,3,0.207002967596054,True
opxrd_1082,225,225,peak_elimination,3,0.1237778961658477,True
opxrd_1083,225,225,peak_elimination,3,0.2301094830036163,True
opxrd_1084,225,225,peak_elimination,3,0.1308660507202148,True
opxrd_1087,225,225,peak_elimination,3,0.1268467158079147,True
opxrd_1091,225,225,peak_elimination,3,0.1371284276247024,True
opxrd_1092,225,225,peak_elimination,3,0.0821986570954322,True
opxrd_1094,225,225,peak_elimination,3,0.1318824738264084,True
opxrd_1100,225,225,peak_elimination,3,0.1038575023412704,True
opxrd_1105,225,225,peak_elimination,3,0.0841386690735817,True
opxrd_1113,225,225,peak_elimination,3,0.2822011709213257,True
opxrd_1117,225,225,peak_elimination,3,0.2058360576629638,True
opxrd_1118,225,225,peak_elimination,3,0.1311798095703125,True
opxrd_1120,225,225,peak_elimination,3,0.2650093734264374,True
opxrd_1123,225,139,peak_elimination,3,0.3681317567825317,False
opxrd_1126,225,225,peak_elimination,3,0.1350410431623459,True
opxrd_1135,225,139,peak_elimination,3,0.3872766196727752,False
opxrd_1138,225,225,peak_elimination,3,0.3054371178150177,True
opxrd_1140,225,225,peak_elimination,3,0.1526180207729339,True
opxrd_1142,225,225,peak_elimination,3,0.0843638554215431,True
opxrd_1145,225,225,peak_elimination,3,0.1964464485645294,True
opxrd_1152,225,225,peak_elimination,3,0.1316791325807571,True
opxrd_1175,225,225,peak_elimination,3,0.1024916321039199,True
opxrd_1180,225,225,peak_elimination,3,0.3132948577404022,True
opxrd_1183,225,51,peak_elimination,3,0.2446009218692779,False
opxrd_1185,225,225,peak_elimination,3,0.1464133858680725,True
opxrd_1188,225,225,peak_elimination,3,0.2500740587711334,True
opxrd_1190,225,225,peak_elimination,3,0.2310462146997451,True
opxrd_aug_source_715_label_52,53,53,peak_elimination,3,0.2151185423135757,True
opxrd_0,225,217,peak_elimination,4,0.3050694763660431,False
opxrd_1,88,88,peak_elimination,4,0.1927694678306579,True
opxrd_7,61,14,peak_elimination,4,0.2794191539287567,False
opxrd_15,221,63,peak_elimination,4,0.1562208384275436,False
opxrd_22,216,227,peak_elimination,4,0.2229935973882675,False
opxrd_28,15,15,peak_elimination,4,0.1236316040158271,True
opxrd_32,14,12,peak_elimination,4,0.1345144361257553,False
opxrd_35,2,60,peak_elimination,4,0.2792578339576721,False
opxrd_36,163,163,peak_elimination,4,0.2029103934764862,True
opxrd_37,11,11,peak_elimination,4,0.243983507156372,True
opxrd_38,13,2,peak_elimination,4,0.0915840864181518,False
opxrd_46,148,148,peak_elimination,4,0.1400124132633209,True
opxrd_53,139,139,peak_elimination,4,0.3955928087234497,True
opxrd_61,14,11,peak_elimination,4,0.2266997247934341,False
opxrd_68,60,60,peak_elimination,4,0.1567446291446685,True
opxrd_76,129,129,peak_elimination,4,0.3299243152141571,True
opxrd_83,2,2,peak_elimination,4,0.2317137271165847,True
opxrd_85,203,203,peak_elimination,4,0.128967672586441,True
opxrd_94,15,148,peak_elimination,4,0.2815344035625458,False
opxrd_97,15,2,peak_elimination,4,0.0908209085464477,False
opxrd_98,2,61,peak_elimination,4,0.1632436215877533,False
opxrd_106,11,11,peak_elimination,4,0.2717403471469879,True
opxrd_114,33,14,peak_elimination,4,0.2908838987350464,False
opxrd_119,62,62,peak_elimination,4,0.2119362354278564,True
opxrd_120,4,2,peak_elimination,4,0.3103287816047668,False
opxrd_124,19,19,peak_elimination,4,0.1578731685876846,True
opxrd_125,224,225,peak_elimination,4,0.3020437955856323,False
opxrd_127,11,11,peak_elimination,4,0.2371943593025207,True
opxrd_150,15,74,peak_elimination,4,0.1160339936614036,False
opxrd_152,14,14,peak_elimination,4,0.2441520690917968,True
opxrd_168,227,191,peak_elimination,4,0.3476627469062805,False
opxrd_170,60,60,peak_elimination,4,0.293844074010849,True
opxrd_178,193,193,peak_elimination,4,0.3713985681533813,True
opxrd_184,14,14,peak_elimination,4,0.0600936748087406,True
opxrd_187,125,125,peak_elimination,4,0.3482197225093841,True
opxrd_189,2,2,peak_elimination,4,0.3474006950855255,True
opxrd_200,74,2,peak_elimination,4,0.1394666731357574,False
opxrd_201,14,14,peak_elimination,4,0.0572061873972415,True
opxrd_203,71,63,peak_elimination,4,0.344998151063919,False
opxrd_211,62,62,peak_elimination,4,0.3542697727680206,True
opxrd_212,129,129,peak_elimination,4,0.3039613366127014,True
opxrd_213,74,2,peak_elimination,4,0.1027020961046218,False
opxrd_231,4,4,peak_elimination,4,0.2754437625408172,True
opxrd_232,148,227,peak_elimination,4,0.3144173622131347,False
opxrd_239,176,61,peak_elimination,4,0.2940740883350372,False
opxrd_247,19,19,peak_elimination,4,0.2321329563856125,True
opxrd_252,36,36,peak_elimination,4,0.074499174952507,True
opxrd_255,14,2,peak_elimination,4,0.2089810967445373,False
opxrd_264,60,60,peak_elimination,4,0.2980139255523681,True
opxrd_267,221,15,peak_elimination,4,0.1209663748741149,False
opxrd_276,15,60,peak_elimination,4,0.3247231543064117,False
opxrd_283,2,2,peak_elimination,4,0.3518178462982178,True
opxrd_285,33,2,peak_elimination,4,0.2627586722373962,False
opxrd_286,129,129,peak_elimination,4,0.3282742202281952,True
opxrd_289,33,33,peak_elimination,4,0.0598400421440601,True
opxrd_294,205,205,peak_elimination,4,0.340675413608551,True
opxrd_304,14,2,peak_elimination,4,0.2163448482751846,False
opxrd_309,15,19,peak_elimination,4,0.1056341677904129,False
opxrd_310,62,62,peak_elimination,4,0.3542011976242065,True
opxrd_312,142,4,peak_elimination,4,0.1535657346248626,False
opxrd_314,227,227,peak_elimination,4,0.1748536080121994,True
opxrd_315,60,60,peak_elimination,4,0.2490010410547256,True
opxrd_328,63,13,peak_elimination,4,0.0853386595845222,False
opxrd_334,148,148,peak_elimination,4,0.19321009516716,True
opxrd_338,221,225,peak_elimination,4,0.2598016262054443,False
opxrd_343,74,140,peak_elimination,4,0.318075031042099,False
opxrd_344,61,61,peak_elimination,4,0.2386651337146759,True
opxrd_345,85,19,peak_elimination,4,0.3298629224300384,False
opxrd_346,225,225,peak_elimination,4,0.2735588848590851,True
opxrd_347,15,72,peak_elimination,4,0.228980466723442,False
opxrd_350,14,33,peak_elimination,4,0.2833677232265472,False
opxrd_352,15,60,peak_elimination,4,0.2859404683113098,False
opxrd_355,167,2,peak_elimination,4,0.2084429115056991,False
opxrd_357,4,4,peak_elimination,4,0.0231043752282857,True
opxrd_360,227,4,peak_elimination,4,0.004864381160587,False
opxrd_369,121,121,peak_elimination,4,0.2612549066543579,True
opxrd_373,2,15,peak_elimination,4,0.1913139671087265,False
opxrd_379,72,72,peak_elimination,4,0.2802395820617676,True
opxrd_381,161,18,peak_elimination,4,0.2290076315402984,False
opxrd_392,29,29,peak_elimination,4,0.2160761505365371,True
opxrd_408,2,2,peak_elimination,4,0.1938232034444809,True
opxrd_410,12,12,peak_elimination,4,0.2050525099039077,True
opxrd_415,14,62,peak_elimination,4,0.1981022506952285,False
opxrd_429,141,227,peak_elimination,4,0.173331469297409,False
opxrd_433,14,11,peak_elimination,4,0.2958926260471344,False
opxrd_435,140,125,peak_elimination,4,0.3530309200286865,False
opxrd_464,74,74,peak_elimination,4,0.0981309860944747,True
opxrd_467,60,60,peak_elimination,4,0.2029722183942794,True
opxrd_482,14,15,peak_elimination,4,0.3015201389789581,False
opxrd_496,148,148,peak_elimination,4,0.1283531934022903,True
opxrd_503,14,14,peak_elimination,4,0.0384457744657993,True
opxrd_507,87,62,peak_elimination,4,0.3149322867393493,False
opxrd_511,19,2,peak_elimination,4,0.2949174046516418,False
opxrd_512,74,74,peak_elimination,4,0.0755369290709495,True
opxrd_513,14,123,peak_elimination,4,0.2405217289924621,False
opxrd_519,148,163,peak_elimination,4,0.2729119658470154,False
opxrd_529,227,71,peak_elimination,4,0.3444749414920807,False
opxrd_531,14,2,peak_elimination,4,0.0732743814587593,False
opxrd_535,164,62,peak_elimination,4,0.2638521492481231,False
opxrd_536,60,62,peak_elimination,4,0.3026608526706695,False
opxrd_540,194,194,peak_elimination,4,0.3503485321998596,True
opxrd_542,58,58,peak_elimination,4,0.1218661516904831,True
opxrd_544,88,129,peak_elimination,4,0.2658946514129638,False
opxrd_545,14,14,peak_elimination,4,0.1819398552179336,True
opxrd_553,62,62,peak_elimination,4,0.2089313715696334,True
opxrd_557,63,13,peak_elimination,4,0.0591185502707958,False
opxrd_558,15,14,peak_elimination,4,0.2800138890743255,False
opxrd_560,129,14,peak_elimination,4,0.1977011561393737,False
opxrd_561,62,62,peak_elimination,4,0.1320461332798004,True
opxrd_564,92,92,peak_elimination,4,0.3740868270397186,True
opxrd_576,176,176,peak_elimination,4,0.2792617380619049,True
opxrd_586,62,13,peak_elimination,4,0.2820002138614654,False
opxrd_588,2,2,peak_elimination,4,0.1675667762756347,True
opxrd_600,14,60,peak_elimination,4,0.3187033236026764,False
opxrd_608,19,19,peak_elimination,4,0.3002561628818512,True
opxrd_613,123,62,peak_elimination,4,0.3295413255691528,False
opxrd_618,129,129,peak_elimination,4,0.2626990079879761,True
opxrd_619,14,14,peak_elimination,4,0.237087070941925,True
opxrd_624,14,26,peak_elimination,4,0.2783394157886505,False
opxrd_627,74,74,peak_elimination,4,0.1208205446600914,True
opxrd_629,129,129,peak_elimination,4,0.2147346585988998,True
opxrd_631,166,166,peak_elimination,4,0.2523728013038635,True
opxrd_632,166,166,peak_elimination,4,0.2555973529815674,True
opxrd_633,198,227,peak_elimination,4,0.2567312121391296,False
opxrd_634,193,166,peak_elimination,4,0.3760488331317901,False
opxrd_635,2,15,peak_elimination,4,0.3265424966812134,False
opxrd_642,140,140,peak_elimination,4,0.374959260225296,True
opxrd_646,19,14,peak_elimination,4,0.0420191213488578,False
opxrd_651,14,14,peak_elimination,4,0.0126775009557604,True
opxrd_666,14,60,peak_elimination,4,0.2832462191581726,False
opxrd_667,2,2,peak_elimination,4,0.2295163571834564,True
opxrd_670,15,129,peak_elimination,4,0.2075618654489517,False
opxrd_676,14,14,peak_elimination,4,0.1852415800094604,True
opxrd_677,19,2,peak_elimination,4,0.1426932960748672,False
opxrd_683,2,2,peak_elimination,4,0.2029494941234588,True
opxrd_691,26,26,peak_elimination,4,0.2817319333553314,True
opxrd_695,148,148,peak_elimination,4,0.1209783256053924,True
opxrd_707,191,14,peak_elimination,4,0.2703616917133331,False
opxrd_708,45,45,peak_elimination,4,0.2503467202186584,True
opxrd_710,9,14,peak_elimination,4,0.1846951097249984,False
opxrd_727,2,14,peak_elimination,4,0.1999818831682205,False
opxrd_730,14,14,peak_elimination,4,0.2786562740802765,True
opxrd_735,62,62,peak_elimination,4,0.1919883340597152,True
opxrd_738,61,14,peak_elimination,4,0.2112353295087814,False
opxrd_740,4,14,peak_elimination,4,0.3134301602840423,False
opxrd_742,221,221,peak_elimination,4,0.1661955416202545,True
opxrd_743,72,15,peak_elimination,4,0.2723950147628784,False
opxrd_745,74,15,peak_elimination,4,0.0643670633435249,False
opxrd_749,63,52,peak_elimination,4,0.1448846310377121,False
opxrd_752,36,19,peak_elimination,4,0.1393413841724395,False
opxrd_755,5,29,peak_elimination,4,0.3228679895401001,False
opxrd_756,167,167,peak_elimination,4,0.3867151141166687,True
opxrd_760,14,123,peak_elimination,4,0.2785670459270477,False
opxrd_773,166,166,peak_elimination,4,0.2566810548305511,True
opxrd_779,2,14,peak_elimination,4,0.3285510838031769,False
opxrd_781,74,74,peak_elimination,4,0.0758479014039039,True
opxrd_782,13,13,peak_elimination,4,0.1546602696180343,True
opxrd_787,217,217,peak_elimination,4,0.2299923598766327,True
opxrd_797,12,14,peak_elimination,4,0.1697660237550735,False
opxrd_801,88,88,peak_elimination,4,0.2083557993173599,True
opxrd_803,125,125,peak_elimination,4,0.3296416699886322,True
opxrd_805,139,139,peak_elimination,4,0.3615227043628692,True
opxrd_808,129,176,peak_elimination,4,0.214043453335762,False
opxrd_809,62,19,peak_elimination,4,0.1417656689882278,False
opxrd_816,14,14,peak_elimination,4,0.2157302349805832,True
opxrd_817,14,15,peak_elimination,4,0.2787611186504364,False
opxrd_818,191,14,peak_elimination,4,0.2321714460849762,False
opxrd_823,14,14,peak_elimination,4,0.1811175942420959,True
opxrd_824,14,14,peak_elimination,4,0.3223224878311157,True
opxrd_826,125,125,peak_elimination,4,0.2617605626583099,True
opxrd_831,223,164,peak_elimination,4,0.285774677991867,False
opxrd_833,139,139,peak_elimination,4,0.3838687837123871,True
opxrd_836,12,14,peak_elimination,4,0.2609891593456268,False
opxrd_850,19,14,peak_elimination,4,0.1645411700010299,False
opxrd_862,225,225,peak_elimination,4,0.1358705461025238,True
opxrd_866,225,225,peak_elimination,4,0.1174773350358009,True
opxrd_871,225,225,peak_elimination,4,0.0948335602879524,True
opxrd_875,225,225,peak_elimination,4,0.072821632027626,True
opxrd_883,225,225,peak_elimination,4,0.1157459616661071,True
opxrd_885,225,225,peak_elimination,4,0.1514354050159454,True
opxrd_886,225,225,peak_elimination,4,0.0947276800870895,True
opxrd_898,225,225,peak_elimination,4,0.1319629698991775,True
opxrd_901,225,225,peak_elimination,4,0.13153076171875,True
opxrd_904,225,225,peak_elimination,4,0.145877331495285,True
opxrd_907,225,225,peak_elimination,4,0.0774955824017524,True
opxrd_910,225,225,peak_elimination,4,0.1191940605640411,True
opxrd_913,225,225,peak_elimination,4,0.0802383422851562,True
opxrd_917,225,225,peak_elimination,4,0.2266101688146591,True
opxrd_927,225,225,peak_elimination,4,0.1236665546894073,True
opxrd_930,225,225,peak_elimination,4,0.0718786716461181,True
opxrd_935,225,225,peak_elimination,4,0.1847155690193176,True
opxrd_938,225,225,peak_elimination,4,0.1403381526470184,True
opxrd_943,225,225,peak_elimination,4,0.1484929621219635,True
opxrd_944,225,225,peak_elimination,4,0.138913869857788,True
opxrd_950,225,225,peak_elimination,4,0.1517954468727111,True
opxrd_958,225,225,peak_elimination,4,0.1370504349470138,True
opxrd_965,225,225,peak_elimination,4,0.2250192612409591,True
opxrd_970,225,225,peak_elimination,4,0.1493738293647766,True
opxrd_983,225,225,peak_elimination,4,0.139030322432518,True
opxrd_986,225,225,peak_elimination,4,0.0828291922807693,True
opxrd_994,225,225,peak_elimination,4,0.1387632042169571,True
opxrd_998,225,225,peak_elimination,4,0.1501084268093109,True
opxrd_1005,225,225,peak_elimination,4,0.1448753327131271,True
opxrd_1015,225,225,peak_elimination,4,0.0900634676218032,True
opxrd_1016,225,225,peak_elimination,4,0.0860902667045593,True
opxrd_1024,225,225,peak_elimination,4,0.1288949698209762,True
opxrd_1027,225,139,peak_elimination,4,0.2942834794521332,False
opxrd_1037,225,225,peak_elimination,4,0.1257166415452957,True
opxrd_1039,225,62,peak_elimination,4,0.3131485283374786,False
opxrd_1054,225,225,peak_elimination,4,0.1416478157043457,True
opxrd_1058,225,225,peak_elimination,4,0.1316913813352584,True
opxrd_1061,225,225,peak_elimination,4,0.1403357982635498,True
opxrd_1067,225,225,peak_elimination,4,0.1392545700073242,True
opxrd_1068,225,225,peak_elimination,4,0.1396252363920211,True
opxrd_1072,225,225,peak_elimination,4,0.150051400065422,True
opxrd_1079,225,225,peak_elimination,4,0.2413387596607208,True
opxrd_1081,225,225,peak_elimination,4,0.1158025413751602,True
opxrd_1082,225,225,peak_elimination,4,0.1239842548966407,True
opxrd_1083,225,225,peak_elimination,4,0.1321804374456405,True
opxrd_1084,225,225,peak_elimination,4,0.1308428198099136,True
opxrd_1087,225,225,peak_elimination,4,0.1271049678325653,True
opxrd_1091,225,225,peak_elimination,4,0.228344976902008,True
opxrd_1092,225,225,peak_elimination,4,0.0815997645258903,True
opxrd_1094,225,225,peak_elimination,4,0.1394972503185272,True
opxrd_1100,225,139,peak_elimination,4,0.3383186161518097,False
opxrd_1105,225,225,peak_elimination,4,0.0835015624761581,True
opxrd_1113,225,225,peak_elimination,4,0.3042568266391754,True
opxrd_1117,225,225,peak_elimination,4,0.13564133644104,True
opxrd_1118,225,225,peak_elimination,4,0.131453737616539,True
opxrd_1120,225,225,peak_elimination,4,0.1452485918998718,True
opxrd_1123,225,225,peak_elimination,4,0.2825714647769928,True
opxrd_1126,225,225,peak_elimination,4,0.1323021054267883,True
opxrd_1135,225,139,peak_elimination,4,0.3718779981136322,False
opxrd_1138,225,225,peak_elimination,4,0.2664290070533752,True
opxrd_1140,225,139,peak_elimination,4,0.3465203046798706,False
opxrd_1142,225,225,peak_elimination,4,0.0962699577212333,True
opxrd_1145,225,225,peak_elimination,4,0.1489910781383514,True
opxrd_1152,225,225,peak_elimination,4,0.1297618299722671,True
opxrd_1175,225,225,peak_elimination,4,0.0996060818433761,True
opxrd_1180,225,225,peak_elimination,4,0.1361451596021652,True
opxrd_1183,225,225,peak_elimination,4,0.1380525231361389,True
opxrd_1185,225,225,peak_elimination,4,0.1338647305965423,True
opxrd_1188,225,225,peak_elimination,4,0.2366306036710739,True
opxrd_1190,225,225,peak_elimination,4,0.1734426021575927,True
opxrd_aug_source_715_label_52,53,53,peak_elimination,4,0.2603426873683929,True
opxrd_0,225,217,preferred_orientation_like,0,0.3196547329425812,False
opxrd_1,88,88,preferred_orientation_like,0,0.1997701972723007,True
opxrd_7,61,14,preferred_orientation_like,0,0.2639803290367126,False
opxrd_15,221,63,preferred_orientation_like,0,0.2528977394104004,False
opxrd_22,216,227,preferred_orientation_like,0,0.1757238060235977,False
opxrd_28,15,15,preferred_orientation_like,0,0.066468209028244,True
opxrd_32,14,12,preferred_orientation_like,0,0.1395112872123718,False
opxrd_35,2,14,preferred_orientation_like,0,0.3096842169761657,False
opxrd_36,163,163,preferred_orientation_like,0,0.2287192046642303,True
opxrd_37,11,11,preferred_orientation_like,0,0.1982654482126236,True
opxrd_38,13,2,preferred_orientation_like,0,0.1167600005865097,False
opxrd_46,148,148,preferred_orientation_like,0,0.1493720114231109,True
opxrd_53,139,139,preferred_orientation_like,0,0.3984912037849426,True
opxrd_61,14,14,preferred_orientation_like,0,0.2237460017204284,True
opxrd_68,60,60,preferred_orientation_like,0,0.2698507308959961,True
opxrd_76,129,129,preferred_orientation_like,0,0.3269453048706054,True
opxrd_83,2,2,preferred_orientation_like,0,0.1802796572446823,True
opxrd_85,203,203,preferred_orientation_like,0,0.1363798826932907,True
opxrd_94,15,15,preferred_orientation_like,0,0.295136034488678,True
opxrd_97,15,19,preferred_orientation_like,0,0.1123532205820083,False
opxrd_98,2,2,preferred_orientation_like,0,0.1867080479860305,True
opxrd_106,11,11,preferred_orientation_like,0,0.272022008895874,True
opxrd_114,33,72,preferred_orientation_like,0,0.2801096439361572,False
opxrd_119,62,62,preferred_orientation_like,0,0.1450783312320709,True
opxrd_120,4,2,preferred_orientation_like,0,0.3070458471775055,False
opxrd_124,19,227,preferred_orientation_like,0,0.1397031992673874,False
opxrd_125,224,140,preferred_orientation_like,0,0.3109070658683777,False
opxrd_127,11,11,preferred_orientation_like,0,0.2569730579853058,True
opxrd_150,15,15,preferred_orientation_like,0,0.0588074177503585,True
opxrd_152,14,14,preferred_orientation_like,0,0.2183337956666946,True
opxrd_168,227,227,preferred_orientation_like,0,0.2870947122573852,True
opxrd_170,60,60,preferred_orientation_like,0,0.2833455204963684,True
opxrd_178,193,193,preferred_orientation_like,0,0.3531526029109955,True
opxrd_184,14,14,preferred_orientation_like,0,0.1770453304052353,True
opxrd_187,125,125,preferred_orientation_like,0,0.3307113945484161,True
opxrd_189,2,2,preferred_orientation_like,0,0.368822693824768,True
opxrd_200,74,15,preferred_orientation_like,0,0.0841857567429542,False
opxrd_201,14,14,preferred_orientation_like,0,0.2333286702632904,True
opxrd_203,71,206,preferred_orientation_like,0,0.3825743496417999,False
opxrd_211,62,62,preferred_orientation_like,0,0.3286491632461548,True
opxrd_212,129,129,preferred_orientation_like,0,0.2708155214786529,True
opxrd_213,74,2,preferred_orientation_like,0,0.1278558075428009,False
opxrd_231,4,4,preferred_orientation_like,0,0.2613534927368164,True
opxrd_232,148,74,preferred_orientation_like,0,0.3032024502754211,False
opxrd_239,176,176,preferred_orientation_like,0,0.3473044633865356,True
opxrd_247,19,19,preferred_orientation_like,0,0.2743028402328491,True
opxrd_252,36,36,preferred_orientation_like,0,0.2609171271324157,True
opxrd_255,14,2,preferred_orientation_like,0,0.248295322060585,False
opxrd_264,60,60,preferred_orientation_like,0,0.2071934342384338,True
opxrd_267,221,2,preferred_orientation_like,0,0.2120024114847183,False
opxrd_276,15,60,preferred_orientation_like,0,0.3345195651054382,False
opxrd_283,2,2,preferred_orientation_like,0,0.3666792511940002,True
opxrd_285,33,2,preferred_orientation_like,0,0.2792768180370331,False
opxrd_286,129,129,preferred_orientation_like,0,0.3090987205505371,True
opxrd_289,33,33,preferred_orientation_like,0,0.1297385990619659,True
opxrd_294,205,205,preferred_orientation_like,0,0.3463897109031677,True
opxrd_304,14,2,preferred_orientation_like,0,0.2482324391603469,False
opxrd_309,15,19,preferred_orientation_like,0,0.098701536655426,False
opxrd_310,62,62,preferred_orientation_like,0,0.3549270927906036,True
opxrd_312,142,125,preferred_orientation_like,0,0.3159170150756836,False
opxrd_314,227,139,preferred_orientation_like,0,0.3178462982177734,False
opxrd_315,60,60,preferred_orientation_like,0,0.3123469352722168,True
opxrd_328,63,61,preferred_orientation_like,0,0.2236452996730804,False
opxrd_334,148,148,preferred_orientation_like,0,0.2011849135160446,True
opxrd_338,221,225,preferred_orientation_like,0,0.2086428105831146,False
opxrd_343,74,140,preferred_orientation_like,0,0.3431458473205566,False
opxrd_344,61,61,preferred_orientation_like,0,0.1718146353960037,True
opxrd_345,85,29,preferred_orientation_like,0,0.3566191494464874,False
opxrd_346,225,225,preferred_orientation_like,0,0.3255366086959839,True
opxrd_347,15,26,preferred_orientation_like,0,0.2603565454483032,False
opxrd_350,14,19,preferred_orientation_like,0,0.284609854221344,False
opxrd_352,15,14,preferred_orientation_like,0,0.2748126983642578,False
opxrd_355,167,2,preferred_orientation_like,0,0.1924705356359481,False
opxrd_357,4,2,preferred_orientation_like,0,0.1536779850721359,False
opxrd_360,227,14,preferred_orientation_like,0,0.0276042632758617,False
opxrd_369,121,121,preferred_orientation_like,0,0.2523454129695892,True
opxrd_373,2,58,preferred_orientation_like,0,0.1376262754201889,False
opxrd_379,72,72,preferred_orientation_like,0,0.2979427874088287,True
opxrd_381,161,14,preferred_orientation_like,0,0.20440773665905,False
opxrd_392,29,63,preferred_orientation_like,0,0.2111764997243881,False
opxrd_408,2,2,preferred_orientation_like,0,0.1728113442659378,True
opxrd_410,12,12,preferred_orientation_like,0,0.2240799367427826,True
opxrd_415,14,62,preferred_orientation_like,0,0.2855401933193207,False
opxrd_429,141,227,preferred_orientation_like,0,0.1718108206987381,False
opxrd_433,14,15,preferred_orientation_like,0,0.2632206082344055,False
opxrd_435,140,140,preferred_orientation_like,0,0.3862147331237793,True
opxrd_464,74,74,preferred_orientation_like,0,0.1073690950870513,True
opxrd_467,60,60,preferred_orientation_like,0,0.1706410050392151,True
opxrd_482,14,15,preferred_orientation_like,0,0.3039425611495971,False
opxrd_496,148,148,preferred_orientation_like,0,0.1631152927875518,True
opxrd_503,14,14,preferred_orientation_like,0,0.0871306136250495,True
opxrd_507,87,63,preferred_orientation_like,0,0.3303127884864807,False
opxrd_511,19,2,preferred_orientation_like,0,0.2140788584947586,False
opxrd_512,74,15,preferred_orientation_like,0,0.0690118819475174,False
opxrd_513,14,123,preferred_orientation_like,0,0.24549300968647,False
opxrd_519,148,163,preferred_orientation_like,0,0.2801336348056793,False
opxrd_529,227,71,preferred_orientation_like,0,0.366868108510971,False
opxrd_531,14,2,preferred_orientation_like,0,0.2036086916923523,False
opxrd_535,164,166,preferred_orientation_like,0,0.2523885667324066,False
opxrd_536,60,62,preferred_orientation_like,0,0.3226106762886047,False
opxrd_540,194,194,preferred_orientation_like,0,0.3807083964347839,True
opxrd_542,58,58,preferred_orientation_like,0,0.1574606299400329,True
opxrd_544,88,88,preferred_orientation_like,0,0.1827264279127121,True
opxrd_545,14,14,preferred_orientation_like,0,0.2339233160018921,True
opxrd_553,62,62,preferred_orientation_like,0,0.1863470524549484,True
opxrd_557,63,61,preferred_orientation_like,0,0.1516111493110656,False
opxrd_558,15,14,preferred_orientation_like,0,0.2327711880207061,False
opxrd_560,129,14,preferred_orientation_like,0,0.2338180989027023,False
opxrd_561,62,62,preferred_orientation_like,0,0.1426059603691101,True
opxrd_564,92,140,preferred_orientation_like,0,0.3729366064071655,False
opxrd_576,176,19,preferred_orientation_like,0,0.2496832460165023,False
opxrd_586,62,13,preferred_orientation_like,0,0.2673508524894714,False
opxrd_588,2,2,preferred_orientation_like,0,0.1754728406667709,True
opxrd_600,14,19,preferred_orientation_like,0,0.2695516645908355,False
opxrd_608,19,205,preferred_orientation_like,0,0.3188240528106689,False
opxrd_613,123,140,preferred_orientation_like,0,0.3664441704750061,False
opxrd_618,129,129,preferred_orientation_like,0,0.2150356918573379,True
opxrd_619,14,14,preferred_orientation_like,0,0.2673034965991974,True
opxrd_624,14,14,preferred_orientation_like,0,0.3005826473236084,True
opxrd_627,74,15,preferred_orientation_like,0,0.0681620687246322,False
opxrd_629,129,129,preferred_orientation_like,0,0.2059341818094253,True
opxrd_631,166,166,preferred_orientation_like,0,0.263386458158493,True
opxrd_632,166,166,preferred_orientation_like,0,0.2563835084438324,True
opxrd_633,198,15,preferred_orientation_like,0,0.3449759483337402,False
opxrd_634,193,193,preferred_orientation_like,0,0.3453235328197479,True
opxrd_635,2,2,preferred_orientation_like,0,0.3708712160587311,True
opxrd_642,140,140,preferred_orientation_like,0,0.2151226997375488,True
opxrd_646,19,14,preferred_orientation_like,0,0.0460759587585926,False
opxrd_651,14,2,preferred_orientation_like,0,0.1923342943191528,False
opxrd_666,14,60,preferred_orientation_like,0,0.3283078968524933,False
opxrd_667,2,19,preferred_orientation_like,0,0.2670919597148895,False
opxrd_670,15,161,preferred_orientation_like,0,0.1769948601722717,False
opxrd_676,14,14,preferred_orientation_like,0,0.2068125903606414,True
opxrd_677,19,2,preferred_orientation_like,0,0.2071597129106521,False
opxrd_683,2,2,preferred_orientation_like,0,0.1877104789018631,True
opxrd_691,26,60,preferred_orientation_like,0,0.2482889145612716,False
opxrd_695,148,148,preferred_orientation_like,0,0.1624940484762191,True
opxrd_707,191,191,preferred_orientation_like,0,0.2242821455001831,True
opxrd_708,45,45,preferred_orientation_like,0,0.2972886860370636,True
opxrd_710,9,14,preferred_orientation_like,0,0.1833612620830536,False
opxrd_727,2,14,preferred_orientation_like,0,0.2201271057128906,False
opxrd_730,14,14,preferred_orientation_like,0,0.277128666639328,True
opxrd_735,62,62,preferred_orientation_like,0,0.2377131432294845,True
opxrd_738,61,2,preferred_orientation_like,0,0.1863563060760498,False
opxrd_740,4,61,preferred_orientation_like,0,0.2962314188480377,False
opxrd_742,221,221,preferred_orientation_like,0,0.1383753716945648,True
opxrd_743,72,72,preferred_orientation_like,0,0.2592000365257263,True
opxrd_745,74,15,preferred_orientation_like,0,0.0794521644711494,False
opxrd_749,63,14,preferred_orientation_like,0,0.2278131246566772,False
opxrd_752,36,36,preferred_orientation_like,0,0.2365973442792892,True
opxrd_755,5,29,preferred_orientation_like,0,0.3263879716396332,False
opxrd_756,167,167,preferred_orientation_like,0,0.4044118821620941,True
opxrd_760,14,123,preferred_orientation_like,0,0.2632439136505127,False
opxrd_773,166,191,preferred_orientation_like,0,0.2631315886974334,False
opxrd_779,2,70,preferred_orientation_like,0,0.2866212427616119,False
opxrd_781,74,15,preferred_orientation_like,0,0.0958268344402313,False
opxrd_782,13,15,preferred_orientation_like,0,0.2059615850448608,False
opxrd_787,217,14,preferred_orientation_like,0,0.2231393307447433,False
opxrd_797,12,194,preferred_orientation_like,0,0.2000273764133453,False
opxrd_801,88,88,preferred_orientation_like,0,0.212121844291687,True
opxrd_803,125,125,preferred_orientation_like,0,0.3357684910297394,True
opxrd_805,139,92,preferred_orientation_like,0,0.3741638362407684,False
opxrd_808,129,14,preferred_orientation_like,0,0.2526833713054657,False
opxrd_809,62,15,preferred_orientation_like,0,0.3078528642654419,False
opxrd_816,14,60,preferred_orientation_like,0,0.2224722951650619,False
opxrd_817,14,15,preferred_orientation_like,0,0.2589039206504822,False
opxrd_818,191,191,preferred_orientation_like,0,0.2761561870574951,True
opxrd_823,14,19,preferred_orientation_like,0,0.1862869411706924,False
opxrd_824,14,14,preferred_orientation_like,0,0.2695871293544769,True
opxrd_826,125,125,preferred_orientation_like,0,0.3324247002601623,True
opxrd_831,223,166,preferred_orientation_like,0,0.1989152580499649,False
opxrd_833,139,139,preferred_orientation_like,0,0.3988839983940124,True
opxrd_836,12,2,preferred_orientation_like,0,0.2380797863006591,False
opxrd_850,19,88,preferred_orientation_like,0,0.268198162317276,False
opxrd_862,225,225,preferred_orientation_like,0,0.1276963800191879,True
opxrd_866,225,225,preferred_orientation_like,0,0.1585121601819992,True
opxrd_871,225,51,preferred_orientation_like,0,0.1581567525863647,False
opxrd_875,225,225,preferred_orientation_like,0,0.0700153484940528,True
opxrd_883,225,225,preferred_orientation_like,0,0.1162577643990516,True
opxrd_885,225,225,preferred_orientation_like,0,0.1285412460565567,True
opxrd_886,225,225,preferred_orientation_like,0,0.1169452965259552,True
opxrd_898,225,225,preferred_orientation_like,0,0.1298415511846542,True
opxrd_901,225,225,preferred_orientation_like,0,0.1675286591053009,True
opxrd_904,225,225,preferred_orientation_like,0,0.1549077481031417,True
opxrd_907,225,225,preferred_orientation_like,0,0.1132840290665626,True
opxrd_910,225,225,preferred_orientation_like,0,0.1166965067386627,True
opxrd_913,225,51,preferred_orientation_like,0,0.213163286447525,False
opxrd_917,225,225,preferred_orientation_like,0,0.1342830955982208,True
opxrd_927,225,225,preferred_orientation_like,0,0.1189732924103736,True
opxrd_930,225,225,preferred_orientation_like,0,0.0661740750074386,True
opxrd_935,225,225,preferred_orientation_like,0,0.1246793791651725,True
opxrd_938,225,225,preferred_orientation_like,0,0.1296170651912689,True
opxrd_943,225,225,preferred_orientation_like,0,0.1565410941839218,True
opxrd_944,225,225,preferred_orientation_like,0,0.1336365342140197,True
opxrd_950,225,225,preferred_orientation_like,0,0.1511320620775222,True
opxrd_958,225,225,preferred_orientation_like,0,0.1279317140579223,True
opxrd_965,225,225,preferred_orientation_like,0,0.1054150015115737,True
opxrd_970,225,225,preferred_orientation_like,0,0.1346363276243209,True
opxrd_983,225,225,preferred_orientation_like,0,0.1274163424968719,True
opxrd_986,225,225,preferred_orientation_like,0,0.1184614822268486,True
opxrd_994,225,225,preferred_orientation_like,0,0.1356624513864517,True
opxrd_998,225,225,preferred_orientation_like,0,0.137044608592987,True
opxrd_1005,225,225,preferred_orientation_like,0,0.1416654735803604,True
opxrd_1015,225,225,preferred_orientation_like,0,0.0824365019798278,True
opxrd_1016,225,225,preferred_orientation_like,0,0.0776994600892067,True
opxrd_1024,225,225,preferred_orientation_like,0,0.1325246542692184,True
opxrd_1027,225,139,preferred_orientation_like,0,0.2766839265823364,False
opxrd_1037,225,225,preferred_orientation_like,0,0.1312367767095565,True
opxrd_1039,225,225,preferred_orientation_like,0,0.1404162943363189,True
opxrd_1054,225,225,preferred_orientation_like,0,0.1426222771406173,True
opxrd_1058,225,225,preferred_orientation_like,0,0.131295770406723,True
opxrd_1061,225,225,preferred_orientation_like,0,0.138903871178627,True
opxrd_1067,225,225,preferred_orientation_like,0,0.1377373337745666,True
opxrd_1068,225,225,preferred_orientation_like,0,0.1281650513410568,True
opxrd_1072,225,225,preferred_orientation_like,0,0.1461255103349685,True
opxrd_1079,225,225,preferred_orientation_like,0,0.1296378970146179,True
opxrd_1081,225,225,preferred_orientation_like,0,0.1681020408868789,True
opxrd_1082,225,225,preferred_orientation_like,0,0.1262764632701873,True
opxrd_1083,225,225,preferred_orientation_like,0,0.1342195272445678,True
opxrd_1084,225,225,preferred_orientation_like,0,0.1247612610459327,True
opxrd_1087,225,225,preferred_orientation_like,0,0.1320979297161102,True
opxrd_1091,225,225,preferred_orientation_like,0,0.136099487543106,True
opxrd_1092,225,51,preferred_orientation_like,0,0.1759341955184936,False
opxrd_1094,225,225,preferred_orientation_like,0,0.1305556148290634,True
opxrd_1100,225,225,preferred_orientation_like,0,0.1158861368894577,True
opxrd_1105,225,225,preferred_orientation_like,0,0.1348957866430282,True
opxrd_1113,225,225,preferred_orientation_like,0,0.1358634382486343,True
opxrd_1117,225,225,preferred_orientation_like,0,0.184513583779335,True
opxrd_1118,225,225,preferred_orientation_like,0,0.1578705161809921,True
opxrd_1120,225,225,preferred_orientation_like,0,0.1434268951416015,True
opxrd_1123,225,225,preferred_orientation_like,0,0.1324818432331085,True
opxrd_1126,225,225,preferred_orientation_like,0,0.1341552585363388,True
opxrd_1135,225,225,preferred_orientation_like,0,0.1391717344522476,True
opxrd_1138,225,225,preferred_orientation_like,0,0.1409636884927749,True
opxrd_1140,225,225,preferred_orientation_like,0,0.1351159363985061,True
opxrd_1142,225,225,preferred_orientation_like,0,0.1439370810985565,True
opxrd_1145,225,225,preferred_orientation_like,0,0.133951336145401,True
opxrd_1152,225,225,preferred_orientation_like,0,0.2609118819236755,True
opxrd_1175,225,225,preferred_orientation_like,0,0.1823886930942535,True
opxrd_1180,225,225,preferred_orientation_like,0,0.1394355297088623,True
opxrd_1183,225,225,preferred_orientation_like,0,0.1317093223333358,True
opxrd_1185,225,225,preferred_orientation_like,0,0.1433953046798706,True
opxrd_1188,225,225,preferred_orientation_like,0,0.1275946646928787,True
opxrd_1190,225,225,preferred_orientation_like,0,0.1267052739858627,True
opxrd_aug_source_715_label_52,53,53,preferred_orientation_like,0,0.24611496925354,True
opxrd_0,225,217,preferred_orientation_like,1,0.3186610043048858,False
opxrd_1,88,88,preferred_orientation_like,1,0.195415660738945,True
opxrd_7,61,14,preferred_orientation_like,1,0.260057121515274,False
opxrd_15,221,63,preferred_orientation_like,1,0.2294143140316009,False
opxrd_22,216,227,preferred_orientation_like,1,0.2495428323745727,False
opxrd_28,15,15,preferred_orientation_like,1,0.0555017776787281,True
opxrd_32,14,12,preferred_orientation_like,1,0.2747764587402344,False
opxrd_35,2,29,preferred_orientation_like,1,0.321352481842041,False
opxrd_36,163,15,preferred_orientation_like,1,0.1965154409408569,False
opxrd_37,11,11,preferred_orientation_like,1,0.213687464594841,True
opxrd_38,13,2,preferred_orientation_like,1,0.1880770474672317,False
opxrd_46,148,148,preferred_orientation_like,1,0.1531214267015457,True
opxrd_53,139,139,preferred_orientation_like,1,0.4012481272220611,True
opxrd_61,14,123,preferred_orientation_like,1,0.1808006465435028,False
opxrd_68,60,60,preferred_orientation_like,1,0.2401053309440612,True
opxrd_76,129,129,preferred_orientation_like,1,0.2755210697650909,True
opxrd_83,2,2,preferred_orientation_like,1,0.2029542326927185,True
opxrd_85,203,203,preferred_orientation_like,1,0.1164471060037612,True
opxrd_94,15,15,preferred_orientation_like,1,0.2716944217681885,True
opxrd_97,15,2,preferred_orientation_like,1,0.1206251680850982,False
opxrd_98,2,14,preferred_orientation_like,1,0.208838552236557,False
opxrd_106,11,11,preferred_orientation_like,1,0.2255054265260696,True
opxrd_114,33,14,preferred_orientation_like,1,0.3117755353450775,False
opxrd_119,62,62,preferred_orientation_like,1,0.1856269091367721,True
opxrd_120,4,2,preferred_orientation_like,1,0.3039398193359375,False
opxrd_124,19,2,preferred_orientation_like,1,0.1677161753177642,False
opxrd_125,224,127,preferred_orientation_like,1,0.2905482351779938,False
opxrd_127,11,11,preferred_orientation_like,1,0.2704377472400665,True
opxrd_150,15,15,preferred_orientation_like,1,0.1086565852165222,True
opxrd_152,14,14,preferred_orientation_like,1,0.2353431582450866,True
opxrd_168,227,14,preferred_orientation_like,1,0.3097304105758667,False
opxrd_170,60,227,preferred_orientation_like,1,0.206087440252304,False
opxrd_178,193,166,preferred_orientation_like,1,0.361865758895874,False
opxrd_184,14,14,preferred_orientation_like,1,0.1228916868567466,True
opxrd_187,125,125,preferred_orientation_like,1,0.295815497636795,True
opxrd_189,2,12,preferred_orientation_like,1,0.3374634385108948,False
opxrd_200,74,2,preferred_orientation_like,1,0.1323059201240539,False
opxrd_201,14,14,preferred_orientation_like,1,0.1489525139331817,True
opxrd_203,71,206,preferred_orientation_like,1,0.3548973500728607,False
opxrd_211,62,62,preferred_orientation_like,1,0.3209486603736877,True
opxrd_212,129,129,preferred_orientation_like,1,0.2888797223567962,True
opxrd_213,74,2,preferred_orientation_like,1,0.1457185894250869,False
opxrd_231,4,4,preferred_orientation_like,1,0.3162409365177154,True
opxrd_232,148,88,preferred_orientation_like,1,0.3123309016227722,False
opxrd_239,176,227,preferred_orientation_like,1,0.3307551741600036,False
opxrd_247,19,19,preferred_orientation_like,1,0.2509133219718933,True
opxrd_252,36,2,preferred_orientation_like,1,0.2748855948448181,False
opxrd_255,14,225,preferred_orientation_like,1,0.2378499507904052,False
opxrd_264,60,60,preferred_orientation_like,1,0.1564800441265106,True
opxrd_267,221,2,preferred_orientation_like,1,0.1548392474651336,False
opxrd_276,15,15,preferred_orientation_like,1,0.308064728975296,True
opxrd_283,2,139,preferred_orientation_like,1,0.3352314829826355,False
opxrd_285,33,2,preferred_orientation_like,1,0.2709980607032776,False
opxrd_286,129,129,preferred_orientation_like,1,0.2875203192234039,True
opxrd_289,33,36,preferred_orientation_like,1,0.064763568341732,False
opxrd_294,205,225,preferred_orientation_like,1,0.3102423548698425,False
opxrd_304,14,2,preferred_orientation_like,1,0.2704924941062927,False
opxrd_309,15,19,preferred_orientation_like,1,0.1565532237291336,False
opxrd_310,62,62,preferred_orientation_like,1,0.3215024173259735,True
opxrd_312,142,14,preferred_orientation_like,1,0.3072755932807922,False
opxrd_314,227,227,preferred_orientation_like,1,0.2458630949258804,True
opxrd_315,60,60,preferred_orientation_like,1,0.2304665446281433,True
opxrd_328,63,13,preferred_orientation_like,1,0.0552711114287376,False
opxrd_334,148,148,preferred_orientation_like,1,0.2131144553422927,True
opxrd_338,221,225,preferred_orientation_like,1,0.2076451480388641,False
opxrd_343,74,140,preferred_orientation_like,1,0.348854511976242,False
opxrd_344,61,61,preferred_orientation_like,1,0.1834163069725036,True
opxrd_345,85,205,preferred_orientation_like,1,0.3683023452758789,False
opxrd_346,225,225,preferred_orientation_like,1,0.263714998960495,True
opxrd_347,15,15,preferred_orientation_like,1,0.2378811687231063,True
opxrd_350,14,14,preferred_orientation_like,1,0.2903456687927246,True
opxrd_352,15,60,preferred_orientation_like,1,0.2698242366313934,False
opxrd_355,167,2,preferred_orientation_like,1,0.2218667566776275,False
opxrd_357,4,2,preferred_orientation_like,1,0.1759024560451507,False
opxrd_360,227,227,preferred_orientation_like,1,0.1925284713506698,True
opxrd_369,121,225,preferred_orientation_like,1,0.2996241450309753,False
opxrd_373,2,176,preferred_orientation_like,1,0.1718970984220504,False
opxrd_379,72,72,preferred_orientation_like,1,0.2971208989620209,True
opxrd_381,161,14,preferred_orientation_like,1,0.2325876802206039,False
opxrd_392,29,29,preferred_orientation_like,1,0.2276570349931717,True
opxrd_408,2,2,preferred_orientation_like,1,0.2167444825172424,True
opxrd_410,12,12,preferred_orientation_like,1,0.2398318499326706,True
opxrd_415,14,61,preferred_orientation_like,1,0.2135796248912811,False
opxrd_429,141,62,preferred_orientation_like,1,0.2062427252531051,False
opxrd_433,14,15,preferred_orientation_like,1,0.3035272657871246,False
opxrd_435,140,140,preferred_orientation_like,1,0.3850764632225036,True
opxrd_464,74,74,preferred_orientation_like,1,0.0984008982777595,True
opxrd_467,60,60,preferred_orientation_like,1,0.1977242827415466,True
opxrd_482,14,15,preferred_orientation_like,1,0.2996902167797088,False
opxrd_496,148,148,preferred_orientation_like,1,0.1492842435836792,True
opxrd_503,14,14,preferred_orientation_like,1,0.0479269661009311,True
opxrd_507,87,127,preferred_orientation_like,1,0.3425239026546478,False
opxrd_511,19,2,preferred_orientation_like,1,0.2131559997797012,False
opxrd_512,74,15,preferred_orientation_like,1,0.0607742890715599,False
opxrd_513,14,123,preferred_orientation_like,1,0.2126343697309494,False
opxrd_519,148,182,preferred_orientation_like,1,0.3083079159259796,False
opxrd_529,227,221,preferred_orientation_like,1,0.3976338505744934,False
opxrd_531,14,52,preferred_orientation_like,1,0.058278888463974,False
opxrd_535,164,198,preferred_orientation_like,1,0.1758907586336136,False
opxrd_536,60,139,preferred_orientation_like,1,0.3334463834762573,False
opxrd_540,194,194,preferred_orientation_like,1,0.3577537834644317,True
opxrd_542,58,58,preferred_orientation_like,1,0.1325006335973739,True
opxrd_544,88,88,preferred_orientation_like,1,0.1751000136137008,True
opxrd_545,14,14,preferred_orientation_like,1,0.2546613216400146,True
opxrd_553,62,225,preferred_orientation_like,1,0.2984776198863983,False
opxrd_557,63,13,preferred_orientation_like,1,0.1117380037903785,False
opxrd_558,15,14,preferred_orientation_like,1,0.2933903932571411,False
opxrd_560,129,14,preferred_orientation_like,1,0.218758687376976,False
opxrd_561,62,62,preferred_orientation_like,1,0.1776241809129715,True
opxrd_564,92,92,preferred_orientation_like,1,0.3738790154457092,True
opxrd_576,176,2,preferred_orientation_like,1,0.2318543195724487,False
opxrd_586,62,13,preferred_orientation_like,1,0.2900698781013489,False
opxrd_588,2,2,preferred_orientation_like,1,0.1684776693582534,True
opxrd_600,14,167,preferred_orientation_like,1,0.2958456873893738,False
opxrd_608,19,205,preferred_orientation_like,1,0.3488146066665649,False
opxrd_613,123,71,preferred_orientation_like,1,0.3446859717369079,False
opxrd_618,129,129,preferred_orientation_like,1,0.1935831308364868,True
opxrd_619,14,14,preferred_orientation_like,1,0.2772145867347717,True
opxrd_624,14,69,preferred_orientation_like,1,0.2613518238067627,False
opxrd_627,74,15,preferred_orientation_like,1,0.067373514175415,False
opxrd_629,129,129,preferred_orientation_like,1,0.2223936319351196,True
opxrd_631,166,166,preferred_orientation_like,1,0.2294997274875641,True
opxrd_632,166,166,preferred_orientation_like,1,0.1988376975059509,True
opxrd_633,198,227,preferred_orientation_like,1,0.3302988708019256,False
opxrd_634,193,139,preferred_orientation_like,1,0.4019081592559814,False
opxrd_635,2,2,preferred_orientation_like,1,0.3591379225254059,True
opxrd_642,140,140,preferred_orientation_like,1,0.2376416027545929,True
opxrd_646,19,19,preferred_orientation_like,1,0.1113917753100395,True
opxrd_651,14,14,preferred_orientation_like,1,0.0514237694442272,True
opxrd_666,14,14,preferred_orientation_like,1,0.2856361269950866,True
opxrd_667,2,2,preferred_orientation_like,1,0.224970281124115,True
opxrd_670,15,129,preferred_orientation_like,1,0.1968526989221573,False
opxrd_676,14,14,preferred_orientation_like,1,0.1503485590219497,True
opxrd_677,19,2,preferred_orientation_like,1,0.1800583600997924,False
opxrd_683,2,2,preferred_orientation_like,1,0.1670261323451995,True
opxrd_691,26,176,preferred_orientation_like,1,0.2446466237306594,False
opxrd_695,148,148,preferred_orientation_like,1,0.123094692826271,True
opxrd_707,191,191,preferred_orientation_like,1,0.2938918471336365,True
opxrd_708,45,45,preferred_orientation_like,1,0.2126781046390533,True
opxrd_710,9,14,preferred_orientation_like,1,0.1925102621316909,False
opxrd_727,2,14,preferred_orientation_like,1,0.2010332643985748,False
opxrd_730,14,14,preferred_orientation_like,1,0.2788692712783813,True
opxrd_735,62,62,preferred_orientation_like,1,0.1852155178785324,True
opxrd_738,61,2,preferred_orientation_like,1,0.2100919932126999,False
opxrd_740,4,26,preferred_orientation_like,1,0.2810207903385162,False
opxrd_742,221,221,preferred_orientation_like,1,0.175218716263771,True
opxrd_743,72,72,preferred_orientation_like,1,0.276862233877182,True
opxrd_745,74,15,preferred_orientation_like,1,0.0635847747325897,False
opxrd_749,63,14,preferred_orientation_like,1,0.1284658312797546,False
opxrd_752,36,36,preferred_orientation_like,1,0.1898868530988693,True
opxrd_755,5,29,preferred_orientation_like,1,0.3599861860275268,False
opxrd_756,167,167,preferred_orientation_like,1,0.414500892162323,True
opxrd_760,14,2,preferred_orientation_like,1,0.2347743511199951,False
opxrd_773,166,14,preferred_orientation_like,1,0.2448734492063522,False
opxrd_779,2,14,preferred_orientation_like,1,0.3110543191432953,False
opxrd_781,74,15,preferred_orientation_like,1,0.0885236114263534,False
opxrd_782,13,3,preferred_orientation_like,1,0.2439472675323486,False
opxrd_787,217,14,preferred_orientation_like,1,0.2047799825668335,False
opxrd_797,12,164,preferred_orientation_like,1,0.3039382100105285,False
opxrd_801,88,88,preferred_orientation_like,1,0.2245088219642639,True
opxrd_803,125,125,preferred_orientation_like,1,0.3131283521652221,True
opxrd_805,139,139,preferred_orientation_like,1,0.3450077474117279,True
opxrd_808,129,176,preferred_orientation_like,1,0.1933199763298034,False
opxrd_809,62,36,preferred_orientation_like,1,0.245853841304779,False
opxrd_816,14,14,preferred_orientation_like,1,0.229759857058525,True
opxrd_817,14,15,preferred_orientation_like,1,0.3046630024909973,False
opxrd_818,191,191,preferred_orientation_like,1,0.2603163123130798,True
opxrd_823,14,14,preferred_orientation_like,1,0.2252036482095718,True
opxrd_824,14,14,preferred_orientation_like,1,0.2618485391139984,True
opxrd_826,125,125,preferred_orientation_like,1,0.3482569754123688,True
opxrd_831,223,166,preferred_orientation_like,1,0.1799499243497848,False
opxrd_833,139,139,preferred_orientation_like,1,0.3765571713447571,True
opxrd_836,12,2,preferred_orientation_like,1,0.2632293403148651,False
opxrd_850,19,62,preferred_orientation_like,1,0.2313647121191024,False
opxrd_862,225,225,preferred_orientation_like,1,0.143595203757286,True
opxrd_866,225,225,preferred_orientation_like,1,0.1222096309065818,True
opxrd_871,225,225,preferred_orientation_like,1,0.0710328668355941,True
opxrd_875,225,225,preferred_orientation_like,1,0.080778069794178,True
opxrd_883,225,225,preferred_orientation_like,1,0.110203318297863,True
opxrd_885,225,225,preferred_orientation_like,1,0.12834233045578,True
opxrd_886,225,225,preferred_orientation_like,1,0.0972161665558815,True
opxrd_898,225,139,preferred_orientation_like,1,0.2774016261100769,False
opxrd_901,225,225,preferred_orientation_like,1,0.1462699174880981,True
opxrd_904,225,225,preferred_orientation_like,1,0.136774256825447,True
opxrd_907,225,225,preferred_orientation_like,1,0.1137823462486267,True
opxrd_910,225,225,preferred_orientation_like,1,0.1214713603258133,True
opxrd_913,225,225,preferred_orientation_like,1,0.0766395032405853,True
opxrd_917,225,225,preferred_orientation_like,1,0.1330876350402832,True
opxrd_927,225,225,preferred_orientation_like,1,0.1282913982868194,True
opxrd_930,225,225,preferred_orientation_like,1,0.0829380750656127,True
opxrd_935,225,225,preferred_orientation_like,1,0.1240110844373703,True
opxrd_938,225,225,preferred_orientation_like,1,0.1306176483631134,True
opxrd_943,225,225,preferred_orientation_like,1,0.1783244609832763,True
opxrd_944,225,225,preferred_orientation_like,1,0.1389512717723846,True
opxrd_950,225,225,preferred_orientation_like,1,0.1514389216899871,True
opxrd_958,225,225,preferred_orientation_like,1,0.1353362053632736,True
opxrd_965,225,225,preferred_orientation_like,1,0.0983239039778709,True
opxrd_970,225,225,preferred_orientation_like,1,0.1345635056495666,True
opxrd_983,225,225,preferred_orientation_like,1,0.1596980988979339,True
opxrd_986,225,139,preferred_orientation_like,1,0.2294418215751648,False
opxrd_994,225,225,preferred_orientation_like,1,0.136528268456459,True
opxrd_998,225,225,preferred_orientation_like,1,0.2004518061876297,True
opxrd_1005,225,225,preferred_orientation_like,1,0.135482907295227,True
opxrd_1015,225,225,preferred_orientation_like,1,0.0933358669281005,True
opxrd_1016,225,225,preferred_orientation_like,1,0.0780644714832305,True
opxrd_1024,225,225,preferred_orientation_like,1,0.1370100677013397,True
opxrd_1027,225,225,preferred_orientation_like,1,0.1967519670724868,True
opxrd_1037,225,225,preferred_orientation_like,1,0.1326664239168167,True
opxrd_1039,225,225,preferred_orientation_like,1,0.1446469724178314,True
opxrd_1054,225,225,preferred_orientation_like,1,0.2724377810955047,True
opxrd_1058,225,225,preferred_orientation_like,1,0.1357447952032089,True
opxrd_1061,225,225,preferred_orientation_like,1,0.1338984817266464,True
opxrd_1067,225,225,preferred_orientation_like,1,0.1305626034736633,True
opxrd_1068,225,225,preferred_orientation_like,1,0.144529640674591,True
opxrd_1072,225,225,preferred_orientation_like,1,0.2102174907922744,True
opxrd_1079,225,225,preferred_orientation_like,1,0.1232963725924491,True
opxrd_1081,225,225,preferred_orientation_like,1,0.1143267601728439,True
opxrd_1082,225,225,preferred_orientation_like,1,0.1293877959251403,True
opxrd_1083,225,225,preferred_orientation_like,1,0.2755504250526428,True
opxrd_1084,225,225,preferred_orientation_like,1,0.1245379596948623,True
opxrd_1087,225,225,preferred_orientation_like,1,0.1571230888366699,True
opxrd_1091,225,225,preferred_orientation_like,1,0.1875160783529281,True
opxrd_1092,225,225,preferred_orientation_like,1,0.0687591210007667,True
opxrd_1094,225,225,preferred_orientation_like,1,0.1310162395238876,True
opxrd_1100,225,62,preferred_orientation_like,1,0.2548891007900238,False
opxrd_1105,225,225,preferred_orientation_like,1,0.0766318067908287,True
opxrd_1113,225,225,preferred_orientation_like,1,0.135884627699852,True
opxrd_1117,225,225,preferred_orientation_like,1,0.1391679942607879,True
opxrd_1118,225,225,preferred_orientation_like,1,0.1480632722377777,True
opxrd_1120,225,225,preferred_orientation_like,1,0.1509426236152649,True
opxrd_1123,225,225,preferred_orientation_like,1,0.1339397430419922,True
opxrd_1126,225,225,preferred_orientation_like,1,0.1321838945150375,True
opxrd_1135,225,225,preferred_orientation_like,1,0.1418770998716354,True
opxrd_1138,225,225,preferred_orientation_like,1,0.1397588104009628,True
opxrd_1140,225,225,preferred_orientation_like,1,0.2272008508443832,True
opxrd_1142,225,225,preferred_orientation_like,1,0.0761070698499679,True
opxrd_1145,225,225,preferred_orientation_like,1,0.1322314143180847,True
opxrd_1152,225,225,preferred_orientation_like,1,0.1243698745965957,True
opxrd_1175,225,225,preferred_orientation_like,1,0.1208135932683944,True
opxrd_1180,225,225,preferred_orientation_like,1,0.1329569071531295,True
opxrd_1183,225,225,preferred_orientation_like,1,0.1352218985557556,True
opxrd_1185,225,225,preferred_orientation_like,1,0.1425518244504928,True
opxrd_1188,225,225,preferred_orientation_like,1,0.1334795355796814,True
opxrd_1190,225,225,preferred_orientation_like,1,0.1281681954860687,True
opxrd_aug_source_715_label_52,53,53,preferred_orientation_like,1,0.2365935295820236,True
opxrd_0,225,14,preferred_orientation_like,2,0.30374276638031,False
opxrd_1,88,88,preferred_orientation_like,2,0.2440586686134338,True
opxrd_7,61,2,preferred_orientation_like,2,0.2936732470989227,False
opxrd_15,221,63,preferred_orientation_like,2,0.1539262235164642,False
opxrd_22,216,227,preferred_orientation_like,2,0.3617571294307709,False
opxrd_28,15,15,preferred_orientation_like,2,0.053860917687416,True
opxrd_32,14,2,preferred_orientation_like,2,0.1279059648513794,False
opxrd_35,2,60,preferred_orientation_like,2,0.2827361226081848,False
opxrd_36,163,163,preferred_orientation_like,2,0.226990669965744,True
opxrd_37,11,11,preferred_orientation_like,2,0.2718730270862579,True
opxrd_38,13,2,preferred_orientation_like,2,0.131692036986351,False
opxrd_46,148,148,preferred_orientation_like,2,0.1655931323766708,True
opxrd_53,139,139,preferred_orientation_like,2,0.3858894407749176,True
opxrd_61,14,11,preferred_orientation_like,2,0.1895357966423034,False
opxrd_68,60,60,preferred_orientation_like,2,0.1624283045530319,True
opxrd_76,129,129,preferred_orientation_like,2,0.2811986804008484,True
opxrd_83,2,19,preferred_orientation_like,2,0.2096401453018188,False
opxrd_85,203,203,preferred_orientation_like,2,0.1374384313821792,True
opxrd_94,15,15,preferred_orientation_like,2,0.2405793368816375,True
opxrd_97,15,2,preferred_orientation_like,2,0.0950842946767807,False
opxrd_98,2,2,preferred_orientation_like,2,0.1832847893238067,True
opxrd_106,11,11,preferred_orientation_like,2,0.2513816058635711,True
opxrd_114,33,193,preferred_orientation_like,2,0.3475267589092254,False
opxrd_119,62,62,preferred_orientation_like,2,0.1826204508543014,True
opxrd_120,4,2,preferred_orientation_like,2,0.3004754185676574,False
opxrd_124,19,3,preferred_orientation_like,2,0.224589467048645,False
opxrd_125,224,140,preferred_orientation_like,2,0.2932502925395965,False
opxrd_127,11,11,preferred_orientation_like,2,0.1914536952972412,True
opxrd_150,15,15,preferred_orientation_like,2,0.1522707939147949,True
opxrd_152,14,14,preferred_orientation_like,2,0.2582740783691406,True
opxrd_168,227,227,preferred_orientation_like,2,0.2863549292087555,True
opxrd_170,60,60,preferred_orientation_like,2,0.3178638815879822,True
opxrd_178,193,193,preferred_orientation_like,2,0.3721067011356354,True
opxrd_184,14,164,preferred_orientation_like,2,0.2166029959917068,False
opxrd_187,125,125,preferred_orientation_like,2,0.3143840134143829,True
opxrd_189,2,2,preferred_orientation_like,2,0.323835551738739,True
opxrd_200,74,2,preferred_orientation_like,2,0.1412403136491775,False
opxrd_201,14,14,preferred_orientation_like,2,0.1650710105895996,True
opxrd_203,71,127,preferred_orientation_like,2,0.3689164519309997,False
opxrd_211,62,62,preferred_orientation_like,2,0.3177509307861328,True
opxrd_212,129,129,preferred_orientation_like,2,0.2897238731384277,True
opxrd_213,74,2,preferred_orientation_like,2,0.1120151951909065,False
opxrd_231,4,4,preferred_orientation_like,2,0.2620712518692016,True
opxrd_232,148,166,preferred_orientation_like,2,0.2918790578842163,False
opxrd_239,176,176,preferred_orientation_like,2,0.3466894626617431,True
opxrd_247,19,19,preferred_orientation_like,2,0.2347833514213562,True
opxrd_252,36,36,preferred_orientation_like,2,0.256798505783081,True
opxrd_255,14,225,preferred_orientation_like,2,0.208306074142456,False
opxrd_264,60,60,preferred_orientation_like,2,0.1983113437891006,True
opxrd_267,221,2,preferred_orientation_like,2,0.207095980644226,False
opxrd_276,15,14,preferred_orientation_like,2,0.3250147402286529,False
opxrd_283,2,2,preferred_orientation_like,2,0.3366506397724151,True
opxrd_285,33,2,preferred_orientation_like,2,0.2524199783802032,False
opxrd_286,129,129,preferred_orientation_like,2,0.3307293951511383,True
opxrd_289,33,33,preferred_orientation_like,2,0.1878504753112793,True
opxrd_294,205,205,preferred_orientation_like,2,0.3661202490329742,True
opxrd_304,14,2,preferred_orientation_like,2,0.234971597790718,False
opxrd_309,15,19,preferred_orientation_like,2,0.1452183425426483,False
opxrd_310,62,62,preferred_orientation_like,2,0.3328964114189148,True
opxrd_312,142,125,preferred_orientation_like,2,0.3211084306240082,False
opxrd_314,227,227,preferred_orientation_like,2,0.2952432930469513,True
opxrd_315,60,60,preferred_orientation_like,2,0.1916896551847458,True
opxrd_328,63,70,preferred_orientation_like,2,0.1416267901659011,False
opxrd_334,148,148,preferred_orientation_like,2,0.2172700762748718,True
opxrd_338,221,225,preferred_orientation_like,2,0.1881332099437713,False
opxrd_343,74,140,preferred_orientation_like,2,0.3193846642971039,False
opxrd_344,61,61,preferred_orientation_like,2,0.1859586685895919,True
opxrd_345,85,205,preferred_orientation_like,2,0.3401643633842468,False
opxrd_346,225,225,preferred_orientation_like,2,0.2832726240158081,True
opxrd_347,15,15,preferred_orientation_like,2,0.2349154502153396,True
opxrd_350,14,14,preferred_orientation_like,2,0.2879891693592071,True
opxrd_352,15,60,preferred_orientation_like,2,0.2953190803527832,False
opxrd_355,167,15,preferred_orientation_like,2,0.2741344273090362,False
opxrd_357,4,2,preferred_orientation_like,2,0.1988466531038284,False
opxrd_360,227,36,preferred_orientation_like,2,0.1686223447322845,False
opxrd_369,121,88,preferred_orientation_like,2,0.2594335079193115,False
opxrd_373,2,176,preferred_orientation_like,2,0.1308261901140213,False
opxrd_379,72,72,preferred_orientation_like,2,0.326296716928482,True
opxrd_381,161,14,preferred_orientation_like,2,0.2466356456279754,False
opxrd_392,29,29,preferred_orientation_like,2,0.2261663377285003,True
opxrd_408,2,2,preferred_orientation_like,2,0.1498172432184219,True
opxrd_410,12,12,preferred_orientation_like,2,0.2089253216981887,True
opxrd_415,14,62,preferred_orientation_like,2,0.1889095306396484,False
opxrd_429,141,227,preferred_orientation_like,2,0.182836651802063,False
opxrd_433,14,193,preferred_orientation_like,2,0.2951678335666656,False
opxrd_435,140,140,preferred_orientation_like,2,0.3485952913761139,True
opxrd_464,74,74,preferred_orientation_like,2,0.1121730655431747,True
opxrd_467,60,60,preferred_orientation_like,2,0.1614561975002288,True
opxrd_482,14,15,preferred_orientation_like,2,0.305280327796936,False
opxrd_496,148,148,preferred_orientation_like,2,0.1483353227376938,True
opxrd_503,14,14,preferred_orientation_like,2,0.1668931096792221,True
opxrd_507,87,186,preferred_orientation_like,2,0.254412293434143,False
opxrd_511,19,2,preferred_orientation_like,2,0.2970716953277588,False
opxrd_512,74,15,preferred_orientation_like,2,0.0491898655891418,False
opxrd_513,14,14,preferred_orientation_like,2,0.2733870148658752,True
opxrd_519,148,182,preferred_orientation_like,2,0.3087608814239502,False
opxrd_529,227,62,preferred_orientation_like,2,0.3483425974845886,False
opxrd_531,14,14,preferred_orientation_like,2,0.1090836226940155,True
opxrd_535,164,64,preferred_orientation_like,2,0.1731078773736953,False
opxrd_536,60,62,preferred_orientation_like,2,0.2823392748832702,False
opxrd_540,194,194,preferred_orientation_like,2,0.3669338822364807,True
opxrd_542,58,58,preferred_orientation_like,2,0.1511064767837524,True
opxrd_544,88,88,preferred_orientation_like,2,0.1695867180824279,True
opxrd_545,14,14,preferred_orientation_like,2,0.212704986333847,True
opxrd_553,62,62,preferred_orientation_like,2,0.2128465175628662,True
opxrd_557,63,14,preferred_orientation_like,2,0.0563408061861991,False
opxrd_558,15,14,preferred_orientation_like,2,0.2511563599109649,False
opxrd_560,129,14,preferred_orientation_like,2,0.2097708284854889,False
opxrd_561,62,62,preferred_orientation_like,2,0.1372605860233307,True
opxrd_564,92,92,preferred_orientation_like,2,0.3584027886390686,True
opxrd_576,176,176,preferred_orientation_like,2,0.2087501436471939,True
opxrd_586,62,13,preferred_orientation_like,2,0.2859671115875244,False
opxrd_588,2,2,preferred_orientation_like,2,0.1851535439491272,True
opxrd_600,14,19,preferred_orientation_like,2,0.2851652204990387,False
opxrd_608,19,19,preferred_orientation_like,2,0.3238060772418976,True
opxrd_613,123,14,preferred_orientation_like,2,0.3305157124996185,False
opxrd_618,129,129,preferred_orientation_like,2,0.2422178238630294,True
opxrd_619,14,14,preferred_orientation_like,2,0.2624681890010834,True
opxrd_624,14,14,preferred_orientation_like,2,0.2912490367889404,True
opxrd_627,74,15,preferred_orientation_like,2,0.0506991073489189,False
opxrd_629,129,129,preferred_orientation_like,2,0.2369552999734878,True
opxrd_631,166,166,preferred_orientation_like,2,0.2811847925186157,True
opxrd_632,166,166,preferred_orientation_like,2,0.2295550405979156,True
opxrd_633,198,225,preferred_orientation_like,2,0.2872277498245239,False
opxrd_634,193,193,preferred_orientation_like,2,0.3535261750221252,True
opxrd_635,2,2,preferred_orientation_like,2,0.3433696329593658,True
opxrd_642,140,140,preferred_orientation_like,2,0.2016554027795791,True
opxrd_646,19,43,preferred_orientation_like,2,0.2352700382471084,False
opxrd_651,14,14,preferred_orientation_like,2,0.0786592587828636,True
opxrd_666,14,167,preferred_orientation_like,2,0.3220991194248199,False
opxrd_667,2,2,preferred_orientation_like,2,0.231099933385849,True
opxrd_670,15,14,preferred_orientation_like,2,0.2255384624004364,False
opxrd_676,14,14,preferred_orientation_like,2,0.2009573131799698,True
opxrd_677,19,2,preferred_orientation_like,2,0.1651792377233505,False
opxrd_683,2,2,preferred_orientation_like,2,0.208250492811203,True
opxrd_691,26,26,preferred_orientation_like,2,0.2961499989032745,True
opxrd_695,148,148,preferred_orientation_like,2,0.1285664737224578,True
opxrd_707,191,191,preferred_orientation_like,2,0.2773004174232483,True
opxrd_708,45,45,preferred_orientation_like,2,0.1992608457803726,True
opxrd_710,9,14,preferred_orientation_like,2,0.1884724646806717,False
opxrd_727,2,14,preferred_orientation_like,2,0.1820863336324691,False
opxrd_730,14,14,preferred_orientation_like,2,0.28949636220932,True
opxrd_735,62,62,preferred_orientation_like,2,0.2488523870706558,True
opxrd_738,61,2,preferred_orientation_like,2,0.2341843247413635,False
opxrd_740,4,14,preferred_orientation_like,2,0.2959238290786743,False
opxrd_742,221,221,preferred_orientation_like,2,0.1399277746677398,True
opxrd_743,72,72,preferred_orientation_like,2,0.2535915076732635,True
opxrd_745,74,15,preferred_orientation_like,2,0.0602776631712913,False
opxrd_749,63,14,preferred_orientation_like,2,0.1070669442415237,False
opxrd_752,36,36,preferred_orientation_like,2,0.1763140112161636,True
opxrd_755,5,19,preferred_orientation_like,2,0.3464008569717407,False
opxrd_756,167,46,preferred_orientation_like,2,0.348557561635971,False
opxrd_760,14,11,preferred_orientation_like,2,0.22895447909832,False
opxrd_773,166,166,preferred_orientation_like,2,0.282958835363388,True
opxrd_779,2,198,preferred_orientation_like,2,0.2325185686349868,False
opxrd_781,74,15,preferred_orientation_like,2,0.0962147563695907,False
opxrd_782,13,15,preferred_orientation_like,2,0.2009347975254058,False
opxrd_787,217,217,preferred_orientation_like,2,0.2020115256309509,True
opxrd_797,12,164,preferred_orientation_like,2,0.2666310369968414,False
opxrd_801,88,88,preferred_orientation_like,2,0.1903309822082519,True
opxrd_803,125,125,preferred_orientation_like,2,0.3551996052265167,True
opxrd_805,139,139,preferred_orientation_like,2,0.3587028980255127,True
opxrd_808,129,225,preferred_orientation_like,2,0.2346713244915008,False
opxrd_809,62,14,preferred_orientation_like,2,0.1109959408640861,False
opxrd_816,14,14,preferred_orientation_like,2,0.2513594627380371,True
opxrd_817,14,139,preferred_orientation_like,2,0.3576532900333404,False
opxrd_818,191,14,preferred_orientation_like,2,0.2949498295783996,False
opxrd_823,14,14,preferred_orientation_like,2,0.2347273677587509,True
opxrd_824,14,14,preferred_orientation_like,2,0.2032604217529297,True
opxrd_826,125,14,preferred_orientation_like,2,0.2609705030918121,False
opxrd_831,223,166,preferred_orientation_like,2,0.3104357421398163,False
opxrd_833,139,139,preferred_orientation_like,2,0.384879320859909,True
opxrd_836,12,2,preferred_orientation_like,2,0.2050355672836303,False
opxrd_850,19,148,preferred_orientation_like,2,0.1697315126657486,False
opxrd_862,225,225,preferred_orientation_like,2,0.1266868859529495,True
opxrd_866,225,225,preferred_orientation_like,2,0.107405200600624,True
opxrd_871,225,225,preferred_orientation_like,2,0.056233525276184,True
opxrd_875,225,225,preferred_orientation_like,2,0.0866917595267295,True
opxrd_883,225,225,preferred_orientation_like,2,0.1230833083391189,True
opxrd_885,225,225,preferred_orientation_like,2,0.133732870221138,True
opxrd_886,225,225,preferred_orientation_like,2,0.0941880494356155,True
opxrd_898,225,225,preferred_orientation_like,2,0.1342716813087463,True
opxrd_901,225,225,preferred_orientation_like,2,0.132870003581047,True
opxrd_904,225,225,preferred_orientation_like,2,0.1367011070251464,True
opxrd_907,225,225,preferred_orientation_like,2,0.0998192504048347,True
opxrd_910,225,225,preferred_orientation_like,2,0.1248814389109611,True
opxrd_913,225,225,preferred_orientation_like,2,0.0810616537928581,True
opxrd_917,225,225,preferred_orientation_like,2,0.1336470246315002,True
opxrd_927,225,225,preferred_orientation_like,2,0.1209774017333984,True
opxrd_930,225,51,preferred_orientation_like,2,0.1825964152812957,False
opxrd_935,225,225,preferred_orientation_like,2,0.1143440604209899,True
opxrd_938,225,225,preferred_orientation_like,2,0.2033715099096298,True
opxrd_943,225,225,preferred_orientation_like,2,0.1322635561227798,True
opxrd_944,225,225,preferred_orientation_like,2,0.1339499801397323,True
opxrd_950,225,225,preferred_orientation_like,2,0.1428038775920868,True
opxrd_958,225,225,preferred_orientation_like,2,0.116969384253025,True
opxrd_965,225,225,preferred_orientation_like,2,0.1041133254766464,True
opxrd_970,225,225,preferred_orientation_like,2,0.1436715126037597,True
opxrd_983,225,225,preferred_orientation_like,2,0.1278572529554367,True
opxrd_986,225,225,preferred_orientation_like,2,0.0811526477336883,True
opxrd_994,225,225,preferred_orientation_like,2,0.1363190859556198,True
opxrd_998,225,225,preferred_orientation_like,2,0.1538621038198471,True
opxrd_1005,225,225,preferred_orientation_like,2,0.142055332660675,True
opxrd_1015,225,225,preferred_orientation_like,2,0.0790054723620414,True
opxrd_1016,225,225,preferred_orientation_like,2,0.0938546061515808,True
opxrd_1024,225,225,preferred_orientation_like,2,0.1345921158790588,True
opxrd_1027,225,225,preferred_orientation_like,2,0.1424834430217743,True
opxrd_1037,225,225,preferred_orientation_like,2,0.1466206610202789,True
opxrd_1039,225,225,preferred_orientation_like,2,0.1305102854967117,True
opxrd_1054,225,225,preferred_orientation_like,2,0.2065185457468032,True
opxrd_1058,225,225,preferred_orientation_like,2,0.1635120064020156,True
opxrd_1061,225,225,preferred_orientation_like,2,0.1351941078901291,True
opxrd_1067,225,225,preferred_orientation_like,2,0.2402673512697219,True
opxrd_1068,225,225,preferred_orientation_like,2,0.1357529312372207,True
opxrd_1072,225,225,preferred_orientation_like,2,0.2417194843292236,True
opxrd_1079,225,225,preferred_orientation_like,2,0.1253677159547805,True
opxrd_1081,225,225,preferred_orientation_like,2,0.1029403358697891,True
opxrd_1082,225,225,preferred_orientation_like,2,0.1233173981308937,True
opxrd_1083,225,225,preferred_orientation_like,2,0.1316473633050918,True
opxrd_1084,225,225,preferred_orientation_like,2,0.1265903562307357,True
opxrd_1087,225,225,preferred_orientation_like,2,0.1445179879665374,True
opxrd_1091,225,225,preferred_orientation_like,2,0.131200298666954,True
opxrd_1092,225,51,preferred_orientation_like,2,0.1891669481992721,False
opxrd_1094,225,225,preferred_orientation_like,2,0.1329480558633804,True
opxrd_1100,225,225,preferred_orientation_like,2,0.1133219301700592,True
opxrd_1105,225,225,preferred_orientation_like,2,0.1161336004734039,True
opxrd_1113,225,225,preferred_orientation_like,2,0.1386589556932449,True
opxrd_1117,225,225,preferred_orientation_like,2,0.1414380818605423,True
opxrd_1118,225,225,preferred_orientation_like,2,0.1455700993537902,True
opxrd_1120,225,225,preferred_orientation_like,2,0.1662075817584991,True
opxrd_1123,225,225,preferred_orientation_like,2,0.1291979551315307,True
opxrd_1126,225,225,preferred_orientation_like,2,0.1304966360330581,True
opxrd_1135,225,225,preferred_orientation_like,2,0.1790688782930374,True
opxrd_1138,225,225,preferred_orientation_like,2,0.1430904120206833,True
opxrd_1140,225,225,preferred_orientation_like,2,0.1493967622518539,True
opxrd_1142,225,225,preferred_orientation_like,2,0.1120212972164154,True
opxrd_1145,225,225,preferred_orientation_like,2,0.1358866095542907,True
opxrd_1152,225,225,preferred_orientation_like,2,0.1372502297163009,True
opxrd_1175,225,225,preferred_orientation_like,2,0.0979377925395965,True
opxrd_1180,225,225,preferred_orientation_like,2,0.1380174458026886,True
opxrd_1183,225,225,preferred_orientation_like,2,0.1300501376390457,True
opxrd_1185,225,225,preferred_orientation_like,2,0.1426474452018737,True
opxrd_1188,225,225,preferred_orientation_like,2,0.1330667287111282,True
opxrd_1190,225,225,preferred_orientation_like,2,0.125158205628395,True
opxrd_aug_source_715_label_52,53,53,preferred_orientation_like,2,0.2532028257846832,True
opxrd_0,225,14,preferred_orientation_like,3,0.2874314188957214,False
opxrd_1,88,88,preferred_orientation_like,3,0.1864694356918335,True
opxrd_7,61,15,preferred_orientation_like,3,0.291403591632843,False
opxrd_15,221,63,preferred_orientation_like,3,0.1694084107875824,False
opxrd_22,216,227,preferred_orientation_like,3,0.3184318542480469,False
opxrd_28,15,15,preferred_orientation_like,3,0.0707682743668556,True
opxrd_32,14,12,preferred_orientation_like,3,0.1147707402706146,False
opxrd_35,2,60,preferred_orientation_like,3,0.3057444095611572,False
opxrd_36,163,163,preferred_orientation_like,3,0.2337496727705001,True
opxrd_37,11,11,preferred_orientation_like,3,0.2714956998825073,True
opxrd_38,13,2,preferred_orientation_like,3,0.1169697716832161,False
opxrd_46,148,148,preferred_orientation_like,3,0.1564206331968307,True
opxrd_53,139,139,preferred_orientation_like,3,0.4009730517864227,True
opxrd_61,14,11,preferred_orientation_like,3,0.2025980502367019,False
opxrd_68,60,60,preferred_orientation_like,3,0.170023426413536,True
opxrd_76,129,129,preferred_orientation_like,3,0.3046076893806457,True
opxrd_83,2,2,preferred_orientation_like,3,0.1820349842309951,True
opxrd_85,203,2,preferred_orientation_like,3,0.112952210009098,False
opxrd_94,15,139,preferred_orientation_like,3,0.3842799365520477,False
opxrd_97,15,2,preferred_orientation_like,3,0.1421602815389633,False
opxrd_98,2,2,preferred_orientation_like,3,0.2071954607963562,True
opxrd_106,11,11,preferred_orientation_like,3,0.1960111707448959,True
opxrd_114,33,129,preferred_orientation_like,3,0.2779292464256286,False
opxrd_119,62,62,preferred_orientation_like,3,0.170375719666481,True
opxrd_120,4,2,preferred_orientation_like,3,0.2899671792984009,False
opxrd_124,19,227,preferred_orientation_like,3,0.1982014626264572,False
opxrd_125,224,14,preferred_orientation_like,3,0.3485810756683349,False
opxrd_127,11,11,preferred_orientation_like,3,0.2611613869667053,True
opxrd_150,15,15,preferred_orientation_like,3,0.0729870125651359,True
opxrd_152,14,14,preferred_orientation_like,3,0.2459970563650131,True
opxrd_168,227,227,preferred_orientation_like,3,0.3768121302127838,True
opxrd_170,60,60,preferred_orientation_like,3,0.3237711191177368,True
opxrd_178,193,193,preferred_orientation_like,3,0.3683575093746185,True
opxrd_184,14,14,preferred_orientation_like,3,0.1327559500932693,True
opxrd_187,125,125,preferred_orientation_like,3,0.2770956754684448,True
opxrd_189,2,2,preferred_orientation_like,3,0.3536551892757416,True
opxrd_200,74,15,preferred_orientation_like,3,0.2019821107387542,False
opxrd_201,14,14,preferred_orientation_like,3,0.1391096264123916,True
opxrd_203,71,206,preferred_orientation_like,3,0.37142214179039,False
opxrd_211,62,62,preferred_orientation_like,3,0.2834259271621704,True
opxrd_212,129,129,preferred_orientation_like,3,0.2874596416950226,True
opxrd_213,74,2,preferred_orientation_like,3,0.1964531540870666,False
opxrd_231,4,4,preferred_orientation_like,3,0.3343847692012787,True
opxrd_232,148,166,preferred_orientation_like,3,0.3035899102687835,False
opxrd_239,176,140,preferred_orientation_like,3,0.3505097329616546,False
opxrd_247,19,19,preferred_orientation_like,3,0.2279457002878189,True
opxrd_252,36,14,preferred_orientation_like,3,0.1711586564779281,False
opxrd_255,14,2,preferred_orientation_like,3,0.2133995145559311,False
opxrd_264,60,60,preferred_orientation_like,3,0.2220137417316436,True
opxrd_267,221,2,preferred_orientation_like,3,0.1751018613576889,False
opxrd_276,15,60,preferred_orientation_like,3,0.3113137185573578,False
opxrd_283,2,2,preferred_orientation_like,3,0.3479991257190704,True
opxrd_285,33,2,preferred_orientation_like,3,0.2593685686588287,False
opxrd_286,129,129,preferred_orientation_like,3,0.3205672204494476,True
opxrd_289,33,36,preferred_orientation_like,3,0.2142641991376876,False
opxrd_294,205,205,preferred_orientation_like,3,0.3658005893230438,True
opxrd_304,14,2,preferred_orientation_like,3,0.2536882162094116,False
opxrd_309,15,2,preferred_orientation_like,3,0.1655027866363525,False
opxrd_310,62,62,preferred_orientation_like,3,0.3620953261852264,True
opxrd_312,142,140,preferred_orientation_like,3,0.371969610452652,False
opxrd_314,227,139,preferred_orientation_like,3,0.3085750937461853,False
opxrd_315,60,60,preferred_orientation_like,3,0.2211998701095581,True
opxrd_328,63,70,preferred_orientation_like,3,0.1665271967649459,False
opxrd_334,148,148,preferred_orientation_like,3,0.2012658268213272,True
opxrd_338,221,225,preferred_orientation_like,3,0.1728983372449875,False
opxrd_343,74,65,preferred_orientation_like,3,0.3210968971252441,False
opxrd_344,61,61,preferred_orientation_like,3,0.1897691339254379,True
opxrd_345,85,59,preferred_orientation_like,3,0.3306178748607635,False
opxrd_346,225,225,preferred_orientation_like,3,0.3202874660491943,True
opxrd_347,15,15,preferred_orientation_like,3,0.2194293886423111,True
opxrd_350,14,2,preferred_orientation_like,3,0.2838660478591919,False
opxrd_352,15,60,preferred_orientation_like,3,0.2634758055210113,False
opxrd_355,167,5,preferred_orientation_like,3,0.2651378512382507,False
opxrd_357,4,2,preferred_orientation_like,3,0.1298092156648636,False
opxrd_360,227,43,preferred_orientation_like,3,0.04789724573493,False
opxrd_369,121,121,preferred_orientation_like,3,0.2361256927251815,True
opxrd_373,2,2,preferred_orientation_like,3,0.1371107250452041,True
opxrd_379,72,227,preferred_orientation_like,3,0.2714149355888366,False
opxrd_381,161,12,preferred_orientation_like,3,0.2409850656986236,False
opxrd_392,29,63,preferred_orientation_like,3,0.2174966484308242,False
opxrd_408,2,2,preferred_orientation_like,3,0.1457389295101165,True
opxrd_410,12,12,preferred_orientation_like,3,0.2203026115894317,True
opxrd_415,14,62,preferred_orientation_like,3,0.1967075020074844,False
opxrd_429,141,227,preferred_orientation_like,3,0.1787312030792236,False
opxrd_433,14,193,preferred_orientation_like,3,0.2920663952827453,False
opxrd_435,140,140,preferred_orientation_like,3,0.3860049247741699,True
opxrd_464,74,74,preferred_orientation_like,3,0.1199429705739021,True
opxrd_467,60,60,preferred_orientation_like,3,0.1487026959657669,True
opxrd_482,14,15,preferred_orientation_like,3,0.340362936258316,False
opxrd_496,148,148,preferred_orientation_like,3,0.1505147814750671,True
opxrd_503,14,2,preferred_orientation_like,3,0.204056516289711,False
opxrd_507,87,140,preferred_orientation_like,3,0.3836046159267425,False
opxrd_511,19,2,preferred_orientation_like,3,0.2549891769886017,False
opxrd_512,74,74,preferred_orientation_like,3,0.0628049969673156,True
opxrd_513,14,123,preferred_orientation_like,3,0.2220885008573532,False
opxrd_519,148,14,preferred_orientation_like,3,0.2537435293197632,False
opxrd_529,227,227,preferred_orientation_like,3,0.3203544318675995,True
opxrd_531,14,14,preferred_orientation_like,3,0.1536770313978195,True
opxrd_535,164,198,preferred_orientation_like,3,0.1901430189609527,False
opxrd_536,60,62,preferred_orientation_like,3,0.2713920176029205,False
opxrd_540,194,194,preferred_orientation_like,3,0.3713321983814239,True
opxrd_542,58,58,preferred_orientation_like,3,0.1177253872156143,True
opxrd_544,88,88,preferred_orientation_like,3,0.2732793688774109,True
opxrd_545,14,14,preferred_orientation_like,3,0.255401611328125,True
opxrd_553,62,62,preferred_orientation_like,3,0.2142007946968078,True
opxrd_557,63,15,preferred_orientation_like,3,0.2006311565637588,False
opxrd_558,15,29,preferred_orientation_like,3,0.2678814232349396,False
opxrd_560,129,14,preferred_orientation_like,3,0.2281646430492401,False
opxrd_561,62,62,preferred_orientation_like,3,0.133200854063034,True
opxrd_564,92,92,preferred_orientation_like,3,0.3490979969501495,True
opxrd_576,176,176,preferred_orientation_like,3,0.2224673926830291,True
opxrd_586,62,13,preferred_orientation_like,3,0.3019969165325165,False
opxrd_588,2,2,preferred_orientation_like,3,0.200292095541954,True
opxrd_600,14,60,preferred_orientation_like,3,0.3161718249320984,False
opxrd_608,19,19,preferred_orientation_like,3,0.3301126062870025,True
opxrd_613,123,62,preferred_orientation_like,3,0.3430153727531433,False
opxrd_618,129,129,preferred_orientation_like,3,0.2195003032684326,True
opxrd_619,14,14,preferred_orientation_like,3,0.2371522933244705,True
opxrd_624,14,188,preferred_orientation_like,3,0.2982563972473144,False
opxrd_627,74,74,preferred_orientation_like,3,0.0558016039431095,True
opxrd_629,129,129,preferred_orientation_like,3,0.2673812508583069,True
opxrd_631,166,166,preferred_orientation_like,3,0.3005329370498657,True
opxrd_632,166,166,preferred_orientation_like,3,0.2533401846885681,True
opxrd_633,198,227,preferred_orientation_like,3,0.2187525033950805,False
opxrd_634,193,193,preferred_orientation_like,3,0.3807405233383178,True
opxrd_635,2,129,preferred_orientation_like,3,0.3256909251213074,False
opxrd_642,140,140,preferred_orientation_like,3,0.3581770360469818,True
opxrd_646,19,43,preferred_orientation_like,3,0.2051817029714584,False
opxrd_651,14,14,preferred_orientation_like,3,0.1855770796537399,True
opxrd_666,14,193,preferred_orientation_like,3,0.2812980413436889,False
opxrd_667,2,2,preferred_orientation_like,3,0.2440518885850906,True
opxrd_670,15,161,preferred_orientation_like,3,0.211602509021759,False
opxrd_676,14,14,preferred_orientation_like,3,0.1514472365379333,True
opxrd_677,19,2,preferred_orientation_like,3,0.155507430434227,False
opxrd_683,2,2,preferred_orientation_like,3,0.1831114590167999,True
opxrd_691,26,26,preferred_orientation_like,3,0.282360166311264,True
opxrd_695,148,148,preferred_orientation_like,3,0.1531809717416763,True
opxrd_707,191,191,preferred_orientation_like,3,0.3170106410980224,True
opxrd_708,45,45,preferred_orientation_like,3,0.263605535030365,True
opxrd_710,9,14,preferred_orientation_like,3,0.2067352384328842,False
opxrd_727,2,14,preferred_orientation_like,3,0.1993458867073059,False
opxrd_730,14,14,preferred_orientation_like,3,0.3005469143390655,True
opxrd_735,62,63,preferred_orientation_like,3,0.318913996219635,False
opxrd_738,61,2,preferred_orientation_like,3,0.1620275825262069,False
opxrd_740,4,14,preferred_orientation_like,3,0.3317987024784088,False
opxrd_742,221,221,preferred_orientation_like,3,0.141211912035942,True
opxrd_743,72,72,preferred_orientation_like,3,0.2549497783184051,True
opxrd_745,74,15,preferred_orientation_like,3,0.1044137179851532,False
opxrd_749,63,14,preferred_orientation_like,3,0.0304777454584836,False
opxrd_752,36,36,preferred_orientation_like,3,0.2385737150907516,True
opxrd_755,5,29,preferred_orientation_like,3,0.3269914388656616,False
opxrd_756,167,167,preferred_orientation_like,3,0.4173505008220672,True
opxrd_760,14,123,preferred_orientation_like,3,0.2856129109859466,False
opxrd_773,166,166,preferred_orientation_like,3,0.2502067387104034,True
opxrd_779,2,198,preferred_orientation_like,3,0.2427989691495895,False
opxrd_781,74,15,preferred_orientation_like,3,0.0603991486132144,False
opxrd_782,13,13,preferred_orientation_like,3,0.1886423528194427,True
opxrd_787,217,217,preferred_orientation_like,3,0.2386918067932129,True
opxrd_797,12,166,preferred_orientation_like,3,0.254693329334259,False
opxrd_801,88,88,preferred_orientation_like,3,0.2686704099178314,True
opxrd_803,125,125,preferred_orientation_like,3,0.2698836624622345,True
opxrd_805,139,139,preferred_orientation_like,3,0.3699363470077514,True
opxrd_808,129,176,preferred_orientation_like,3,0.2266451865434646,False
opxrd_809,62,14,preferred_orientation_like,3,0.0390695631504058,False
opxrd_816,14,14,preferred_orientation_like,3,0.226722314953804,True
opxrd_817,14,69,preferred_orientation_like,3,0.3133006989955902,False
opxrd_818,191,71,preferred_orientation_like,3,0.2985182702541351,False
opxrd_823,14,14,preferred_orientation_like,3,0.172756016254425,True
opxrd_824,14,14,preferred_orientation_like,3,0.2469596564769745,True
opxrd_826,125,125,preferred_orientation_like,3,0.2696895003318786,True
opxrd_831,223,166,preferred_orientation_like,3,0.2798978090286255,False
opxrd_833,139,139,preferred_orientation_like,3,0.3859007656574249,True
opxrd_836,12,14,preferred_orientation_like,3,0.2139967232942581,False
opxrd_850,19,62,preferred_orientation_like,3,0.1919270604848861,False
opxrd_862,225,225,preferred_orientation_like,3,0.1378227323293686,True
opxrd_866,225,225,preferred_orientation_like,3,0.1137286350131034,True
opxrd_871,225,225,preferred_orientation_like,3,0.1914242953062057,True
opxrd_875,225,225,preferred_orientation_like,3,0.0806251987814903,True
opxrd_883,225,225,preferred_orientation_like,3,0.1195443421602249,True
opxrd_885,225,225,preferred_orientation_like,3,0.1306629329919815,True
opxrd_886,225,225,preferred_orientation_like,3,0.0892679616808891,True
opxrd_898,225,225,preferred_orientation_like,3,0.1341056823730468,True
opxrd_901,225,225,preferred_orientation_like,3,0.1347520649433136,True
opxrd_904,225,225,preferred_orientation_like,3,0.1325172185897827,True
opxrd_907,225,225,preferred_orientation_like,3,0.0886181443929672,True
opxrd_910,225,225,preferred_orientation_like,3,0.1174465790390968,True
opxrd_913,225,225,preferred_orientation_like,3,0.0688875913619995,True
opxrd_917,225,225,preferred_orientation_like,3,0.1344037652015686,True
opxrd_927,225,225,preferred_orientation_like,3,0.1164014562964439,True
opxrd_930,225,225,preferred_orientation_like,3,0.0898821726441383,True
opxrd_935,225,225,preferred_orientation_like,3,0.12255859375,True
opxrd_938,225,225,preferred_orientation_like,3,0.1371587067842483,True
opxrd_943,225,139,preferred_orientation_like,3,0.3544974625110626,False
opxrd_944,225,225,preferred_orientation_like,3,0.1345020085573196,True
opxrd_950,225,225,preferred_orientation_like,3,0.1413255482912063,True
opxrd_958,225,225,preferred_orientation_like,3,0.1220708340406417,True
opxrd_965,225,225,preferred_orientation_like,3,0.1024988442659378,True
opxrd_970,225,225,preferred_orientation_like,3,0.1404680460691452,True
opxrd_983,225,225,preferred_orientation_like,3,0.1281209737062454,True
opxrd_986,225,225,preferred_orientation_like,3,0.0856972485780716,True
opxrd_994,225,225,preferred_orientation_like,3,0.1380278021097183,True
opxrd_998,225,139,preferred_orientation_like,3,0.3485113978385925,False
opxrd_1005,225,225,preferred_orientation_like,3,0.1386689096689224,True
opxrd_1015,225,139,preferred_orientation_like,3,0.2933874726295471,False
opxrd_1016,225,139,preferred_orientation_like,3,0.2156461626291275,False
opxrd_1024,225,225,preferred_orientation_like,3,0.1317670345306396,True
opxrd_1027,225,225,preferred_orientation_like,3,0.1360230296850204,True
opxrd_1037,225,225,preferred_orientation_like,3,0.1253048479557037,True
opxrd_1039,225,225,preferred_orientation_like,3,0.143265813589096,True
opxrd_1054,225,139,preferred_orientation_like,3,0.2726809978485107,False
opxrd_1058,225,225,preferred_orientation_like,3,0.1562955230474472,True
opxrd_1061,225,225,preferred_orientation_like,3,0.1362641453742981,True
opxrd_1067,225,225,preferred_orientation_like,3,0.1749922931194305,True
opxrd_1068,225,225,preferred_orientation_like,3,0.1281321942806244,True
opxrd_1072,225,225,preferred_orientation_like,3,0.1536934971809387,True
opxrd_1079,225,225,preferred_orientation_like,3,0.1216379851102829,True
opxrd_1081,225,225,preferred_orientation_like,3,0.1104003489017486,True
opxrd_1082,225,225,preferred_orientation_like,3,0.1222684979438781,True
opxrd_1083,225,225,preferred_orientation_like,3,0.1364402174949646,True
opxrd_1084,225,225,preferred_orientation_like,3,0.1228125765919685,True
opxrd_1087,225,225,preferred_orientation_like,3,0.2090107500553131,True
opxrd_1091,225,225,preferred_orientation_like,3,0.1905121654272079,True
opxrd_1092,225,225,preferred_orientation_like,3,0.0671031549572944,True
opxrd_1094,225,225,preferred_orientation_like,3,0.1302138268947601,True
opxrd_1100,225,225,preferred_orientation_like,3,0.2168473005294799,True
opxrd_1105,225,225,preferred_orientation_like,3,0.1012667417526245,True
opxrd_1113,225,225,preferred_orientation_like,3,0.1439919173717498,True
opxrd_1117,225,225,preferred_orientation_like,3,0.13809834420681,True
opxrd_1118,225,225,preferred_orientation_like,3,0.135765716433525,True
opxrd_1120,225,225,preferred_orientation_like,3,0.1431013792753219,True
opxrd_1123,225,225,preferred_orientation_like,3,0.1340832412242889,True
opxrd_1126,225,225,preferred_orientation_like,3,0.1334435939788818,True
opxrd_1135,225,225,preferred_orientation_like,3,0.1391541212797165,True
opxrd_1138,225,225,preferred_orientation_like,3,0.1366202384233474,True
opxrd_1140,225,225,preferred_orientation_like,3,0.1516495496034622,True
opxrd_1142,225,225,preferred_orientation_like,3,0.146919384598732,True
opxrd_1145,225,225,preferred_orientation_like,3,0.1357433050870895,True
opxrd_1152,225,225,preferred_orientation_like,3,0.1317975968122482,True
opxrd_1175,225,225,preferred_orientation_like,3,0.1048964336514473,True
opxrd_1180,225,225,preferred_orientation_like,3,0.1660748869180679,True
opxrd_1183,225,225,preferred_orientation_like,3,0.1357701271772384,True
opxrd_1185,225,225,preferred_orientation_like,3,0.1426163911819458,True
opxrd_1188,225,225,preferred_orientation_like,3,0.2007245868444442,True
opxrd_1190,225,225,preferred_orientation_like,3,0.1323040127754211,True
opxrd_aug_source_715_label_52,53,53,preferred_orientation_like,3,0.2319665998220443,True
opxrd_0,225,217,preferred_orientation_like,4,0.2964316308498382,False
opxrd_1,88,88,preferred_orientation_like,4,0.1980901211500167,True
opxrd_7,61,2,preferred_orientation_like,4,0.2983244061470032,False
opxrd_15,221,230,preferred_orientation_like,4,0.2675909101963043,False
opxrd_22,216,227,preferred_orientation_like,4,0.3353135585784912,False
opxrd_28,15,15,preferred_orientation_like,4,0.0541810356080532,True
opxrd_32,14,2,preferred_orientation_like,4,0.2050953060388565,False
opxrd_35,2,19,preferred_orientation_like,4,0.2556231319904327,False
opxrd_36,163,163,preferred_orientation_like,4,0.1930519938468933,True
opxrd_37,11,11,preferred_orientation_like,4,0.2492471188306808,True
opxrd_38,13,2,preferred_orientation_like,4,0.101790577173233,False
opxrd_46,148,148,preferred_orientation_like,4,0.1563218086957931,True
opxrd_53,139,139,preferred_orientation_like,4,0.4071516096591949,True
opxrd_61,14,60,preferred_orientation_like,4,0.1804278045892715,False
opxrd_68,60,60,preferred_orientation_like,4,0.2205055952072143,True
opxrd_76,129,129,preferred_orientation_like,4,0.3212098479270935,True
opxrd_83,2,2,preferred_orientation_like,4,0.1937070786952972,True
opxrd_85,203,203,preferred_orientation_like,4,0.135287269949913,True
opxrd_94,15,15,preferred_orientation_like,4,0.2675889730453491,True
opxrd_97,15,2,preferred_orientation_like,4,0.1311710625886917,False
opxrd_98,2,14,preferred_orientation_like,4,0.1318342536687851,False
opxrd_106,11,11,preferred_orientation_like,4,0.2857168018817901,True
opxrd_114,33,186,preferred_orientation_like,4,0.3028347194194793,False
opxrd_119,62,62,preferred_orientation_like,4,0.2136428505182266,True
opxrd_120,4,2,preferred_orientation_like,4,0.3181865215301513,False
opxrd_124,19,19,preferred_orientation_like,4,0.1344143152236938,True
opxrd_125,224,14,preferred_orientation_like,4,0.3475796580314636,False
opxrd_127,11,11,preferred_orientation_like,4,0.2208095788955688,True
opxrd_150,15,74,preferred_orientation_like,4,0.1114256754517555,False
opxrd_152,14,14,preferred_orientation_like,4,0.2440853118896484,True
opxrd_168,227,227,preferred_orientation_like,4,0.3575284779071808,True
opxrd_170,60,60,preferred_orientation_like,4,0.1723398268222808,True
opxrd_178,193,193,preferred_orientation_like,4,0.3560533225536346,True
opxrd_184,14,14,preferred_orientation_like,4,0.1773983836174011,True
opxrd_187,125,125,preferred_orientation_like,4,0.2855803966522217,True
opxrd_189,2,2,preferred_orientation_like,4,0.3535475730895996,True
opxrd_200,74,2,preferred_orientation_like,4,0.1666092276573181,False
opxrd_201,14,14,preferred_orientation_like,4,0.0877599120140075,True
opxrd_203,71,206,preferred_orientation_like,4,0.3677363693714142,False
opxrd_211,62,62,preferred_orientation_like,4,0.2955192923545837,True
opxrd_212,129,129,preferred_orientation_like,4,0.2773260474205017,True
opxrd_213,74,2,preferred_orientation_like,4,0.1201382726430893,False
opxrd_231,4,29,preferred_orientation_like,4,0.274260550737381,False
opxrd_232,148,227,preferred_orientation_like,4,0.3259642720222473,False
opxrd_239,176,176,preferred_orientation_like,4,0.3007956743240356,True
opxrd_247,19,19,preferred_orientation_like,4,0.2808589935302734,True
opxrd_252,36,36,preferred_orientation_like,4,0.2119838148355484,True
opxrd_255,14,2,preferred_orientation_like,4,0.2280033528804779,False
opxrd_264,60,60,preferred_orientation_like,4,0.1633217930793762,True
opxrd_267,221,15,preferred_orientation_like,4,0.1534976214170456,False
opxrd_276,15,60,preferred_orientation_like,4,0.3165640532970428,False
opxrd_283,2,2,preferred_orientation_like,4,0.3605866730213165,True
opxrd_285,33,2,preferred_orientation_like,4,0.2356558144092559,False
opxrd_286,129,129,preferred_orientation_like,4,0.2961157858371734,True
opxrd_289,33,43,preferred_orientation_like,4,0.0571962147951126,False
opxrd_294,205,205,preferred_orientation_like,4,0.3469881415367126,True
opxrd_304,14,2,preferred_orientation_like,4,0.233355775475502,False
opxrd_309,15,19,preferred_orientation_like,4,0.1229998543858528,False
opxrd_310,62,62,preferred_orientation_like,4,0.3530031740665436,True
opxrd_312,142,200,preferred_orientation_like,4,0.3313585221767425,False
opxrd_314,227,227,preferred_orientation_like,4,0.2440351843833923,True
opxrd_315,60,60,preferred_orientation_like,4,0.1752595603466034,True
opxrd_328,63,2,preferred_orientation_like,4,0.2531451284885406,False
opxrd_334,148,148,preferred_orientation_like,4,0.1842096000909805,True
opxrd_338,221,225,preferred_orientation_like,4,0.22602379322052,False
opxrd_343,74,65,preferred_orientation_like,4,0.3462372422218323,False
opxrd_344,61,61,preferred_orientation_like,4,0.177424281835556,True
opxrd_345,85,12,preferred_orientation_like,4,0.3040834963321686,False
opxrd_346,225,225,preferred_orientation_like,4,0.3003792464733124,True
opxrd_347,15,15,preferred_orientation_like,4,0.2051210254430771,True
opxrd_350,14,14,preferred_orientation_like,4,0.2970451414585113,True
opxrd_352,15,14,preferred_orientation_like,4,0.1875722557306289,False
opxrd_355,167,2,preferred_orientation_like,4,0.201386958360672,False
opxrd_357,4,2,preferred_orientation_like,4,0.1384765058755874,False
opxrd_360,227,14,preferred_orientation_like,4,0.2483690232038498,False
opxrd_369,121,121,preferred_orientation_like,4,0.2312254309654235,True
opxrd_373,2,2,preferred_orientation_like,4,0.2329078167676925,True
opxrd_379,72,72,preferred_orientation_like,4,0.2542349994182586,True
opxrd_381,161,19,preferred_orientation_like,4,0.2659699022769928,False
opxrd_392,29,64,preferred_orientation_like,4,0.2379365116357803,False
opxrd_408,2,2,preferred_orientation_like,4,0.1697444766759872,True
opxrd_410,12,12,preferred_orientation_like,4,0.2333969175815582,True
opxrd_415,14,62,preferred_orientation_like,4,0.2643971443176269,False
opxrd_429,141,227,preferred_orientation_like,4,0.1856813132762909,False
opxrd_433,14,11,preferred_orientation_like,4,0.3112219274044037,False
opxrd_435,140,140,preferred_orientation_like,4,0.3806328177452087,True
opxrd_464,74,74,preferred_orientation_like,4,0.1170982047915458,True
opxrd_467,60,60,preferred_orientation_like,4,0.174841970205307,True
opxrd_482,14,15,preferred_orientation_like,4,0.3259139657020569,False
opxrd_496,148,148,preferred_orientation_like,4,0.1604962348937988,True
opxrd_503,14,7,preferred_orientation_like,4,0.2527847290039062,False
opxrd_507,87,193,preferred_orientation_like,4,0.2851212918758392,False
opxrd_511,19,2,preferred_orientation_like,4,0.2564231157302856,False
opxrd_512,74,15,preferred_orientation_like,4,0.0533743649721145,False
opxrd_513,14,14,preferred_orientation_like,4,0.2415630668401718,True
opxrd_519,148,129,preferred_orientation_like,4,0.2971104979515075,False
opxrd_529,227,227,preferred_orientation_like,4,0.3182357549667358,True
opxrd_531,14,52,preferred_orientation_like,4,0.0968118086457252,False
opxrd_535,164,198,preferred_orientation_like,4,0.2288931757211685,False
opxrd_536,60,62,preferred_orientation_like,4,0.3099586963653564,False
opxrd_540,194,194,preferred_orientation_like,4,0.3509984314441681,True
opxrd_542,58,58,preferred_orientation_like,4,0.1109823733568191,True
opxrd_544,88,88,preferred_orientation_like,4,0.1774602979421615,True
opxrd_545,14,14,preferred_orientation_like,4,0.2128993272781372,True
opxrd_553,62,62,preferred_orientation_like,4,0.1720874458551406,True
opxrd_557,63,70,preferred_orientation_like,4,0.1475714296102523,False
opxrd_558,15,14,preferred_orientation_like,4,0.2819198369979858,False
opxrd_560,129,14,preferred_orientation_like,4,0.232458546757698,False
opxrd_561,62,62,preferred_orientation_like,4,0.1710919737815857,True
opxrd_564,92,127,preferred_orientation_like,4,0.3580372035503387,False
opxrd_576,176,176,preferred_orientation_like,4,0.2157598435878753,True
opxrd_586,62,15,preferred_orientation_like,4,0.2740984857082367,False
opxrd_588,2,2,preferred_orientation_like,4,0.1936388611793518,True
opxrd_600,14,19,preferred_orientation_like,4,0.2749386727809906,False
opxrd_608,19,19,preferred_orientation_like,4,0.2919690310955047,True
opxrd_613,123,221,preferred_orientation_like,4,0.3382392823696136,False
opxrd_618,129,129,preferred_orientation_like,4,0.1849075853824615,True
opxrd_619,14,186,preferred_orientation_like,4,0.2513222098350525,False
opxrd_624,14,69,preferred_orientation_like,4,0.2740176916122436,False
opxrd_627,74,15,preferred_orientation_like,4,0.0978511273860931,False
opxrd_629,129,129,preferred_orientation_like,4,0.1761956214904785,True
opxrd_631,166,206,preferred_orientation_like,4,0.3475672006607055,False
opxrd_632,166,166,preferred_orientation_like,4,0.2197092920541763,True
opxrd_633,198,227,preferred_orientation_like,4,0.3716688454151153,False
opxrd_634,193,193,preferred_orientation_like,4,0.3555260896682739,True
opxrd_635,2,2,preferred_orientation_like,4,0.3479961454868316,True
opxrd_642,140,140,preferred_orientation_like,4,0.3302563428878784,True
opxrd_646,19,19,preferred_orientation_like,4,0.1393800377845764,True
opxrd_651,14,198,preferred_orientation_like,4,0.0141053814440965,False
opxrd_666,14,193,preferred_orientation_like,4,0.2743297219276428,False
opxrd_667,2,2,preferred_orientation_like,4,0.2230166494846344,True
opxrd_670,15,129,preferred_orientation_like,4,0.1645968407392501,False
opxrd_676,14,14,preferred_orientation_like,4,0.1400280594825744,True
opxrd_677,19,2,preferred_orientation_like,4,0.1647486984729766,False
opxrd_683,2,2,preferred_orientation_like,4,0.2281420528888702,True
opxrd_691,26,26,preferred_orientation_like,4,0.2982233166694641,True
opxrd_695,148,148,preferred_orientation_like,4,0.1146880388259887,True
opxrd_707,191,191,preferred_orientation_like,4,0.2288762927055359,True
opxrd_708,45,45,preferred_orientation_like,4,0.2392463833093643,True
opxrd_710,9,14,preferred_orientation_like,4,0.1669589281082153,False
opxrd_727,2,162,preferred_orientation_like,4,0.1993262767791748,False
opxrd_730,14,14,preferred_orientation_like,4,0.3152772486209869,True
opxrd_735,62,62,preferred_orientation_like,4,0.1881153583526611,True
opxrd_738,61,2,preferred_orientation_like,4,0.2579680681228637,False
opxrd_740,4,14,preferred_orientation_like,4,0.3522773385047912,False
opxrd_742,221,221,preferred_orientation_like,4,0.1670952439308166,True
opxrd_743,72,72,preferred_orientation_like,4,0.2481476068496704,True
opxrd_745,74,15,preferred_orientation_like,4,0.0633092150092125,False
opxrd_749,63,14,preferred_orientation_like,4,0.2366954535245895,False
opxrd_752,36,19,preferred_orientation_like,4,0.0825110077857971,False
opxrd_755,5,200,preferred_orientation_like,4,0.3172163367271423,False
opxrd_756,167,167,preferred_orientation_like,4,0.3822555243968963,True
opxrd_760,14,11,preferred_orientation_like,4,0.2678963840007782,False
opxrd_773,166,191,preferred_orientation_like,4,0.2830192744731903,False
opxrd_779,2,198,preferred_orientation_like,4,0.2972113788127899,False
opxrd_781,74,15,preferred_orientation_like,4,0.0906560570001602,False
opxrd_782,13,13,preferred_orientation_like,4,0.1701012700796127,True
opxrd_787,217,217,preferred_orientation_like,4,0.1832032054662704,True
opxrd_797,12,164,preferred_orientation_like,4,0.3038155138492584,False
opxrd_801,88,88,preferred_orientation_like,4,0.2042992413043975,True
opxrd_803,125,125,preferred_orientation_like,4,0.2745580077171325,True
opxrd_805,139,139,preferred_orientation_like,4,0.3514070808887481,True
opxrd_808,129,205,preferred_orientation_like,4,0.2272354662418365,False
opxrd_809,62,225,preferred_orientation_like,4,0.2345300018787384,False
opxrd_816,14,29,preferred_orientation_like,4,0.2366161048412323,False
opxrd_817,14,26,preferred_orientation_like,4,0.288383275270462,False
opxrd_818,191,191,preferred_orientation_like,4,0.2624649107456207,True
opxrd_823,14,15,preferred_orientation_like,4,0.1701151430606842,False
opxrd_824,14,14,preferred_orientation_like,4,0.2320078909397125,True
opxrd_826,125,125,preferred_orientation_like,4,0.3377201557159424,True
opxrd_831,223,166,preferred_orientation_like,4,0.2279019653797149,False
opxrd_833,139,139,preferred_orientation_like,4,0.3981180787086487,True
opxrd_836,12,2,preferred_orientation_like,4,0.2150373309850692,False
opxrd_850,19,2,preferred_orientation_like,4,0.2417757511138916,False
opxrd_862,225,225,preferred_orientation_like,4,0.1254712641239166,True
opxrd_866,225,225,preferred_orientation_like,4,0.1085234433412551,True
opxrd_871,225,225,preferred_orientation_like,4,0.0819539353251457,True
opxrd_875,225,51,preferred_orientation_like,4,0.244650200009346,False
opxrd_883,225,225,preferred_orientation_like,4,0.1136158630251884,True
opxrd_885,225,225,preferred_orientation_like,4,0.1373854130506515,True
opxrd_886,225,225,preferred_orientation_like,4,0.1882877796888351,True
opxrd_898,225,225,preferred_orientation_like,4,0.1298990398645401,True
opxrd_901,225,225,preferred_orientation_like,4,0.1190268173813819,True
opxrd_904,225,225,preferred_orientation_like,4,0.139229267835617,True
opxrd_907,225,225,preferred_orientation_like,4,0.1510437428951263,True
opxrd_910,225,225,preferred_orientation_like,4,0.1306996047496795,True
opxrd_913,225,225,preferred_orientation_like,4,0.070558026432991,True
opxrd_917,225,225,preferred_orientation_like,4,0.1850710213184356,True
opxrd_927,225,139,preferred_orientation_like,4,0.2640272676944732,False
opxrd_930,225,225,preferred_orientation_like,4,0.0856308415532112,True
opxrd_935,225,225,preferred_orientation_like,4,0.1205891817808151,True
opxrd_938,225,225,preferred_orientation_like,4,0.1291066259145736,True
opxrd_943,225,225,preferred_orientation_like,4,0.1337889432907104,True
opxrd_944,225,225,preferred_orientation_like,4,0.1579537093639373,True
opxrd_950,225,225,preferred_orientation_like,4,0.14801587164402,True
opxrd_958,225,139,preferred_orientation_like,4,0.3485333919525146,False
opxrd_965,225,225,preferred_orientation_like,4,0.0848615244030952,True
opxrd_970,225,225,preferred_orientation_like,4,0.1318278163671493,True
opxrd_983,225,225,preferred_orientation_like,4,0.1382367461919784,True
opxrd_986,225,225,preferred_orientation_like,4,0.0788785442709922,True
opxrd_994,225,225,preferred_orientation_like,4,0.1382082253694534,True
opxrd_998,225,225,preferred_orientation_like,4,0.1362475901842117,True
opxrd_1005,225,225,preferred_orientation_like,4,0.1359584331512451,True
opxrd_1015,225,139,preferred_orientation_like,4,0.2910031378269195,False
opxrd_1016,225,139,preferred_orientation_like,4,0.3364856243133545,False
opxrd_1024,225,225,preferred_orientation_like,4,0.1324456334114074,True
opxrd_1027,225,225,preferred_orientation_like,4,0.1399886161088943,True
opxrd_1037,225,225,preferred_orientation_like,4,0.1283851414918899,True
opxrd_1039,225,225,preferred_orientation_like,4,0.1419599056243896,True
opxrd_1054,225,225,preferred_orientation_like,4,0.2564167082309723,True
opxrd_1058,225,225,preferred_orientation_like,4,0.1446961909532547,True
opxrd_1061,225,225,preferred_orientation_like,4,0.1523690521717071,True
opxrd_1067,225,225,preferred_orientation_like,4,0.1284335553646087,True
opxrd_1068,225,225,preferred_orientation_like,4,0.1466233432292938,True
opxrd_1072,225,139,preferred_orientation_like,4,0.2748385965824127,False
opxrd_1079,225,225,preferred_orientation_like,4,0.1290044337511062,True
opxrd_1081,225,225,preferred_orientation_like,4,0.1080884709954261,True
opxrd_1082,225,225,preferred_orientation_like,4,0.1240180283784866,True
opxrd_1083,225,225,preferred_orientation_like,4,0.1364047229290008,True
opxrd_1084,225,225,preferred_orientation_like,4,0.124872401356697,True
opxrd_1087,225,225,preferred_orientation_like,4,0.114114873111248,True
opxrd_1091,225,225,preferred_orientation_like,4,0.1321922242641449,True
opxrd_1092,225,225,preferred_orientation_like,4,0.1357315331697464,True
opxrd_1094,225,225,preferred_orientation_like,4,0.1285581588745117,True
opxrd_1100,225,225,preferred_orientation_like,4,0.2357458770275116,True
opxrd_1105,225,139,preferred_orientation_like,4,0.2268159389495849,False
opxrd_1113,225,225,preferred_orientation_like,4,0.1421559005975723,True
opxrd_1117,225,225,preferred_orientation_like,4,0.1413787901401519,True
opxrd_1118,225,62,preferred_orientation_like,4,0.3093371391296386,False
opxrd_1120,225,225,preferred_orientation_like,4,0.1521098464727401,True
opxrd_1123,225,225,preferred_orientation_like,4,0.1354433894157409,True
opxrd_1126,225,225,preferred_orientation_like,4,0.1332338452339172,True
opxrd_1135,225,225,preferred_orientation_like,4,0.1357724368572235,True
opxrd_1138,225,225,preferred_orientation_like,4,0.1379246413707733,True
opxrd_1140,225,225,preferred_orientation_like,4,0.1384002864360809,True
opxrd_1142,225,225,preferred_orientation_like,4,0.0970365852117538,True
opxrd_1145,225,225,preferred_orientation_like,4,0.1359320282936096,True
opxrd_1152,225,225,preferred_orientation_like,4,0.1509368270635604,True
opxrd_1175,225,225,preferred_orientation_like,4,0.0898965895175933,True
opxrd_1180,225,225,preferred_orientation_like,4,0.1332665830850601,True
opxrd_1183,225,225,preferred_orientation_like,4,0.1312033683061599,True
opxrd_1185,225,225,preferred_orientation_like,4,0.1359986662864685,True
opxrd_1188,225,225,preferred_orientation_like,4,0.1275789737701416,True
opxrd_1190,225,225,preferred_orientation_like,4,0.1304829716682434,True
opxrd_aug_source_715_label_52,53,53,preferred_orientation_like,4,0.2041804045438766,True
