sample_id,dataset,model_name,checkpoint_path,fusion_mode,fls_status,perturbation_type,seed,index,true_label,pred_label,true_sg,pred_sg,true_crystal_system,pred_crystal_system,symmetry_level,correct,top1_label,top1_prob,top2_label,top2_prob,top3_label,top3_prob,top3_hit,predictive_entropy,normalized_predictive_entropy,max_probability,probability_sum,gate_weight,gate_mean,gate_median,gate_std,gate_min,gate_max,peak_descriptor_perturbed,perturbation_notes,gate_return_method,uncertainty_source,class_count_train,class_frequency_group,coverage_level,entropy_threshold,retained,rejected
opxrd_0,opxrd,final_gate_fls_model,training_results/exp_results/exp_test4_model.pth,gate,verified,clean,0,0,224,13,225,14,cubic,monoclinic,High symmetry,False,13,0.374085009098053,216,0.2987794876098633,68,0.0456015840172767,False,2.597168812080015,0.4775893591361185,0.374085009098053,1.0,0.3075354695320129,0.3075354695320129,0.3075354695320129,0.0,0.3075354695320129,0.3075354695320129,False,clean input; no perturbation applied,forward_return_gate,single_softmax,289,Head,0.8,3.6350513474075674,True,False
opxrd_1,opxrd,final_gate_fls_model,training_results/exp_results/exp_test4_model.pth,gate,verified,clean,0,1,87,87,88,88,tetragonal,tetragonal,Medium symmetry,True,87,0.95734441280365,165,0.0037859478034079,226,0.0026756303850561,True,0.3806484856351664,0.0699968617615728,0.95734441280365,0.9999999403953552,0.1978136599063873,0.1978136599063873,0.1978136599063873,0.0,0.1978136599063873,0.1978136599063873,False,clean input; no perturbation applied,forward_return_gate,single_softmax,11,Head,0.8,3.6350513474075674,True,False
opxrd_1005,opxrd,final_gate_fls_model,training_results/exp_results/exp_test4_model.pth,gate,verified,clean,0,1005,224,224,225,225,cubic,cubic,High symmetry,True,224,0.8389878273010254,45,0.0015659540658816,147,0.0008375711622647,True,1.31395053986126,0.2416203341693149,0.8389878273010254,0.9999998807907104,0.1360428184270858,0.1360428184270858,0.1360428184270858,0.0,0.1360428184270858,0.1360428184270858,False,clean input; no perturbation applied,forward_return_gate,single_softmax,289,Head,0.8,3.6350513474075674,True,False
opxrd_1015,opxrd,final_gate_fls_model,training_results/exp_results/exp_test4_model.pth,gate,verified,clean,0,1015,224,224,225,225,cubic,cubic,High symmetry,True,224,0.8913801312446594,145,0.0007137088687159,10,0.0006823363364674,True,0.9325743831522132,0.1714896620985239,0.8913801312446594,0.9999999403953552,0.0795182287693023,0.0795182287693023,0.0795182287693023,0.0,0.0795182287693023,0.0795182287693023,False,clean input; no perturbation applied,forward_return_gate,single_softmax,289,Head,0.8,3.6350513474075674,True,False
opxrd_1016,opxrd,final_gate_fls_model,training_results/exp_results/exp_test4_model.pth,gate,verified,clean,0,1016,224,224,225,225,cubic,cubic,High symmetry,True,224,0.89784836769104,126,0.0010095193283632,198,0.00080769212218,True,0.8830515777088324,0.1623829899390869,0.89784836769104,0.9999998807907104,0.0756384506821632,0.0756384506821632,0.0756384506821632,0.0,0.0756384506821632,0.0756384506821632,False,clean input; no perturbation applied,forward_return_gate,single_softmax,289,Head,0.8,3.6350513474075674,True,False
opxrd_1024,opxrd,final_gate_fls_model,training_results/exp_results/exp_test4_model.pth,gate,verified,clean,0,1024,224,224,225,225,cubic,cubic,High symmetry,True,224,0.8572782278060913,1,0.0007740993169136,10,0.0007577298674732,True,1.1833574650695309,0.2176057754670462,0.8572782278060913,1.0000001192092896,0.1213493645191192,0.1213493645191192,0.1213493645191192,0.0,0.1213493645191192,0.1213493645191192,False,clean input; no perturbation applied,forward_return_gate,single_softmax,289,Head,0.8,3.6350513474075674,True,False
opxrd_1027,opxrd,final_gate_fls_model,training_results/exp_results/exp_test4_model.pth,gate,verified,clean,0,1027,224,224,225,225,cubic,cubic,High symmetry,True,224,0.8449543714523315,45,0.0008966362220235,162,0.0008126283646561,True,1.2715422948835051,0.2338219475389162,0.8449543714523315,1.0,0.139260858297348,0.139260858297348,0.139260858297348,0.0,0.139260858297348,0.139260858297348,False,clean input; no perturbation applied,forward_return_gate,single_softmax,289,Head,0.8,3.6350513474075674,True,False
opxrd_1037,opxrd,final_gate_fls_model,training_results/exp_results/exp_test4_model.pth,gate,verified,clean,0,1037,224,224,225,225,cubic,cubic,High symmetry,True,224,0.8369680643081665,162,0.0008431958267465,128,0.0008410161826759,True,1.3279710533058378,0.244198544719053,0.8369680643081665,1.0000001192092896,0.1235757693648338,0.1235757693648338,0.1235757693648338,0.0,0.1235757693648338,0.1235757693648338,False,clean input; no perturbation applied,forward_return_gate,single_softmax,289,Head,0.8,3.6350513474075674,True,False
opxrd_1039,opxrd,final_gate_fls_model,training_results/exp_results/exp_test4_model.pth,gate,verified,clean,0,1039,224,224,225,225,cubic,cubic,High symmetry,True,224,0.8547351956367493,61,0.0007737615378573,1,0.0007516462937928,True,1.201369017867862,0.2209178920757129,0.8547351956367493,1.0,0.1343636065721511,0.1343636065721511,0.1343636065721511,0.0,0.1343636065721511,0.1343636065721511,False,clean input; no perturbation applied,forward_return_gate,single_softmax,289,Head,0.8,3.6350513474075674,True,False
opxrd_1054,opxrd,final_gate_fls_model,training_results/exp_results/exp_test4_model.pth,gate,verified,clean,0,1054,224,224,225,225,cubic,cubic,High symmetry,True,224,0.8406929969787598,45,0.001078940462321,162,0.0008227876969613,True,1.30205037122962,0.2394320305504043,0.8406929969787598,0.9999999403953552,0.1427502632141113,0.1427502632141113,0.1427502632141113,0.0,0.1427502632141113,0.1427502632141113,False,clean input; no perturbation applied,forward_return_gate,single_softmax,289,Head,0.8,3.6350513474075674,True,False
opxrd_1058,opxrd,final_gate_fls_model,training_results/exp_results/exp_test4_model.pth,gate,verified,clean,0,1058,224,224,225,225,cubic,cubic,High symmetry,True,224,0.842863917350769,61,0.0008714132127352,139,0.0008337658364325,True,1.2858845825902052,0.2364593286604394,0.842863917350769,1.0,0.1492702960968017,0.1492702960968017,0.1492702960968017,0.0,0.1492702960968017,0.1492702960968017,False,clean input; no perturbation applied,forward_return_gate,single_softmax,289,Head,0.8,3.6350513474075674,True,False
opxrd_106,opxrd,final_gate_fls_model,training_results/exp_results/exp_test4_model.pth,gate,verified,clean,0,106,10,10,11,11,monoclinic,monoclinic,Low symmetry,True,10,0.9670871496200562,1,0.0010608759475871,128,0.0008673886186443,True,0.3166878937499439,0.0582352473657931,0.9670871496200562,0.9999998211860656,0.250072181224823,0.250072181224823,0.250072181224823,0.0,0.250072181224823,0.250072181224823,False,clean input; no perturbation applied,forward_return_gate,single_softmax,13,Head,0.8,3.6350513474075674,True,False
opxrd_1061,opxrd,final_gate_fls_model,training_results/exp_results/exp_test4_model.pth,gate,verified,clean,0,1061,224,224,225,225,cubic,cubic,High symmetry,True,224,0.8494343757629395,45,0.0017450756859034,147,0.0008365437970496,True,1.2392656088787897,0.2278866376305532,0.8494343757629395,1.0000001192092896,0.1332299709320068,0.1332299709320068,0.1332299709320068,0.0,0.1332299709320068,0.1332299709320068,False,clean input; no perturbation applied,forward_return_gate,single_softmax,289,Head,0.8,3.6350513474075674,True,False
opxrd_1067,opxrd,final_gate_fls_model,training_results/exp_results/exp_test4_model.pth,gate,verified,clean,0,1067,224,224,225,225,cubic,cubic,High symmetry,True,224,0.8405926823616028,45,0.0010545138502493,162,0.0008254739805124,True,1.3028162369087553,0.2395728644065561,0.8405926823616028,0.9999999403953552,0.1329593509435653,0.1329593509435653,0.1329593509435653,0.0,0.1329593509435653,0.1329593509435653,False,clean input; no perturbation applied,forward_return_gate,single_softmax,289,Head,0.8,3.6350513474075674,True,False
opxrd_1068,opxrd,final_gate_fls_model,training_results/exp_results/exp_test4_model.pth,gate,verified,clean,0,1068,224,224,225,225,cubic,cubic,High symmetry,True,224,0.8402124643325806,45,0.0010247690370306,162,0.0008346511167474,True,1.3053253768863606,0.2400342662793622,0.8402124643325806,1.0,0.1289057582616806,0.1289057582616806,0.1289057582616806,0.0,0.1289057582616806,0.1289057582616806,False,clean input; no perturbation applied,forward_return_gate,single_softmax,289,Head,0.8,3.6350513474075674,True,False
opxrd_1072,opxrd,final_gate_fls_model,training_results/exp_results/exp_test4_model.pth,gate,verified,clean,0,1072,224,224,225,225,cubic,cubic,High symmetry,True,224,0.8449522852897644,45,0.0008219419396482,162,0.0008060249383561,True,1.27148323384314,0.2338110868954776,0.8449522852897644,0.9999998807907104,0.1415367424488067,0.1415367424488067,0.1415367424488067,0.0,0.1415367424488067,0.1415367424488067,False,clean input; no perturbation applied,forward_return_gate,single_softmax,289,Head,0.8,3.6350513474075674,True,False
opxrd_1079,opxrd,final_gate_fls_model,training_results/exp_results/exp_test4_model.pth,gate,verified,clean,0,1079,224,224,225,225,cubic,cubic,High symmetry,True,224,0.8374818563461304,45,0.0008603922906331,162,0.0008474123314954,True,1.3245426941276763,0.2435681090480365,0.8374818563461304,0.9999998807907104,0.1267404556274414,0.1267404556274414,0.1267404556274414,0.0,0.1267404556274414,0.1267404556274414,False,clean input; no perturbation applied,forward_return_gate,single_softmax,289,Head,0.8,3.6350513474075674,True,False
opxrd_1081,opxrd,final_gate_fls_model,training_results/exp_results/exp_test4_model.pth,gate,verified,clean,0,1081,224,224,225,225,cubic,cubic,High symmetry,True,224,0.8384029269218445,128,0.0008574181701987,162,0.0008508264436386,True,1.3177212253074306,0.2423137196887176,0.8384029269218445,1.0000001192092896,0.1089060306549072,0.1089060306549072,0.1089060306549072,0.0,0.1089060306549072,0.1089060306549072,False,clean input; no perturbation applied,forward_return_gate,single_softmax,289,Head,0.8,3.6350513474075674,True,False
opxrd_1082,opxrd,final_gate_fls_model,training_results/exp_results/exp_test4_model.pth,gate,verified,clean,0,1082,224,224,225,225,cubic,cubic,High symmetry,True,224,0.8392654657363892,128,0.0008439905359409,162,0.0008353944867849,True,1.311737942801192,0.2412134631153313,0.8392654657363892,1.0,0.1178146675229072,0.1178146675229072,0.1178146675229072,0.0,0.1178146675229072,0.1178146675229072,False,clean input; no perturbation applied,forward_return_gate,single_softmax,289,Head,0.8,3.6350513474075674,True,False
opxrd_1083,opxrd,final_gate_fls_model,training_results/exp_results/exp_test4_model.pth,gate,verified,clean,0,1083,224,224,225,225,cubic,cubic,High symmetry,True,224,0.8408603072166443,45,0.0009923466714099,162,0.0008396954508498,True,1.300778766923775,0.2391981971997654,0.8408603072166443,1.0,0.1298227459192276,0.1298227459192276,0.1298227459192276,0.0,0.1298227459192276,0.1298227459192276,False,clean input; no perturbation applied,forward_return_gate,single_softmax,289,Head,0.8,3.6350513474075674,True,False
opxrd_1084,opxrd,final_gate_fls_model,training_results/exp_results/exp_test4_model.pth,gate,verified,clean,0,1084,224,224,225,225,cubic,cubic,High symmetry,True,224,0.845146894454956,128,0.0008158547570928,162,0.0008022896945476,True,1.269970594962987,0.2335329300694689,0.845146894454956,1.0,0.1246653571724891,0.1246653571724891,0.1246653571724891,0.0,0.1246653571724891,0.1246653571724891,False,clean input; no perturbation applied,forward_return_gate,single_softmax,289,Head,0.8,3.6350513474075674,True,False
opxrd_1087,opxrd,final_gate_fls_model,training_results/exp_results/exp_test4_model.pth,gate,verified,clean,0,1087,224,224,225,225,cubic,cubic,High symmetry,True,224,0.865564227104187,1,0.0008003545226529,61,0.0007772993994876,True,1.123227743590404,0.2065486139099387,0.865564227104187,1.0,0.1233122125267982,0.1233122125267982,0.1233122125267982,0.0,0.1233122125267982,0.1233122125267982,False,clean input; no perturbation applied,forward_return_gate,single_softmax,289,Head,0.8,3.6350513474075674,True,False
opxrd_1091,opxrd,final_gate_fls_model,training_results/exp_results/exp_test4_model.pth,gate,verified,clean,0,1091,224,224,225,225,cubic,cubic,High symmetry,True,224,0.8396132588386536,45,0.0009416678221896,162,0.0008261773036792,True,1.3097231460564482,0.2408429652556481,0.8396132588386536,0.9999999403953552,0.1331606209278106,0.1331606209278106,0.1331606209278106,0.0,0.1331606209278106,0.1331606209278106,False,clean input; no perturbation applied,forward_return_gate,single_softmax,289,Head,0.8,3.6350513474075674,True,False
opxrd_1092,opxrd,final_gate_fls_model,training_results/exp_results/exp_test4_model.pth,gate,verified,clean,0,1092,224,224,225,225,cubic,cubic,High symmetry,True,224,0.9036020040512084,126,0.0008512278436683,198,0.0006387107423506,True,0.8393147462604931,0.1543402915958368,0.9036020040512084,1.000000238418579,0.0809260383248329,0.0809260383248329,0.0809260383248329,0.0,0.0809260383248329,0.0809260383248329,False,clean input; no perturbation applied,forward_return_gate,single_softmax,289,Head,0.8,3.6350513474075674,True,False
opxrd_1094,opxrd,final_gate_fls_model,training_results/exp_results/exp_test4_model.pth,gate,verified,clean,0,1094,224,224,225,225,cubic,cubic,High symmetry,True,224,0.842265248298645,45,0.0010590120218694,147,0.0008332153083756,True,1.290734154365598,0.23735110891959,0.842265248298645,0.9999999403953552,0.1287213712930679,0.1287213712930679,0.1287213712930679,0.0,0.1287213712930679,0.1287213712930679,False,clean input; no perturbation applied,forward_return_gate,single_softmax,289,Head,0.8,3.6350513474075674,True,False
opxrd_1100,opxrd,final_gate_fls_model,training_results/exp_results/exp_test4_model.pth,gate,verified,clean,0,1100,224,224,225,225,cubic,cubic,High symmetry,True,224,0.8520922660827637,61,0.0009392296778969,139,0.0008270606631413,True,1.2201631159134605,0.2243739097205383,0.8520922660827637,0.9999998807907104,0.1224973425269126,0.1224973425269126,0.1224973425269126,0.0,0.1224973425269126,0.1224973425269126,False,clean input; no perturbation applied,forward_return_gate,single_softmax,289,Head,0.8,3.6350513474075674,True,False
opxrd_1105,opxrd,final_gate_fls_model,training_results/exp_results/exp_test4_model.pth,gate,verified,clean,0,1105,224,224,225,225,cubic,cubic,High symmetry,True,224,0.8781458139419556,1,0.0008580117137171,145,0.0008077002712525,True,1.0307330754574628,0.1895399123301054,0.8781458139419556,1.0,0.0721251294016838,0.0721251294016838,0.0721251294016838,0.0,0.0721251294016838,0.0721251294016838,False,clean input; no perturbation applied,forward_return_gate,single_softmax,289,Head,0.8,3.6350513474075674,True,False
opxrd_1113,opxrd,final_gate_fls_model,training_results/exp_results/exp_test4_model.pth,gate,verified,clean,0,1113,224,224,225,225,cubic,cubic,High symmetry,True,224,0.8412838578224182,128,0.0008287137025035,162,0.000813344027847,True,1.2975760314583331,0.2386092511245976,0.8412838578224182,1.0,0.1345587819814682,0.1345587819814682,0.1345587819814682,0.0,0.1345587819814682,0.1345587819814682,False,clean input; no perturbation applied,forward_return_gate,single_softmax,289,Head,0.8,3.6350513474075674,True,False
opxrd_1117,opxrd,final_gate_fls_model,training_results/exp_results/exp_test4_model.pth,gate,verified,clean,0,1117,224,224,225,225,cubic,cubic,High symmetry,True,224,0.8404296040534973,45,0.0009622123325243,162,0.0008236669236794,True,1.3039395686218735,0.2397794321392619,0.8404296040534973,0.9999998807907104,0.1331151723861694,0.1331151723861694,0.1331151723861694,0.0,0.1331151723861694,0.1331151723861694,False,clean input; no perturbation applied,forward_return_gate,single_softmax,289,Head,0.8,3.6350513474075674,True,False
opxrd_1118,opxrd,final_gate_fls_model,training_results/exp_results/exp_test4_model.pth,gate,verified,clean,0,1118,224,224,225,225,cubic,cubic,High symmetry,True,224,0.8650280833244324,1,0.001098726526834,61,0.0010450098197907,True,1.1261835129707336,0.2070921457733817,0.8650280833244324,1.0000001192092896,0.134937897324562,0.134937897324562,0.134937897324562,0.0,0.134937897324562,0.134937897324562,False,clean input; no perturbation applied,forward_return_gate,single_softmax,289,Head,0.8,3.6350513474075674,True,False
opxrd_1120,opxrd,final_gate_fls_model,training_results/exp_results/exp_test4_model.pth,gate,verified,clean,0,1120,224,224,225,225,cubic,cubic,High symmetry,True,224,0.841041624546051,128,0.0008085961453616,162,0.0008036253275349,True,1.299371401790685,0.2389393990004121,0.841041624546051,0.9999998211860656,0.1473114788532257,0.1473114788532257,0.1473114788532257,0.0,0.1473114788532257,0.1473114788532257,False,clean input; no perturbation applied,forward_return_gate,single_softmax,289,Head,0.8,3.6350513474075674,True,False
opxrd_1123,opxrd,final_gate_fls_model,training_results/exp_results/exp_test4_model.pth,gate,verified,clean,0,1123,224,224,225,225,cubic,cubic,High symmetry,True,224,0.8408289551734924,45,0.0009168191463686,162,0.0008340034401044,True,1.3009999945690234,0.2392388784095605,0.8408289551734924,1.0,0.1287731677293777,0.1287731677293777,0.1287731677293777,0.0,0.1287731677293777,0.1287731677293777,False,clean input; no perturbation applied,forward_return_gate,single_softmax,289,Head,0.8,3.6350513474075674,True,False
opxrd_1126,opxrd,final_gate_fls_model,training_results/exp_results/exp_test4_model.pth,gate,verified,clean,0,1126,224,224,225,225,cubic,cubic,High symmetry,True,224,0.8469809889793396,45,0.0014051073230803,147,0.0008416846394538,True,1.2570857866459455,0.2311635625804919,0.8469809889793396,0.9999998807907104,0.1291962265968322,0.1291962265968322,0.1291962265968322,0.0,0.1291962265968322,0.1291962265968322,False,clean input; no perturbation applied,forward_return_gate,single_softmax,289,Head,0.8,3.6350513474075674,True,False
opxrd_1135,opxrd,final_gate_fls_model,training_results/exp_results/exp_test4_model.pth,gate,verified,clean,0,1135,224,224,225,225,cubic,cubic,High symmetry,True,224,0.8430498242378235,45,0.000868305505719,162,0.0008160352008417,True,1.2851785856127806,0.2363295039673228,0.8430498242378235,0.9999998807907104,0.1370838731527328,0.1370838731527328,0.1370838731527328,0.0,0.1370838731527328,0.1370838731527328,False,clean input; no perturbation applied,forward_return_gate,single_softmax,289,Head,0.8,3.6350513474075674,True,False
opxrd_1138,opxrd,final_gate_fls_model,training_results/exp_results/exp_test4_model.pth,gate,verified,clean,0,1138,224,224,225,225,cubic,cubic,High symmetry,True,224,0.8422703742980957,45,0.001290364540182,162,0.0008211870444938,True,1.2908361468373442,0.2373698641575981,0.8422703742980957,1.0,0.1406072378158569,0.1406072378158569,0.1406072378158569,0.0,0.1406072378158569,0.1406072378158569,False,clean input; no perturbation applied,forward_return_gate,single_softmax,289,Head,0.8,3.6350513474075674,True,False
opxrd_114,opxrd,final_gate_fls_model,training_results/exp_results/exp_test4_model.pth,gate,verified,clean,0,114,32,13,33,14,orthorhombic,monoclinic,Low symmetry,False,13,0.0512719601392746,71,0.0396383181214332,128,0.0376071333885192,False,5.116796527020821,0.9409198057528896,0.0512719601392746,0.9999999403953552,0.2852575182914734,0.2852575182914734,0.2852575182914734,0.0,0.2852575182914734,0.2852575182914734,False,clean input; no perturbation applied,forward_return_gate,single_softmax,9,Head,0.8,3.6350513474075674,False,True
opxrd_1140,opxrd,final_gate_fls_model,training_results/exp_results/exp_test4_model.pth,gate,verified,clean,0,1140,224,224,225,225,cubic,cubic,High symmetry,True,224,0.8409879207611084,45,0.0009891163790598,162,0.0008196563576348,True,1.299907463332976,0.2390379745289837,0.8409879207611084,1.0,0.1420119404792785,0.1420119404792785,0.1420119404792785,0.0,0.1420119404792785,0.1420119404792785,False,clean input; no perturbation applied,forward_return_gate,single_softmax,289,Head,0.8,3.6350513474075674,True,False
opxrd_1142,opxrd,final_gate_fls_model,training_results/exp_results/exp_test4_model.pth,gate,verified,clean,0,1142,224,224,225,225,cubic,cubic,High symmetry,True,224,0.9042630791664124,1,0.0015703233657404,145,0.0012755952775478,True,0.831283437716313,0.1528634266793944,0.9042630791664124,1.0000001192092896,0.0725552290678024,0.0725552290678024,0.0725552290678024,0.0,0.0725552290678024,0.0725552290678024,False,clean input; no perturbation applied,forward_return_gate,single_softmax,289,Head,0.8,3.6350513474075674,True,False
opxrd_1145,opxrd,final_gate_fls_model,training_results/exp_results/exp_test4_model.pth,gate,verified,clean,0,1145,224,224,225,225,cubic,cubic,High symmetry,True,224,0.8500168323516846,45,0.0018986153881996,147,0.000850822078064,True,1.235030723503429,0.2271078911035557,0.8500168323516846,0.9999999403953552,0.1302197426557541,0.1302197426557541,0.1302197426557541,0.0,0.1302197426557541,0.1302197426557541,False,clean input; no perturbation applied,forward_return_gate,single_softmax,289,Head,0.8,3.6350513474075674,True,False
opxrd_1152,opxrd,final_gate_fls_model,training_results/exp_results/exp_test4_model.pth,gate,verified,clean,0,1152,224,224,225,225,cubic,cubic,High symmetry,True,224,0.8391854166984558,162,0.0008444634731858,128,0.0008288182434625,True,1.3124016013752913,0.2413355022648911,0.8391854166984558,1.0,0.1242426037788391,0.1242426037788391,0.1242426037788391,0.0,0.1242426037788391,0.1242426037788391,False,clean input; no perturbation applied,forward_return_gate,single_softmax,289,Head,0.8,3.6350513474075674,True,False
opxrd_1175,opxrd,final_gate_fls_model,training_results/exp_results/exp_test4_model.pth,gate,verified,clean,0,1175,224,224,225,225,cubic,cubic,High symmetry,True,224,0.8894706964492798,1,0.0010704998858273,59,0.0007220852421596,True,0.944992496923263,0.1737732098486777,0.8894706964492798,1.0000001192092896,0.114753782749176,0.114753782749176,0.114753782749176,0.0,0.114753782749176,0.114753782749176,False,clean input; no perturbation applied,forward_return_gate,single_softmax,289,Head,0.8,3.6350513474075674,True,False
opxrd_1180,opxrd,final_gate_fls_model,training_results/exp_results/exp_test4_model.pth,gate,verified,clean,0,1180,224,224,225,225,cubic,cubic,High symmetry,True,224,0.8423473834991455,45,0.0008529514889232,162,0.0008272353443317,True,1.290104768747318,0.2372353721709097,0.8423473834991455,1.0000001192092896,0.1355585306882858,0.1355585306882858,0.1355585306882858,0.0,0.1355585306882858,0.1355585306882858,False,clean input; no perturbation applied,forward_return_gate,single_softmax,289,Head,0.8,3.6350513474075674,True,False
opxrd_1183,opxrd,final_gate_fls_model,training_results/exp_results/exp_test4_model.pth,gate,verified,clean,0,1183,224,224,225,225,cubic,cubic,High symmetry,True,224,0.8396979570388794,45,0.0008443835540674,162,0.0008321647183038,True,1.3089954142648583,0.2407091437811441,0.8396979570388794,0.9999999403953552,0.129344642162323,0.129344642162323,0.129344642162323,0.0,0.129344642162323,0.129344642162323,False,clean input; no perturbation applied,forward_return_gate,single_softmax,289,Head,0.8,3.6350513474075674,True,False
opxrd_1185,opxrd,final_gate_fls_model,training_results/exp_results/exp_test4_model.pth,gate,verified,clean,0,1185,224,224,225,225,cubic,cubic,High symmetry,True,224,0.8384866118431091,45,0.001765911700204,147,0.0008277206798084,True,1.317325744970701,0.2422409954207797,0.8384866118431091,1.0,0.1425535082817077,0.1425535082817077,0.1425535082817077,0.0,0.1425535082817077,0.1425535082817077,False,clean input; no perturbation applied,forward_return_gate,single_softmax,289,Head,0.8,3.6350513474075674,True,False
opxrd_1188,opxrd,final_gate_fls_model,training_results/exp_results/exp_test4_model.pth,gate,verified,clean,0,1188,224,224,225,225,cubic,cubic,High symmetry,True,224,0.8408721685409546,45,0.0008793706656433,162,0.0008305899100378,True,1.3006713847091382,0.2391784508502666,0.8408721685409546,1.0000001192092896,0.1272454261779785,0.1272454261779785,0.1272454261779785,0.0,0.1272454261779785,0.1272454261779785,False,clean input; no perturbation applied,forward_return_gate,single_softmax,289,Head,0.8,3.6350513474075674,True,False
opxrd_119,opxrd,final_gate_fls_model,training_results/exp_results/exp_test4_model.pth,gate,verified,clean,0,119,61,61,62,62,orthorhombic,orthorhombic,Low symmetry,True,61,0.9139904379844666,62,0.0100565077736973,59,0.0043545761145651,True,0.7161363030948411,0.1316891980445656,0.9139904379844666,0.9999999403953552,0.1746309101581573,0.1746309101581573,0.1746309101581573,0.0,0.1746309101581573,0.1746309101581573,False,clean input; no perturbation applied,forward_return_gate,single_softmax,29,Head,0.8,3.6350513474075674,True,False
opxrd_1190,opxrd,final_gate_fls_model,training_results/exp_results/exp_test4_model.pth,gate,verified,clean,0,1190,224,224,225,225,cubic,cubic,High symmetry,True,224,0.8378705978393555,45,0.0008577498956583,162,0.0008452126639895,True,1.3218001607192589,0.2430637888179293,0.8378705978393555,1.0,0.1275692135095596,0.1275692135095596,0.1275692135095596,0.0,0.1275692135095596,0.1275692135095596,False,clean input; no perturbation applied,forward_return_gate,single_softmax,289,Head,0.8,3.6350513474075674,True,False
opxrd_120,opxrd,final_gate_fls_model,training_results/exp_results/exp_test4_model.pth,gate,verified,clean,0,120,3,1,4,2,monoclinic,triclinic,Low symmetry,False,1,0.7994521260261536,10,0.0306751672178506,13,0.0213023517280817,False,1.3861766771008477,0.2549018869265677,0.7994521260261536,1.0,0.3119993507862091,0.3119993507862091,0.3119993507862091,0.0,0.3119993507862091,0.3119993507862091,False,clean input; no perturbation applied,forward_return_gate,single_softmax,14,Head,0.8,3.6350513474075674,True,False
opxrd_124,opxrd,final_gate_fls_model,training_results/exp_results/exp_test4_model.pth,gate,verified,clean,0,124,18,18,19,19,orthorhombic,orthorhombic,Low symmetry,True,18,0.1837441772222519,1,0.0229293070733547,199,0.0217528473585844,True,4.673611287099551,0.8594231568912115,0.1837441772222519,1.0,0.1397291868925094,0.1397291868925094,0.1397291868925094,0.0,0.1397291868925094,0.1397291868925094,False,clean input; no perturbation applied,forward_return_gate,single_softmax,27,Head,0.8,3.6350513474075674,False,True
opxrd_125,opxrd,final_gate_fls_model,training_results/exp_results/exp_test4_model.pth,gate,verified,clean,0,125,223,61,224,62,cubic,orthorhombic,High symmetry,False,61,0.2189104855060577,13,0.0911254659295082,139,0.076586402952671,False,4.005830179173645,0.7366259209571637,0.2189104855060577,1.0,0.3390132784843445,0.3390132784843445,0.3390132784843445,0.0,0.3390132784843445,0.3390132784843445,False,clean input; no perturbation applied,forward_return_gate,single_softmax,1,Tail,0.8,3.6350513474075674,False,True
opxrd_127,opxrd,final_gate_fls_model,training_results/exp_results/exp_test4_model.pth,gate,verified,clean,0,127,10,10,11,11,monoclinic,monoclinic,Low symmetry,True,10,0.9557605385780334,13,0.0018078612629324,59,0.0012113297125324,True,0.4118681706115882,0.0757378013843536,0.9557605385780334,1.0000001192092896,0.248321384191513,0.248321384191513,0.248321384191513,0.0,0.248321384191513,0.248321384191513,False,clean input; no perturbation applied,forward_return_gate,single_softmax,13,Head,0.8,3.6350513474075674,True,False
opxrd_15,opxrd,final_gate_fls_model,training_results/exp_results/exp_test4_model.pth,gate,verified,clean,0,15,220,62,221,63,cubic,orthorhombic,High symmetry,False,62,0.7329860329627991,25,0.0775716081261634,224,0.0271427109837532,False,1.649826227365553,0.3033839952753904,0.7329860329627991,1.0000001192092896,0.1531473398208618,0.1531473398208618,0.1531473398208618,0.0,0.1531473398208618,0.1531473398208618,False,clean input; no perturbation applied,forward_return_gate,single_softmax,14,Head,0.8,3.6350513474075674,True,False
opxrd_150,opxrd,final_gate_fls_model,training_results/exp_results/exp_test4_model.pth,gate,verified,clean,0,150,14,14,15,15,monoclinic,monoclinic,Low symmetry,True,14,0.41370689868927,73,0.1839357614517212,1,0.0232920385897159,True,3.149218408863371,0.5791049063399838,0.41370689868927,1.0,0.0597247518599033,0.0597247518599033,0.0597247518599033,0.0,0.0597247518599033,0.0597247518599033,False,clean input; no perturbation applied,forward_return_gate,single_softmax,37,Head,0.8,3.6350513474075674,True,False
opxrd_152,opxrd,final_gate_fls_model,training_results/exp_results/exp_test4_model.pth,gate,verified,clean,0,152,13,13,14,14,monoclinic,monoclinic,Low symmetry,True,13,0.8955607414245605,18,0.0042987097986042,165,0.0024531716480851,True,0.8818377929201877,0.1621597889301107,0.8955607414245605,1.0000001192092896,0.2148675322532653,0.2148675322532653,0.2148675322532653,0.0,0.2148675322532653,0.2148675322532653,False,clean input; no perturbation applied,forward_return_gate,single_softmax,109,Head,0.8,3.6350513474075674,True,False
opxrd_168,opxrd,final_gate_fls_model,training_results/exp_results/exp_test4_model.pth,gate,verified,clean,0,168,226,226,227,227,cubic,cubic,High symmetry,True,226,0.4541736841201782,61,0.0680921152234077,13,0.0451082363724708,True,3.329194806217995,0.6122004879103565,0.4541736841201782,0.9999998807907104,0.3263078927993774,0.3263078927993774,0.3263078927993774,0.0,0.3263078927993774,0.3263078927993774,False,clean input; no perturbation applied,forward_return_gate,single_softmax,13,Head,0.8,3.6350513474075674,True,False
opxrd_170,opxrd,final_gate_fls_model,training_results/exp_results/exp_test4_model.pth,gate,verified,clean,0,170,59,59,60,60,orthorhombic,orthorhombic,Low symmetry,True,59,0.9710537195205688,61,0.001718467567116,13,0.0004982309765182,True,0.282580359534717,0.0519632656094291,0.9710537195205688,0.9999999403953552,0.1807411611080169,0.1807411611080169,0.1807411611080169,0.0,0.1807411611080169,0.1807411611080169,False,clean input; no perturbation applied,forward_return_gate,single_softmax,24,Head,0.8,3.6350513474075674,True,False
opxrd_178,opxrd,final_gate_fls_model,training_results/exp_results/exp_test4_model.pth,gate,verified,clean,0,178,192,192,193,193,hexagonal,hexagonal,Medium symmetry,True,192,0.8132101893424988,45,0.0582294650375843,138,0.0066622011363506,True,1.2394138721238324,0.2279139015295551,0.8132101893424988,1.0,0.3554682433605194,0.3554682433605194,0.3554682433605194,0.0,0.3554682433605194,0.3554682433605194,False,clean input; no perturbation applied,forward_return_gate,single_softmax,6,Head,0.8,3.6350513474075674,True,False
opxrd_184,opxrd,final_gate_fls_model,training_results/exp_results/exp_test4_model.pth,gate,verified,clean,0,184,13,13,14,14,monoclinic,monoclinic,Low symmetry,True,13,0.9305435419082642,18,0.0052480730228126,61,0.0034160560462623,True,0.5930793677676205,0.1090604483819227,0.9305435419082642,0.9999999403953552,0.0519121587276458,0.0519121587276458,0.0519121587276458,0.0,0.0519121587276458,0.0519121587276458,False,clean input; no perturbation applied,forward_return_gate,single_softmax,109,Head,0.8,3.6350513474075674,True,False
opxrd_187,opxrd,final_gate_fls_model,training_results/exp_results/exp_test4_model.pth,gate,verified,clean,0,187,124,124,125,125,tetragonal,tetragonal,Medium symmetry,True,124,0.961686074733734,10,0.0023459137883037,13,0.002095591276884,True,0.3565789536139181,0.0655707527157276,0.961686074733734,0.9999998807907104,0.3218056857585907,0.3218056857585907,0.3218056857585907,0.0,0.3218056857585907,0.3218056857585907,False,clean input; no perturbation applied,forward_return_gate,single_softmax,13,Head,0.8,3.6350513474075674,True,False
opxrd_189,opxrd,final_gate_fls_model,training_results/exp_results/exp_test4_model.pth,gate,verified,clean,0,189,1,1,2,2,triclinic,triclinic,Low symmetry,True,1,0.293133407831192,91,0.1024761945009231,10,0.0251946616917848,True,3.994972493706143,0.7346293179562317,0.293133407831192,1.0,0.3604603111743927,0.3604603111743927,0.3604603111743927,0.0,0.3604603111743927,0.3604603111743927,False,clean input; no perturbation applied,forward_return_gate,single_softmax,52,Head,0.8,3.6350513474075674,False,True
opxrd_200,opxrd,final_gate_fls_model,training_results/exp_results/exp_test4_model.pth,gate,verified,clean,0,200,73,1,74,2,orthorhombic,triclinic,Low symmetry,False,1,0.2372406721115112,14,0.1815320402383804,18,0.1256410330533981,False,3.639892730957037,0.6693342491317544,0.2372406721115112,1.0,0.1405729800462722,0.1405729800462722,0.1405729800462722,0.0,0.1405729800462722,0.1405729800462722,False,clean input; no perturbation applied,forward_return_gate,single_softmax,29,Head,0.8,3.6350513474075674,False,True
opxrd_201,opxrd,final_gate_fls_model,training_results/exp_results/exp_test4_model.pth,gate,verified,clean,0,201,13,13,14,14,monoclinic,monoclinic,Low symmetry,True,13,0.8518978953361511,61,0.0180023983120918,3,0.0178482495248317,True,1.0509176190545495,0.1932516168585713,0.8518978953361511,1.0,0.0573884211480617,0.0573884211480617,0.0573884211480617,0.0,0.0573884211480617,0.0573884211480617,False,clean input; no perturbation applied,forward_return_gate,single_softmax,109,Head,0.8,3.6350513474075674,True,False
opxrd_203,opxrd,final_gate_fls_model,training_results/exp_results/exp_test4_model.pth,gate,verified,clean,0,203,70,192,71,193,orthorhombic,hexagonal,Low symmetry,False,192,0.1250960826873779,87,0.0698796734213829,126,0.0458520166575908,False,4.743669742248986,0.872306097938886,0.1250960826873779,0.9999999403953552,0.35456183552742,0.35456183552742,0.35456183552742,0.0,0.35456183552742,0.35456183552742,False,clean input; no perturbation applied,forward_return_gate,single_softmax,2,Tail,0.8,3.6350513474075674,False,True
opxrd_211,opxrd,final_gate_fls_model,training_results/exp_results/exp_test4_model.pth,gate,verified,clean,0,211,61,61,62,62,orthorhombic,orthorhombic,Low symmetry,True,61,0.9110121130943298,226,0.0121395718306303,13,0.0095030674710869,True,0.691275890279526,0.1271176551517427,0.9110121130943298,0.9999996423721312,0.343031644821167,0.343031644821167,0.343031644821167,0.0,0.343031644821167,0.343031644821167,False,clean input; no perturbation applied,forward_return_gate,single_softmax,29,Head,0.8,3.6350513474075674,True,False
opxrd_212,opxrd,final_gate_fls_model,training_results/exp_results/exp_test4_model.pth,gate,verified,clean,0,212,128,128,129,129,tetragonal,tetragonal,Medium symmetry,True,128,0.974963903427124,14,0.0010914937593042,1,0.0005861633107997,True,0.2464721654680609,0.045323385604846,0.974963903427124,0.9999998211860656,0.2985685467720032,0.2985685467720032,0.2985685467720032,0.0,0.2985685467720032,0.2985685467720032,False,clean input; no perturbation applied,forward_return_gate,single_softmax,29,Head,0.8,3.6350513474075674,True,False
opxrd_213,opxrd,final_gate_fls_model,training_results/exp_results/exp_test4_model.pth,gate,verified,clean,0,213,73,1,74,2,orthorhombic,triclinic,Low symmetry,False,1,0.3201879858970642,18,0.0784125626087188,3,0.0600996389985084,False,3.7732483816565336,0.6938568136483617,0.3201879858970642,1.000000238418579,0.1050818637013435,0.1050818637013435,0.1050818637013435,0.0,0.1050818637013435,0.1050818637013435,False,clean input; no perturbation applied,forward_return_gate,single_softmax,29,Head,0.8,3.6350513474075674,False,True
opxrd_22,opxrd,final_gate_fls_model,training_results/exp_results/exp_test4_model.pth,gate,verified,clean,0,22,215,226,216,227,cubic,cubic,High symmetry,False,226,0.9802296161651612,14,0.0033709534909576,193,0.0024206186644732,False,0.1732836267822979,0.0318648583329709,0.9802296161651612,0.9999999403953552,0.2861375212669372,0.2861375212669372,0.2861375212669372,0.0,0.2861375212669372,0.2861375212669372,False,clean input; no perturbation applied,forward_return_gate,single_softmax,3,Medium,0.8,3.6350513474075674,True,False
opxrd_231,opxrd,final_gate_fls_model,training_results/exp_results/exp_test4_model.pth,gate,verified,clean,0,231,3,3,4,4,monoclinic,monoclinic,Low symmetry,True,3,0.9814019799232484,1,0.0080797309055924,28,0.0018534990958869,True,0.1506929701745203,0.0277106974014248,0.9814019799232484,1.0000001192092896,0.2912205457687378,0.2912205457687378,0.2912205457687378,0.0,0.2912205457687378,0.2912205457687378,False,clean input; no perturbation applied,forward_return_gate,single_softmax,14,Head,0.8,3.6350513474075674,True,False
opxrd_232,opxrd,final_gate_fls_model,training_results/exp_results/exp_test4_model.pth,gate,verified,clean,0,232,147,87,148,88,trigonal,tetragonal,Medium symmetry,False,87,0.3125379383563995,165,0.2156654149293899,14,0.0409792475402355,False,3.3706825558245352,0.6198296060694949,0.3125379383563995,1.0000001192092896,0.3120483160018921,0.3120483160018921,0.3120483160018921,0.0,0.3120483160018921,0.3120483160018921,False,clean input; no perturbation applied,forward_return_gate,single_softmax,23,Head,0.8,3.6350513474075674,True,False
opxrd_239,opxrd,final_gate_fls_model,training_results/exp_results/exp_test4_model.pth,gate,verified,clean,0,239,175,175,176,176,hexagonal,hexagonal,Medium symmetry,True,175,0.5437221527099609,91,0.0294063352048397,60,0.0229305569082498,True,2.97676639448469,0.5473929719267233,0.5437221527099609,0.9999999403953552,0.3415462970733642,0.3415462970733642,0.3415462970733642,0.0,0.3415462970733642,0.3415462970733642,False,clean input; no perturbation applied,forward_return_gate,single_softmax,5,Head,0.8,3.6350513474075674,True,False
opxrd_247,opxrd,final_gate_fls_model,training_results/exp_results/exp_test4_model.pth,gate,verified,clean,0,247,18,18,19,19,orthorhombic,orthorhombic,Low symmetry,True,18,0.9686210751533508,13,0.0036613831762224,1,0.0015686273109167,True,0.2914480503042043,0.0535939315607213,0.9686210751533508,1.0000001192092896,0.2476933598518371,0.2476933598518371,0.2476933598518371,0.0,0.2476933598518371,0.2476933598518371,False,clean input; no perturbation applied,forward_return_gate,single_softmax,27,Head,0.8,3.6350513474075674,True,False
opxrd_252,opxrd,final_gate_fls_model,training_results/exp_results/exp_test4_model.pth,gate,verified,clean,0,252,35,35,36,36,orthorhombic,orthorhombic,Low symmetry,True,35,0.8647471070289612,42,0.0582063905894756,18,0.0203439742326736,True,0.7653502178387688,0.140739068770646,0.8647471070289612,1.0000001192092896,0.1271548569202423,0.1271548569202423,0.1271548569202423,0.0,0.1271548569202423,0.1271548569202423,False,clean input; no perturbation applied,forward_return_gate,single_softmax,6,Head,0.8,3.6350513474075674,True,False
opxrd_255,opxrd,final_gate_fls_model,training_results/exp_results/exp_test4_model.pth,gate,verified,clean,0,255,13,57,14,58,monoclinic,orthorhombic,Low symmetry,False,57,0.0851434245705604,1,0.0828051194548606,14,0.0450338870286941,False,4.797323952579719,0.8821724877583011,0.0851434245705604,1.0,0.1986953914165496,0.1986953914165496,0.1986953914165496,0.0,0.1986953914165496,0.1986953914165496,False,clean input; no perturbation applied,forward_return_gate,single_softmax,109,Head,0.8,3.6350513474075674,False,True
opxrd_264,opxrd,final_gate_fls_model,training_results/exp_results/exp_test4_model.pth,gate,verified,clean,0,264,59,59,60,60,orthorhombic,orthorhombic,Low symmetry,True,59,0.9699406027793884,61,0.0006898018182255,13,0.0006857019034214,True,0.2938525849141671,0.0540360977141308,0.9699406027793884,0.9999999403953552,0.1883141547441482,0.1883141547441482,0.1883141547441482,0.0,0.1883141547441482,0.1883141547441482,False,clean input; no perturbation applied,forward_return_gate,single_softmax,24,Head,0.8,3.6350513474075674,True,False
opxrd_267,opxrd,final_gate_fls_model,training_results/exp_results/exp_test4_model.pth,gate,verified,clean,0,267,220,1,221,2,cubic,triclinic,High symmetry,False,1,0.1424427181482315,220,0.0749003961682319,14,0.0677660033106803,True,4.683015511781433,0.8611524852344837,0.1424427181482315,1.0,0.1374070048332214,0.1374070048332214,0.1374070048332214,0.0,0.1374070048332214,0.1374070048332214,False,clean input; no perturbation applied,forward_return_gate,single_softmax,14,Head,0.8,3.6350513474075674,False,True
opxrd_276,opxrd,final_gate_fls_model,training_results/exp_results/exp_test4_model.pth,gate,verified,clean,0,276,14,59,15,60,monoclinic,orthorhombic,Low symmetry,False,59,0.2514412999153137,13,0.0420805737376213,61,0.041828129440546,False,4.305244985418224,0.7916848469557746,0.2514412999153137,1.0000001192092896,0.327965497970581,0.327965497970581,0.327965497970581,0.0,0.327965497970581,0.327965497970581,False,clean input; no perturbation applied,forward_return_gate,single_softmax,37,Head,0.8,3.6350513474075674,False,True
opxrd_28,opxrd,final_gate_fls_model,training_results/exp_results/exp_test4_model.pth,gate,verified,clean,0,28,14,14,15,15,monoclinic,monoclinic,Low symmetry,True,14,0.3490946292877197,73,0.1034202948212623,1,0.0343244150280952,True,3.7652087201758535,0.6923784127233351,0.3490946292877197,0.9999999403953552,0.0589784979820251,0.0589784979820251,0.0589784979820251,0.0,0.0589784979820251,0.0589784979820251,False,clean input; no perturbation applied,forward_return_gate,single_softmax,37,Head,0.8,3.6350513474075674,False,True
opxrd_283,opxrd,final_gate_fls_model,training_results/exp_results/exp_test4_model.pth,gate,verified,clean,0,283,1,1,2,2,triclinic,triclinic,Low symmetry,True,1,0.7581132650375366,59,0.0094704525545239,61,0.0071742292493581,True,1.8009974605085328,0.331182639714968,0.7581132650375366,0.9999998211860656,0.3662381768226623,0.3662381768226623,0.3662381768226623,0.0,0.3662381768226623,0.3662381768226623,False,clean input; no perturbation applied,forward_return_gate,single_softmax,52,Head,0.8,3.6350513474075674,True,False
opxrd_285,opxrd,final_gate_fls_model,training_results/exp_results/exp_test4_model.pth,gate,verified,clean,0,285,32,1,33,2,orthorhombic,triclinic,Low symmetry,False,1,0.9400799870491028,14,0.0062188250012695,18,0.0031725852750241,False,0.5196886100341805,0.0955647353618836,0.9400799870491028,1.0,0.2589176893234253,0.2589176893234253,0.2589176893234253,0.0,0.2589176893234253,0.2589176893234253,False,clean input; no perturbation applied,forward_return_gate,single_softmax,9,Head,0.8,3.6350513474075674,True,False
opxrd_286,opxrd,final_gate_fls_model,training_results/exp_results/exp_test4_model.pth,gate,verified,clean,0,286,128,128,129,129,tetragonal,tetragonal,Medium symmetry,True,128,0.9858075380325316,1,0.0006889990763738,14,0.0006701719248667,True,0.1464357183883906,0.0269278379497165,0.9858075380325316,0.9999997615814208,0.2732318639755249,0.2732318639755249,0.2732318639755249,0.0,0.2732318639755249,0.2732318639755249,False,clean input; no perturbation applied,forward_return_gate,single_softmax,29,Head,0.8,3.6350513474075674,True,False
opxrd_289,opxrd,final_gate_fls_model,training_results/exp_results/exp_test4_model.pth,gate,verified,clean,0,289,32,32,33,33,orthorhombic,orthorhombic,Low symmetry,True,32,0.7951523065567017,35,0.0872102528810501,1,0.0150066064670681,True,1.2016496050184882,0.2209694888132164,0.7951523065567017,1.0,0.0574302747845649,0.0574302747845649,0.0574302747845649,0.0,0.0574302747845649,0.0574302747845649,False,clean input; no perturbation applied,forward_return_gate,single_softmax,9,Head,0.8,3.6350513474075674,True,False
opxrd_294,opxrd,final_gate_fls_model,training_results/exp_results/exp_test4_model.pth,gate,verified,clean,0,294,204,204,205,205,cubic,cubic,High symmetry,True,204,0.7633825540542603,224,0.113250657916069,13,0.0061289896257221,True,1.341642032895435,0.2467124800283753,0.7633825540542603,1.0000001192092896,0.3559173941612243,0.3559173941612243,0.3559173941612243,0.0,0.3559173941612243,0.3559173941612243,False,clean input; no perturbation applied,forward_return_gate,single_softmax,4,Medium,0.8,3.6350513474075674,True,False
opxrd_304,opxrd,final_gate_fls_model,training_results/exp_results/exp_test4_model.pth,gate,verified,clean,0,304,13,1,14,2,monoclinic,triclinic,Low symmetry,False,1,0.7691309452056885,14,0.0298994835466146,162,0.012782659381628,False,1.6137925141684706,0.296757811442809,0.7691309452056885,1.0,0.2331281900405883,0.2331281900405883,0.2331281900405883,0.0,0.2331281900405883,0.2331281900405883,False,clean input; no perturbation applied,forward_return_gate,single_softmax,109,Head,0.8,3.6350513474075674,True,False
opxrd_309,opxrd,final_gate_fls_model,training_results/exp_results/exp_test4_model.pth,gate,verified,clean,0,309,14,18,15,19,monoclinic,orthorhombic,Low symmetry,False,18,0.4430157542228699,1,0.1543542444705963,60,0.0682927295565605,False,2.925856670814419,0.5380312615179151,0.4430157542228699,0.9999999403953552,0.106756217777729,0.106756217777729,0.106756217777729,0.0,0.106756217777729,0.106756217777729,False,clean input; no perturbation applied,forward_return_gate,single_softmax,37,Head,0.8,3.6350513474075674,True,False
opxrd_310,opxrd,final_gate_fls_model,training_results/exp_results/exp_test4_model.pth,gate,verified,clean,0,310,61,61,62,62,orthorhombic,orthorhombic,Low symmetry,True,61,0.9267186522483826,13,0.0106527516618371,226,0.0090812798589468,True,0.5807610662134568,0.1067952549460802,0.9267186522483826,1.0,0.3428877592086792,0.3428877592086792,0.3428877592086792,0.0,0.3428877592086792,0.3428877592086792,False,clean input; no perturbation applied,forward_return_gate,single_softmax,29,Head,0.8,3.6350513474075674,True,False
opxrd_312,opxrd,final_gate_fls_model,training_results/exp_results/exp_test4_model.pth,gate,verified,clean,0,312,141,10,142,11,tetragonal,monoclinic,Medium symmetry,False,10,0.0740518495440483,147,0.0704084858298301,175,0.0609211511909961,False,4.764053293624025,0.8760543977000887,0.0740518495440483,0.9999999403953552,0.3300196528434753,0.3300196528434753,0.3300196528434753,0.0,0.3300196528434753,0.3300196528434753,False,clean input; no perturbation applied,forward_return_gate,single_softmax,1,Tail,0.8,3.6350513474075674,False,True
opxrd_314,opxrd,final_gate_fls_model,training_results/exp_results/exp_test4_model.pth,gate,verified,clean,0,314,226,226,227,227,cubic,cubic,High symmetry,True,226,0.7595139145851135,61,0.0483728572726249,147,0.0153258508071303,True,1.613868805628747,0.2967718405615368,0.7595139145851135,1.0,0.2371813654899597,0.2371813654899597,0.2371813654899597,0.0,0.2371813654899597,0.2371813654899597,False,clean input; no perturbation applied,forward_return_gate,single_softmax,13,Head,0.8,3.6350513474075674,True,False
opxrd_315,opxrd,final_gate_fls_model,training_results/exp_results/exp_test4_model.pth,gate,verified,clean,0,315,59,59,60,60,orthorhombic,orthorhombic,Low symmetry,True,59,0.9498448371887208,61,0.0018787612207233,13,0.0011904471321031,True,0.4629072528728173,0.0851232993445398,0.9498448371887208,0.9999998807907104,0.2048942893743515,0.2048942893743515,0.2048942893743515,0.0,0.2048942893743515,0.2048942893743515,False,clean input; no perturbation applied,forward_return_gate,single_softmax,24,Head,0.8,3.6350513474075674,True,False
opxrd_32,opxrd,final_gate_fls_model,training_results/exp_results/exp_test4_model.pth,gate,verified,clean,0,32,13,11,14,12,monoclinic,monoclinic,Low symmetry,False,11,0.2582834362983703,1,0.0807013139128685,60,0.057441271841526,False,3.899603543519684,0.7170920690915507,0.2582834362983703,0.9999998807907104,0.1261074542999267,0.1261074542999267,0.1261074542999267,0.0,0.1261074542999267,0.1261074542999267,False,clean input; no perturbation applied,forward_return_gate,single_softmax,109,Head,0.8,3.6350513474075674,False,True
opxrd_328,opxrd,final_gate_fls_model,training_results/exp_results/exp_test4_model.pth,gate,verified,clean,0,328,62,12,63,13,orthorhombic,monoclinic,Low symmetry,False,12,0.2487289011478424,13,0.1664184629917144,69,0.1370012760162353,False,3.337031440980908,0.6136415545660145,0.2487289011478424,1.0000001192092896,0.0853274166584014,0.0853274166584014,0.0853274166584014,0.0,0.0853274166584014,0.0853274166584014,False,clean input; no perturbation applied,forward_return_gate,single_softmax,10,Head,0.8,3.6350513474075674,True,False
opxrd_334,opxrd,final_gate_fls_model,training_results/exp_results/exp_test4_model.pth,gate,verified,clean,0,334,147,147,148,148,trigonal,trigonal,Medium symmetry,True,147,0.9959539175033568,138,0.0007730542565695,12,0.0002552987134549,True,0.0449686545185851,0.0082692163839533,0.9959539175033568,1.0000001192092896,0.1749756336212158,0.1749756336212158,0.1749756336212158,0.0,0.1749756336212158,0.1749756336212158,False,clean input; no perturbation applied,forward_return_gate,single_softmax,23,Head,0.8,3.6350513474075674,True,False
opxrd_338,opxrd,final_gate_fls_model,training_results/exp_results/exp_test4_model.pth,gate,verified,clean,0,338,220,220,221,221,cubic,cubic,High symmetry,True,220,0.4802943468093872,224,0.3021651804447174,70,0.0118983006104826,True,2.138486983256303,0.3932430664899127,0.4802943468093872,0.9999998211860656,0.1786282360553741,0.1786282360553741,0.1786282360553741,0.0,0.1786282360553741,0.1786282360553741,False,clean input; no perturbation applied,forward_return_gate,single_softmax,14,Head,0.8,3.6350513474075674,True,False
opxrd_343,opxrd,final_gate_fls_model,training_results/exp_results/exp_test4_model.pth,gate,verified,clean,0,343,73,64,74,65,orthorhombic,orthorhombic,Low symmetry,False,64,0.2544268369674682,139,0.2207762449979782,13,0.0229765959084033,False,3.737631016288927,0.6873071913747103,0.2544268369674682,0.9999998807907104,0.3242365717887878,0.3242365717887878,0.3242365717887878,0.0,0.3242365717887878,0.3242365717887878,False,clean input; no perturbation applied,forward_return_gate,single_softmax,29,Head,0.8,3.6350513474075674,False,True
opxrd_344,opxrd,final_gate_fls_model,training_results/exp_results/exp_test4_model.pth,gate,verified,clean,0,344,60,60,61,61,orthorhombic,orthorhombic,Low symmetry,True,60,0.945014238357544,62,0.0073343501426279,61,0.0068355579860508,True,0.4659916131918009,0.0856904775969648,0.945014238357544,0.9999998211860656,0.1743183732032776,0.1743183732032776,0.1743183732032776,0.0,0.1743183732032776,0.1743183732032776,False,clean input; no perturbation applied,forward_return_gate,single_softmax,11,Head,0.8,3.6350513474075674,True,False
opxrd_345,opxrd,final_gate_fls_model,training_results/exp_results/exp_test4_model.pth,gate,verified,clean,0,345,84,18,85,19,tetragonal,orthorhombic,Medium symmetry,False,18,0.2155524492263794,58,0.1169468462467193,11,0.0542363300919532,False,4.046158424887532,0.7440418197374027,0.2155524492263794,1.0,0.3292722105979919,0.3292722105979919,0.3292722105979919,0.0,0.3292722105979919,0.3292722105979919,False,clean input; no perturbation applied,forward_return_gate,single_softmax,1,Tail,0.8,3.6350513474075674,False,True
opxrd_346,opxrd,final_gate_fls_model,training_results/exp_results/exp_test4_model.pth,gate,verified,clean,0,346,224,224,225,225,cubic,cubic,High symmetry,True,224,0.9611160159111024,220,0.0119216730818152,215,0.0029974284116178,True,0.3185252521881713,0.0585731163695078,0.9611160159111024,1.0,0.3061774373054504,0.3061774373054504,0.3061774373054504,0.0,0.3061774373054504,0.3061774373054504,False,clean input; no perturbation applied,forward_return_gate,single_softmax,289,Head,0.8,3.6350513474075674,True,False
opxrd_347,opxrd,final_gate_fls_model,training_results/exp_results/exp_test4_model.pth,gate,verified,clean,0,347,14,14,15,15,monoclinic,monoclinic,Low symmetry,True,14,0.7775600552558899,71,0.0129296500235795,25,0.0089810993522405,True,1.6434516842833191,0.3022117903993463,0.7775600552558899,0.9999999403953552,0.2125795781612396,0.2125795781612396,0.2125795781612396,0.0,0.2125795781612396,0.2125795781612396,False,clean input; no perturbation applied,forward_return_gate,single_softmax,37,Head,0.8,3.6350513474075674,True,False
opxrd_35,opxrd,final_gate_fls_model,training_results/exp_results/exp_test4_model.pth,gate,verified,clean,0,35,1,59,2,60,triclinic,orthorhombic,Low symmetry,False,59,0.238587886095047,28,0.09368846565485,13,0.0759748145937919,False,4.100924831584165,0.7541127296277327,0.238587886095047,1.0,0.3050615787506103,0.3050615787506103,0.3050615787506103,0.0,0.3050615787506103,0.3050615787506103,False,clean input; no perturbation applied,forward_return_gate,single_softmax,52,Head,0.8,3.6350513474075674,False,True
opxrd_350,opxrd,final_gate_fls_model,training_results/exp_results/exp_test4_model.pth,gate,verified,clean,0,350,13,13,14,14,monoclinic,monoclinic,Low symmetry,True,13,0.154658243060112,32,0.1335085481405258,18,0.0965775027871131,True,3.7825736228381097,0.6955716178378252,0.154658243060112,1.0,0.2916961908340454,0.2916961908340454,0.2916961908340454,0.0,0.2916961908340454,0.2916961908340454,False,clean input; no perturbation applied,forward_return_gate,single_softmax,109,Head,0.8,3.6350513474075674,False,True
opxrd_352,opxrd,final_gate_fls_model,training_results/exp_results/exp_test4_model.pth,gate,verified,clean,0,352,14,59,15,60,monoclinic,orthorhombic,Low symmetry,False,59,0.1358058154582977,13,0.1149633824825286,18,0.031346920877695,False,4.627467691472688,0.8509378824026349,0.1358058154582977,1.0,0.2550787925720215,0.2550787925720215,0.2550787925720215,0.0,0.2550787925720215,0.2550787925720215,False,clean input; no perturbation applied,forward_return_gate,single_softmax,37,Head,0.8,3.6350513474075674,False,True
opxrd_355,opxrd,final_gate_fls_model,training_results/exp_results/exp_test4_model.pth,gate,verified,clean,0,355,166,1,167,2,trigonal,triclinic,Medium symmetry,False,1,0.1212601438164711,4,0.0805635601282119,145,0.0638500452041626,False,4.3379944531303565,0.797707095961668,0.1212601438164711,1.0000001192092896,0.1920894384384155,0.1920894384384155,0.1920894384384155,0.0,0.1920894384384155,0.1920894384384155,False,clean input; no perturbation applied,forward_return_gate,single_softmax,5,Medium,0.8,3.6350513474075674,False,True
opxrd_357,opxrd,final_gate_fls_model,training_results/exp_results/exp_test4_model.pth,gate,verified,clean,0,357,3,3,4,4,monoclinic,monoclinic,Low symmetry,True,3,0.8791971206665039,197,0.0462788753211498,61,0.0260714143514633,True,0.6910739110294818,0.1270805134995949,0.8791971206665039,0.9999998211860656,0.0302188415080308,0.0302188415080308,0.0302188415080308,0.0,0.0302188415080308,0.0302188415080308,False,clean input; no perturbation applied,forward_return_gate,single_softmax,14,Head,0.8,3.6350513474075674,True,False
opxrd_36,opxrd,final_gate_fls_model,training_results/exp_results/exp_test4_model.pth,gate,verified,clean,0,36,162,162,163,163,trigonal,trigonal,Medium symmetry,True,162,0.5342141389846802,14,0.0835167095065116,60,0.0688824653625488,True,2.535009139937704,0.4661589130886849,0.5342141389846802,1.0,0.2449725270271301,0.2449725270271301,0.2449725270271301,0.0,0.2449725270271301,0.2449725270271301,False,clean input; no perturbation applied,forward_return_gate,single_softmax,4,Medium,0.8,3.6350513474075674,True,False
opxrd_360,opxrd,final_gate_fls_model,training_results/exp_results/exp_test4_model.pth,gate,verified,clean,0,360,226,13,227,14,cubic,monoclinic,High symmetry,False,13,0.8884251713752747,18,0.0246592555195093,3,0.0120818316936492,False,0.8160526003484052,0.1500626515338544,0.8884251713752747,1.0000001192092896,0.0040946933440864,0.0040946933440864,0.0040946933440864,0.0,0.0040946933440864,0.0040946933440864,False,clean input; no perturbation applied,forward_return_gate,single_softmax,13,Head,0.8,3.6350513474075674,True,False
opxrd_369,opxrd,final_gate_fls_model,training_results/exp_results/exp_test4_model.pth,gate,verified,clean,0,369,120,120,121,121,tetragonal,tetragonal,Medium symmetry,True,120,0.638073205947876,87,0.0716631263494491,215,0.0368318818509578,True,2.23397463413096,0.4108021430407041,0.638073205947876,1.0,0.2453437149524688,0.2453437149524688,0.2453437149524688,0.0,0.2453437149524688,0.2453437149524688,False,clean input; no perturbation applied,forward_return_gate,single_softmax,2,Tail,0.8,3.6350513474075674,True,False
opxrd_37,opxrd,final_gate_fls_model,training_results/exp_results/exp_test4_model.pth,gate,verified,clean,0,37,10,10,11,11,monoclinic,monoclinic,Low symmetry,True,10,0.9685075283050536,13,0.0009941406315192,59,0.0007879367331042,True,0.3042831224778934,0.0559541531471605,0.9685075283050536,1.0,0.249141663312912,0.249141663312912,0.249141663312912,0.0,0.249141663312912,0.249141663312912,False,clean input; no perturbation applied,forward_return_gate,single_softmax,13,Head,0.8,3.6350513474075674,True,False
opxrd_373,opxrd,final_gate_fls_model,training_results/exp_results/exp_test4_model.pth,gate,verified,clean,0,373,1,14,2,15,triclinic,monoclinic,Low symmetry,False,14,0.2756312787532806,1,0.0584703758358955,175,0.0462474226951599,True,4.13786538222137,0.7609056703957332,0.2756312787532806,0.9999998807907104,0.1855793595314026,0.1855793595314026,0.1855793595314026,0.0,0.1855793595314026,0.1855793595314026,False,clean input; no perturbation applied,forward_return_gate,single_softmax,52,Head,0.8,3.6350513474075674,False,True
opxrd_379,opxrd,final_gate_fls_model,training_results/exp_results/exp_test4_model.pth,gate,verified,clean,0,379,71,71,72,72,orthorhombic,orthorhombic,Low symmetry,True,71,0.9732761979103088,13,0.0023926293943077,185,0.0018172591226175,True,0.254460034343415,0.0467922624677206,0.9732761979103088,1.000000238418579,0.2709504663944244,0.2709504663944244,0.2709504663944244,0.0,0.2709504663944244,0.2709504663944244,False,clean input; no perturbation applied,forward_return_gate,single_softmax,6,Head,0.8,3.6350513474075674,True,False
opxrd_38,opxrd,final_gate_fls_model,training_results/exp_results/exp_test4_model.pth,gate,verified,clean,0,38,12,1,13,2,monoclinic,triclinic,Low symmetry,False,1,0.5261619687080383,13,0.0796147733926773,32,0.0294854138046503,False,2.909072491441373,0.5349448447116164,0.5261619687080383,1.0,0.0883460342884063,0.0883460342884063,0.0883460342884063,0.0,0.0883460342884063,0.0883460342884063,False,clean input; no perturbation applied,forward_return_gate,single_softmax,5,Medium,0.8,3.6350513474075674,True,False
opxrd_381,opxrd,final_gate_fls_model,training_results/exp_results/exp_test4_model.pth,gate,verified,clean,0,381,160,17,161,18,trigonal,orthorhombic,Medium symmetry,False,17,0.3286665678024292,147,0.1280913054943084,13,0.0607450492680072,False,3.5172420683520027,0.6467802083321323,0.3286665678024292,1.0,0.242850050330162,0.242850050330162,0.242850050330162,0.0,0.242850050330162,0.242850050330162,False,clean input; no perturbation applied,forward_return_gate,single_softmax,2,Medium,0.8,3.6350513474075674,True,False
opxrd_392,opxrd,final_gate_fls_model,training_results/exp_results/exp_test4_model.pth,gate,verified,clean,0,392,28,28,29,29,orthorhombic,orthorhombic,Low symmetry,True,28,0.0666172429919242,1,0.0562967248260974,13,0.0486722625792026,True,4.972153243108784,0.9143215758089652,0.0666172429919242,1.0,0.2040231227874755,0.2040231227874755,0.2040231227874755,0.0,0.2040231227874755,0.2040231227874755,False,clean input; no perturbation applied,forward_return_gate,single_softmax,4,Medium,0.8,3.6350513474075674,False,True
opxrd_408,opxrd,final_gate_fls_model,training_results/exp_results/exp_test4_model.pth,gate,verified,clean,0,408,1,1,2,2,triclinic,triclinic,Low symmetry,True,1,0.9118762612342834,162,0.010913792066276,14,0.0085606332868337,True,0.7095429706513783,0.1304767603310067,0.9118762612342834,1.000000238418579,0.1723727732896804,0.1723727732896804,0.1723727732896804,0.0,0.1723727732896804,0.1723727732896804,False,clean input; no perturbation applied,forward_return_gate,single_softmax,52,Head,0.8,3.6350513474075674,True,False
opxrd_410,opxrd,final_gate_fls_model,training_results/exp_results/exp_test4_model.pth,gate,verified,clean,0,410,11,11,12,12,monoclinic,monoclinic,Low symmetry,True,11,0.5441601276397705,226,0.0507496669888496,224,0.0189268924295902,True,2.825514384336036,0.5195794735284067,0.5441601276397705,0.9999998211860656,0.2186174839735031,0.2186174839735031,0.2186174839735031,0.0,0.2186174839735031,0.2186174839735031,False,clean input; no perturbation applied,forward_return_gate,single_softmax,10,Head,0.8,3.6350513474075674,True,False
opxrd_415,opxrd,final_gate_fls_model,training_results/exp_results/exp_test4_model.pth,gate,verified,clean,0,415,13,61,14,62,monoclinic,orthorhombic,Low symmetry,False,61,0.6810184717178345,60,0.0353155955672264,87,0.0347453579306602,False,2.095889961116685,0.3854099659189591,0.6810184717178345,1.0,0.1937186270952224,0.1937186270952224,0.1937186270952224,0.0,0.1937186270952224,0.1937186270952224,False,clean input; no perturbation applied,forward_return_gate,single_softmax,109,Head,0.8,3.6350513474075674,True,False
opxrd_429,opxrd,final_gate_fls_model,training_results/exp_results/exp_test4_model.pth,gate,verified,clean,0,429,140,226,141,227,tetragonal,cubic,Medium symmetry,False,226,0.2447176575660705,14,0.0765779614448547,229,0.0223031528294086,False,4.372097020557975,0.8039781643831344,0.2447176575660705,1.0000001192092896,0.1609473079442978,0.1609473079442978,0.1609473079442978,0.0,0.1609473079442978,0.1609473079442978,False,clean input; no perturbation applied,forward_return_gate,single_softmax,5,Medium,0.8,3.6350513474075674,False,True
opxrd_433,opxrd,final_gate_fls_model,training_results/exp_results/exp_test4_model.pth,gate,verified,clean,0,433,13,10,14,11,monoclinic,monoclinic,Low symmetry,False,10,0.3532081842422485,14,0.1446565985679626,124,0.0642197579145431,False,3.3160824801170694,0.6097892825277117,0.3532081842422485,0.9999999403953552,0.2965289950370788,0.2965289950370788,0.2965289950370788,0.0,0.2965289950370788,0.2965289950370788,False,clean input; no perturbation applied,forward_return_gate,single_softmax,109,Head,0.8,3.6350513474075674,True,False
opxrd_435,opxrd,final_gate_fls_model,training_results/exp_results/exp_test4_model.pth,gate,verified,clean,0,435,139,139,140,140,tetragonal,tetragonal,Medium symmetry,True,139,0.545391857624054,138,0.0484231561422348,124,0.038929995149374,True,2.835211129334204,0.5213625929805737,0.545391857624054,1.0000001192092896,0.3751557171344757,0.3751557171344757,0.3751557171344757,0.0,0.3751557171344757,0.3751557171344757,False,clean input; no perturbation applied,forward_return_gate,single_softmax,6,Head,0.8,3.6350513474075674,True,False
opxrd_46,opxrd,final_gate_fls_model,training_results/exp_results/exp_test4_model.pth,gate,verified,clean,0,46,147,147,148,148,trigonal,trigonal,Medium symmetry,True,147,0.9031935334205629,138,0.002621061168611,12,0.0024754886981099,True,0.8256979530994334,0.1518363205451175,0.9031935334205629,1.0,0.1408262103796005,0.1408262103796005,0.1408262103796005,0.0,0.1408262103796005,0.1408262103796005,False,clean input; no perturbation applied,forward_return_gate,single_softmax,23,Head,0.8,3.6350513474075674,True,False
opxrd_464,opxrd,final_gate_fls_model,training_results/exp_results/exp_test4_model.pth,gate,verified,clean,0,464,73,73,74,74,orthorhombic,orthorhombic,Low symmetry,True,73,0.83185213804245,14,0.0053856689482927,1,0.0028276927769184,True,1.3528416732674426,0.2487719645882327,0.83185213804245,0.9999999403953552,0.0868914276361465,0.0868914276361465,0.0868914276361465,0.0,0.0868914276361465,0.0868914276361465,False,clean input; no perturbation applied,forward_return_gate,single_softmax,29,Head,0.8,3.6350513474075674,True,False
opxrd_467,opxrd,final_gate_fls_model,training_results/exp_results/exp_test4_model.pth,gate,verified,clean,0,467,59,59,60,60,orthorhombic,orthorhombic,Low symmetry,True,59,0.9613444209098816,61,0.0010723256273195,13,0.0008796910988166,True,0.3683321064463154,0.0677320218265168,0.9613444209098816,1.0,0.1756379753351211,0.1756379753351211,0.1756379753351211,0.0,0.1756379753351211,0.1756379753351211,False,clean input; no perturbation applied,forward_return_gate,single_softmax,24,Head,0.8,3.6350513474075674,True,False
opxrd_482,opxrd,final_gate_fls_model,training_results/exp_results/exp_test4_model.pth,gate,verified,clean,0,482,13,14,14,15,monoclinic,monoclinic,Low symmetry,False,14,0.7838253378868103,204,0.0392559505999088,13,0.0110572930425405,True,1.5022335758297023,0.2762434106771352,0.7838253378868103,1.0,0.2918969392776489,0.2918969392776489,0.2918969392776489,0.0,0.2918969392776489,0.2918969392776489,False,clean input; no perturbation applied,forward_return_gate,single_softmax,109,Head,0.8,3.6350513474075674,True,False
opxrd_496,opxrd,final_gate_fls_model,training_results/exp_results/exp_test4_model.pth,gate,verified,clean,0,496,147,147,148,148,trigonal,trigonal,Medium symmetry,True,147,0.9833521246910096,138,0.0011471332982182,198,0.0007204068242572,True,0.1690328463345567,0.0310831888856779,0.9833521246910096,1.0000001192092896,0.1276739835739135,0.1276739835739135,0.1276739835739135,0.0,0.1276739835739135,0.1276739835739135,False,clean input; no perturbation applied,forward_return_gate,single_softmax,23,Head,0.8,3.6350513474075674,True,False
opxrd_503,opxrd,final_gate_fls_model,training_results/exp_results/exp_test4_model.pth,gate,verified,clean,0,503,13,13,14,14,monoclinic,monoclinic,Low symmetry,True,13,0.9246761202812196,3,0.003743288340047,61,0.0035647260956466,True,0.6407902046645976,0.1178339204456144,0.9246761202812196,0.999999701976776,0.0372210294008255,0.0372210294008255,0.0372210294008255,0.0,0.0372210294008255,0.0372210294008255,False,clean input; no perturbation applied,forward_return_gate,single_softmax,109,Head,0.8,3.6350513474075674,True,False
opxrd_507,opxrd,final_gate_fls_model,training_results/exp_results/exp_test4_model.pth,gate,verified,clean,0,507,86,185,87,186,tetragonal,hexagonal,Medium symmetry,False,185,0.0486551113426685,192,0.033145111054182,139,0.0275128483772277,False,5.124432475859398,0.9423239685840654,0.0486551113426685,1.0,0.3144440948963165,0.3144440948963165,0.3144440948963165,0.0,0.3144440948963165,0.3144440948963165,False,clean input; no perturbation applied,forward_return_gate,single_softmax,3,Medium,0.8,3.6350513474075674,False,True
opxrd_511,opxrd,final_gate_fls_model,training_results/exp_results/exp_test4_model.pth,gate,verified,clean,0,511,18,1,19,2,orthorhombic,triclinic,Low symmetry,False,1,0.6622436046600342,18,0.0587926544249057,60,0.0196786075830459,True,2.209036140935024,0.4062162420673558,0.6622436046600342,0.9999999403953552,0.2360329180955886,0.2360329180955886,0.2360329180955886,0.0,0.2360329180955886,0.2360329180955886,False,clean input; no perturbation applied,forward_return_gate,single_softmax,27,Head,0.8,3.6350513474075674,True,False
opxrd_512,opxrd,final_gate_fls_model,training_results/exp_results/exp_test4_model.pth,gate,verified,clean,0,512,73,73,74,74,orthorhombic,orthorhombic,Low symmetry,True,73,0.9326335787773132,14,0.0107878297567367,126,0.000898435129784,True,0.5793389054565047,0.1065337360023204,0.9326335787773132,1.000000238418579,0.0571111068129539,0.0571111068129539,0.0571111068129539,0.0,0.0571111068129539,0.0571111068129539,False,clean input; no perturbation applied,forward_return_gate,single_softmax,29,Head,0.8,3.6350513474075674,True,False
opxrd_513,opxrd,final_gate_fls_model,training_results/exp_results/exp_test4_model.pth,gate,verified,clean,0,513,13,13,14,14,monoclinic,monoclinic,Low symmetry,True,13,0.3509664833545685,122,0.1388674080371856,91,0.0731937661767005,True,3.359732364461728,0.6178159923024357,0.3509664833545685,1.0,0.241173654794693,0.241173654794693,0.241173654794693,0.0,0.241173654794693,0.241173654794693,False,clean input; no perturbation applied,forward_return_gate,single_softmax,109,Head,0.8,3.6350513474075674,True,False
opxrd_519,opxrd,final_gate_fls_model,training_results/exp_results/exp_test4_model.pth,gate,verified,clean,0,519,147,162,148,163,trigonal,trigonal,Medium symmetry,False,162,0.1132509112358093,13,0.0589809715747833,128,0.0559119880199432,False,4.559519524257846,0.8384429989419712,0.1132509112358093,1.0000001192092896,0.2756201326847076,0.2756201326847076,0.2756201326847076,0.0,0.2756201326847076,0.2756201326847076,False,clean input; no perturbation applied,forward_return_gate,single_softmax,23,Head,0.8,3.6350513474075674,False,True
opxrd_529,opxrd,final_gate_fls_model,training_results/exp_results/exp_test4_model.pth,gate,verified,clean,0,529,226,226,227,227,cubic,cubic,High symmetry,True,226,0.8028016686439514,61,0.055470522493124,220,0.0441949553787708,True,1.1782832140374837,0.2166726792866133,0.8028016686439514,1.0,0.3156844973564148,0.3156844973564148,0.3156844973564148,0.0,0.3156844973564148,0.3156844973564148,False,clean input; no perturbation applied,forward_return_gate,single_softmax,13,Head,0.8,3.6350513474075674,True,False
opxrd_53,opxrd,final_gate_fls_model,training_results/exp_results/exp_test4_model.pth,gate,verified,clean,0,53,138,138,139,139,tetragonal,tetragonal,Medium symmetry,True,138,0.989556610584259,139,0.0022990517318248,220,0.0006759270327165,True,0.104109199816536,0.0191444798617971,0.989556610584259,1.0000001192092896,0.3992308676242828,0.3992308676242828,0.3992308676242828,0.0,0.3992308676242828,0.3992308676242828,False,clean input; no perturbation applied,forward_return_gate,single_softmax,11,Head,0.8,3.6350513474075674,True,False
opxrd_531,opxrd,final_gate_fls_model,training_results/exp_results/exp_test4_model.pth,gate,verified,clean,0,531,13,13,14,14,monoclinic,monoclinic,Low symmetry,True,13,0.4218197464942932,51,0.2270194739103317,1,0.1321289539337158,True,2.1489143181935364,0.395160532996906,0.4218197464942932,0.9999998807907104,0.0740013122558593,0.0740013122558593,0.0740013122558593,0.0,0.0740013122558593,0.0740013122558593,False,clean input; no perturbation applied,forward_return_gate,single_softmax,109,Head,0.8,3.6350513474075674,True,False
opxrd_535,opxrd,final_gate_fls_model,training_results/exp_results/exp_test4_model.pth,gate,verified,clean,0,535,163,197,164,198,trigonal,cubic,Medium symmetry,False,197,0.3997210264205932,165,0.0380560606718063,13,0.0333997271955013,False,3.649971359839834,0.6711875926212948,0.3997210264205932,1.0,0.1740153133869171,0.1740153133869171,0.1740153133869171,0.0,0.1740153133869171,0.1740153133869171,False,clean input; no perturbation applied,forward_return_gate,single_softmax,4,Medium,0.8,3.6350513474075674,False,True
opxrd_536,opxrd,final_gate_fls_model,training_results/exp_results/exp_test4_model.pth,gate,verified,clean,0,536,59,61,60,62,orthorhombic,orthorhombic,Low symmetry,False,61,0.0592923052608966,199,0.0273813065141439,138,0.0272661969065666,False,5.171629945672159,0.9510030383680084,0.0592923052608966,1.0,0.3033035099506378,0.3033035099506378,0.3033035099506378,0.0,0.3033035099506378,0.3033035099506378,False,clean input; no perturbation applied,forward_return_gate,single_softmax,24,Head,0.8,3.6350513474075674,False,True
opxrd_540,opxrd,final_gate_fls_model,training_results/exp_results/exp_test4_model.pth,gate,verified,clean,0,540,193,193,194,194,hexagonal,hexagonal,Medium symmetry,True,193,0.5598255395889282,14,0.0569599196314811,163,0.0214649401605129,True,2.7758696495412565,0.5104503799689732,0.5598255395889282,1.0000001192092896,0.3518285453319549,0.3518285453319549,0.3518285453319549,0.0,0.3518285453319549,0.3518285453319549,False,clean input; no perturbation applied,forward_return_gate,single_softmax,4,Medium,0.8,3.6350513474075674,True,False
opxrd_542,opxrd,final_gate_fls_model,training_results/exp_results/exp_test4_model.pth,gate,verified,clean,0,542,57,57,58,58,orthorhombic,orthorhombic,Low symmetry,True,57,0.966598629951477,60,0.002587609225884,1,0.0024768447037786,True,0.3099733305598314,0.0570005167175853,0.966598629951477,1.0000001192092896,0.1279481202363968,0.1279481202363968,0.1279481202363968,0.0,0.1279481202363968,0.1279481202363968,False,clean input; no perturbation applied,forward_return_gate,single_softmax,3,Medium,0.8,3.6350513474075674,True,False
opxrd_544,opxrd,final_gate_fls_model,training_results/exp_results/exp_test4_model.pth,gate,verified,clean,0,544,87,87,88,88,tetragonal,tetragonal,Medium symmetry,True,87,0.9059613943099976,14,0.0379861406981945,32,0.0078436657786369,True,0.6354221449401788,0.1168467962387992,0.9059613943099976,0.9999998807907104,0.1840001344680786,0.1840001344680786,0.1840001344680786,0.0,0.1840001344680786,0.1840001344680786,False,clean input; no perturbation applied,forward_return_gate,single_softmax,11,Head,0.8,3.6350513474075674,True,False
opxrd_545,opxrd,final_gate_fls_model,training_results/exp_results/exp_test4_model.pth,gate,verified,clean,0,545,13,13,14,14,monoclinic,monoclinic,Low symmetry,True,13,0.9547281265258788,61,0.003390749450773,32,0.0028846955392509,True,0.4128473722097064,0.0759178652529536,0.9547281265258788,1.0000001192092896,0.1890683323144912,0.1890683323144912,0.1890683323144912,0.0,0.1890683323144912,0.1890683323144912,False,clean input; no perturbation applied,forward_return_gate,single_softmax,109,Head,0.8,3.6350513474075674,True,False
opxrd_553,opxrd,final_gate_fls_model,training_results/exp_results/exp_test4_model.pth,gate,verified,clean,0,553,61,61,62,62,orthorhombic,orthorhombic,Low symmetry,True,61,0.8820912837982178,62,0.0234524849802255,1,0.0037730943877249,True,0.9130471674170442,0.1678988325747383,0.8820912837982178,0.9999998807907104,0.1955396682024002,0.1955396682024002,0.1955396682024002,0.0,0.1955396682024002,0.1955396682024002,False,clean input; no perturbation applied,forward_return_gate,single_softmax,29,Head,0.8,3.6350513474075674,True,False
opxrd_557,opxrd,final_gate_fls_model,training_results/exp_results/exp_test4_model.pth,gate,verified,clean,0,557,62,13,63,14,orthorhombic,monoclinic,Low symmetry,False,13,0.2958953082561493,12,0.1811004877090454,69,0.0674185901880264,False,3.3930652323414714,0.6239455218635527,0.2958953082561493,1.0,0.0647627338767051,0.0647627338767051,0.0647627338767051,0.0,0.0647627338767051,0.0647627338767051,False,clean input; no perturbation applied,forward_return_gate,single_softmax,10,Head,0.8,3.6350513474075674,True,False
opxrd_558,opxrd,final_gate_fls_model,training_results/exp_results/exp_test4_model.pth,gate,verified,clean,0,558,14,13,15,14,monoclinic,monoclinic,Low symmetry,False,13,0.6098954677581787,28,0.0369867794215679,165,0.0259635914117097,False,2.471787251633964,0.4545331377528966,0.6098954677581787,0.9999999403953552,0.2595424354076385,0.2595424354076385,0.2595424354076385,0.0,0.2595424354076385,0.2595424354076385,False,clean input; no perturbation applied,forward_return_gate,single_softmax,37,Head,0.8,3.6350513474075674,True,False
opxrd_560,opxrd,final_gate_fls_model,training_results/exp_results/exp_test4_model.pth,gate,verified,clean,0,560,128,13,129,14,tetragonal,monoclinic,Medium symmetry,False,13,0.7395366430282593,145,0.0339474007487297,124,0.012099539861083,False,1.7678103012334263,0.3250799042839767,0.7395366430282593,0.9999998807907104,0.1999012231826782,0.1999012231826782,0.1999012231826782,0.0,0.1999012231826782,0.1999012231826782,False,clean input; no perturbation applied,forward_return_gate,single_softmax,29,Head,0.8,3.6350513474075674,True,False
opxrd_561,opxrd,final_gate_fls_model,training_results/exp_results/exp_test4_model.pth,gate,verified,clean,0,561,61,61,62,62,orthorhombic,orthorhombic,Low symmetry,True,61,0.9132344126701356,13,0.0079276654869318,62,0.0058435066603124,True,0.7115000788332477,0.130836649930016,0.9132344126701356,0.9999999403953552,0.1338610053062439,0.1338610053062439,0.1338610053062439,0.0,0.1338610053062439,0.1338610053062439,False,clean input; no perturbation applied,forward_return_gate,single_softmax,29,Head,0.8,3.6350513474075674,True,False
opxrd_564,opxrd,final_gate_fls_model,training_results/exp_results/exp_test4_model.pth,gate,verified,clean,0,564,91,91,92,92,tetragonal,tetragonal,Medium symmetry,True,91,0.6349266171455383,124,0.1199831217527389,13,0.0104597974568605,True,2.1623208516879213,0.3976258397224601,0.6349266171455383,0.9999999403953552,0.3501351177692413,0.3501351177692413,0.3501351177692413,0.0,0.3501351177692413,0.3501351177692413,False,clean input; no perturbation applied,forward_return_gate,single_softmax,3,Medium,0.8,3.6350513474075674,True,False
opxrd_576,opxrd,final_gate_fls_model,training_results/exp_results/exp_test4_model.pth,gate,verified,clean,0,576,175,175,176,176,hexagonal,hexagonal,Medium symmetry,True,175,0.9481921792030334,14,0.0026138722896575,73,0.0017267656512558,True,0.4614702943599675,0.0848590592643166,0.9481921792030334,1.000000238418579,0.2233793884515762,0.2233793884515762,0.2233793884515762,0.0,0.2233793884515762,0.2233793884515762,False,clean input; no perturbation applied,forward_return_gate,single_softmax,5,Head,0.8,3.6350513474075674,True,False
opxrd_586,opxrd,final_gate_fls_model,training_results/exp_results/exp_test4_model.pth,gate,verified,clean,0,586,61,12,62,13,orthorhombic,monoclinic,Low symmetry,False,12,0.208981305360794,57,0.0761735439300537,14,0.0694128945469856,False,4.074310967999846,0.749218747382816,0.208981305360794,1.0000001192092896,0.2734483778476715,0.2734483778476715,0.2734483778476715,0.0,0.2734483778476715,0.2734483778476715,False,clean input; no perturbation applied,forward_return_gate,single_softmax,29,Head,0.8,3.6350513474075674,False,True
opxrd_588,opxrd,final_gate_fls_model,training_results/exp_results/exp_test4_model.pth,gate,verified,clean,0,588,1,1,2,2,triclinic,triclinic,Low symmetry,True,1,0.805711567401886,147,0.0050808126106858,4,0.0042805913835763,True,1.5213132058021768,0.279751934346727,0.805711567401886,1.0,0.1704881638288498,0.1704881638288498,0.1704881638288498,0.0,0.1704881638288498,0.1704881638288498,False,clean input; no perturbation applied,forward_return_gate,single_softmax,52,Head,0.8,3.6350513474075674,True,False
opxrd_600,opxrd,final_gate_fls_model,training_results/exp_results/exp_test4_model.pth,gate,verified,clean,0,600,13,18,14,19,monoclinic,orthorhombic,Low symmetry,False,18,0.2097094804048538,59,0.1346433013677597,166,0.0904512852430343,False,3.9636197173514582,0.7288639043655842,0.2097094804048538,1.0,0.3148850202560425,0.3148850202560425,0.3148850202560425,0.0,0.3148850202560425,0.3148850202560425,False,clean input; no perturbation applied,forward_return_gate,single_softmax,109,Head,0.8,3.6350513474075674,False,True
opxrd_608,opxrd,final_gate_fls_model,training_results/exp_results/exp_test4_model.pth,gate,verified,clean,0,608,18,18,19,19,orthorhombic,orthorhombic,Low symmetry,True,18,0.7008900046348572,3,0.0275566428899765,185,0.0272570978850126,True,1.9203379063280408,0.3531279698655757,0.7008900046348572,1.0,0.3148205578327179,0.3148205578327179,0.3148205578327179,0.0,0.3148205578327179,0.3148205578327179,False,clean input; no perturbation applied,forward_return_gate,single_softmax,27,Head,0.8,3.6350513474075674,True,False
opxrd_61,opxrd,final_gate_fls_model,training_results/exp_results/exp_test4_model.pth,gate,verified,clean,0,61,13,13,14,14,monoclinic,monoclinic,Low symmetry,True,13,0.1874383389949798,10,0.1180339008569717,1,0.0209933687001466,True,4.481275390412012,0.8240548060891296,0.1874383389949798,1.0,0.2225469499826431,0.2225469499826431,0.2225469499826431,0.0,0.2225469499826431,0.2225469499826431,False,clean input; no perturbation applied,forward_return_gate,single_softmax,109,Head,0.8,3.6350513474075674,False,True
opxrd_613,opxrd,final_gate_fls_model,training_results/exp_results/exp_test4_model.pth,gate,verified,clean,0,613,122,61,123,62,tetragonal,orthorhombic,Medium symmetry,False,61,0.1196341216564178,13,0.097221203148365,192,0.0611952282488346,False,4.554994550137332,0.8376109084439365,0.1196341216564178,0.9999999403953552,0.3316488564014435,0.3316488564014435,0.3316488564014435,0.0,0.3316488564014435,0.3316488564014435,False,clean input; no perturbation applied,forward_return_gate,single_softmax,3,Medium,0.8,3.6350513474075674,False,True
opxrd_618,opxrd,final_gate_fls_model,training_results/exp_results/exp_test4_model.pth,gate,verified,clean,0,618,128,128,129,129,tetragonal,tetragonal,Medium symmetry,True,128,0.8898829221725464,1,0.0050630308687686,10,0.0017153938533738,True,0.9265915902694976,0.1703894955612506,0.8898829221725464,1.0000001192092896,0.2079869955778122,0.2079869955778122,0.2079869955778122,0.0,0.2079869955778122,0.2079869955778122,False,clean input; no perturbation applied,forward_return_gate,single_softmax,29,Head,0.8,3.6350513474075674,True,False
opxrd_619,opxrd,final_gate_fls_model,training_results/exp_results/exp_test4_model.pth,gate,verified,clean,0,619,13,13,14,14,monoclinic,monoclinic,Low symmetry,True,13,0.4733374714851379,185,0.0537845119833946,224,0.0258720945566892,True,3.320357242642621,0.6105753620022307,0.4733374714851379,0.9999998807907104,0.2328220903873443,0.2328220903873443,0.2328220903873443,0.0,0.2328220903873443,0.2328220903873443,False,clean input; no perturbation applied,forward_return_gate,single_softmax,109,Head,0.8,3.6350513474075674,True,False
opxrd_624,opxrd,final_gate_fls_model,training_results/exp_results/exp_test4_model.pth,gate,verified,clean,0,624,13,25,14,26,monoclinic,orthorhombic,Low symmetry,False,25,0.1769182235002517,14,0.0746459066867828,187,0.0505768582224845,False,4.373987543280052,0.804325809684845,0.1769182235002517,1.0,0.2953314185142517,0.2953314185142517,0.2953314185142517,0.0,0.2953314185142517,0.2953314185142517,False,clean input; no perturbation applied,forward_return_gate,single_softmax,109,Head,0.8,3.6350513474075674,False,True
opxrd_627,opxrd,final_gate_fls_model,training_results/exp_results/exp_test4_model.pth,gate,verified,clean,0,627,73,73,74,74,orthorhombic,orthorhombic,Low symmetry,True,73,0.9177299737930298,14,0.0179926715791225,224,0.0008741591009311,True,0.6721100253518699,0.1235932738695117,0.9177299737930298,1.0000003576278689,0.0596348829567432,0.0596348829567432,0.0596348829567432,0.0,0.0596348829567432,0.0596348829567432,False,clean input; no perturbation applied,forward_return_gate,single_softmax,29,Head,0.8,3.6350513474075674,True,False
opxrd_629,opxrd,final_gate_fls_model,training_results/exp_results/exp_test4_model.pth,gate,verified,clean,0,629,128,128,129,129,tetragonal,tetragonal,Medium symmetry,True,128,0.894201397895813,1,0.0054228086955845,10,0.0016155485063791,True,0.8937211305624874,0.1643449975244025,0.894201397895813,0.9999999403953552,0.2094651758670807,0.2094651758670807,0.2094651758670807,0.0,0.2094651758670807,0.2094651758670807,False,clean input; no perturbation applied,forward_return_gate,single_softmax,29,Head,0.8,3.6350513474075674,True,False
opxrd_631,opxrd,final_gate_fls_model,training_results/exp_results/exp_test4_model.pth,gate,verified,clean,0,631,165,165,166,166,trigonal,trigonal,Medium symmetry,True,165,0.9512407779693604,1,0.0036117492709308,13,0.003216459415853,True,0.4271279445688328,0.0785438976345876,0.9512407779693604,1.0,0.2645194828510284,0.2645194828510284,0.2645194828510284,0.0,0.2645194828510284,0.2645194828510284,False,clean input; no perturbation applied,forward_return_gate,single_softmax,12,Head,0.8,3.6350513474075674,True,False
opxrd_632,opxrd,final_gate_fls_model,training_results/exp_results/exp_test4_model.pth,gate,verified,clean,0,632,165,165,166,166,trigonal,trigonal,Medium symmetry,True,165,0.9700521230697632,13,0.0019722590222954,61,0.0006711946916766,True,0.2885573029263614,0.0530623564928292,0.9700521230697632,0.9999998211860656,0.2335021346807479,0.2335021346807479,0.2335021346807479,0.0,0.2335021346807479,0.2335021346807479,False,clean input; no perturbation applied,forward_return_gate,single_softmax,12,Head,0.8,3.6350513474075674,True,False
opxrd_633,opxrd,final_gate_fls_model,training_results/exp_results/exp_test4_model.pth,gate,verified,clean,0,633,197,226,198,227,cubic,cubic,High symmetry,False,226,0.9881183505058287,14,0.0017919901292771,193,0.0011762109352275,False,0.1116853768360865,0.0205376513455449,0.9881183505058287,1.0,0.301871508359909,0.301871508359909,0.301871508359909,0.0,0.301871508359909,0.301871508359909,False,clean input; no perturbation applied,forward_return_gate,single_softmax,3,Medium,0.8,3.6350513474075674,True,False
opxrd_634,opxrd,final_gate_fls_model,training_results/exp_results/exp_test4_model.pth,gate,verified,clean,0,634,192,192,193,193,hexagonal,hexagonal,Medium symmetry,True,192,0.8972421288490295,45,0.0198375731706619,165,0.0033301236107945,True,0.7995262168651848,0.1470236404153327,0.8972421288490295,1.0000001192092896,0.3525143563747406,0.3525143563747406,0.3525143563747406,0.0,0.3525143563747406,0.3525143563747406,False,clean input; no perturbation applied,forward_return_gate,single_softmax,6,Head,0.8,3.6350513474075674,True,False
opxrd_635,opxrd,final_gate_fls_model,training_results/exp_results/exp_test4_model.pth,gate,verified,clean,0,635,1,1,2,2,triclinic,triclinic,Low symmetry,True,1,0.5584524273872375,91,0.0204959101974964,59,0.0125695690512657,True,2.9583856003023112,0.5440129560905773,0.5584524273872375,0.9999999403953552,0.3686618208885193,0.3686618208885193,0.3686618208885193,0.0,0.3686618208885193,0.3686618208885193,False,clean input; no perturbation applied,forward_return_gate,single_softmax,52,Head,0.8,3.6350513474075674,True,False
opxrd_642,opxrd,final_gate_fls_model,training_results/exp_results/exp_test4_model.pth,gate,verified,clean,0,642,139,139,140,140,tetragonal,tetragonal,Medium symmetry,True,139,0.941295087337494,1,0.0055824746377766,61,0.0043252706527709,True,0.5061652733576778,0.0930779498796799,0.941295087337494,1.0,0.2940672934055328,0.2940672934055328,0.2940672934055328,0.0,0.2940672934055328,0.2940672934055328,False,clean input; no perturbation applied,forward_return_gate,single_softmax,6,Head,0.8,3.6350513474075674,True,False
opxrd_646,opxrd,final_gate_fls_model,training_results/exp_results/exp_test4_model.pth,gate,verified,clean,0,646,18,18,19,19,orthorhombic,orthorhombic,Low symmetry,True,18,0.9834761619567872,13,0.0053726295009255,163,0.0026336018927395,True,0.1335046482279641,0.0245499634418534,0.9834761619567872,0.9999998211860656,0.0386565886437892,0.0386565886437892,0.0386565886437892,0.0,0.0386565886437892,0.0386565886437892,False,clean input; no perturbation applied,forward_return_gate,single_softmax,27,Head,0.8,3.6350513474075674,True,False
opxrd_651,opxrd,final_gate_fls_model,training_results/exp_results/exp_test4_model.pth,gate,verified,clean,0,651,13,18,14,19,monoclinic,orthorhombic,Low symmetry,False,18,0.968822419643402,42,0.0109340818598866,163,0.0102871423587203,False,0.1972939141998765,0.036280072980205,0.968822419643402,0.9999999403953552,0.0105668436735868,0.0105668436735868,0.0105668436735868,0.0,0.0105668436735868,0.0105668436735868,False,clean input; no perturbation applied,forward_return_gate,single_softmax,109,Head,0.8,3.6350513474075674,True,False
opxrd_666,opxrd,final_gate_fls_model,training_results/exp_results/exp_test4_model.pth,gate,verified,clean,0,666,13,59,14,60,monoclinic,orthorhombic,Low symmetry,False,59,0.410163402557373,166,0.2678945660591125,192,0.0392726100981235,False,2.420165390952461,0.4450404735696439,0.410163402557373,1.0,0.287971019744873,0.287971019744873,0.287971019744873,0.0,0.287971019744873,0.287971019744873,False,clean input; no perturbation applied,forward_return_gate,single_softmax,109,Head,0.8,3.6350513474075674,True,False
opxrd_667,opxrd,final_gate_fls_model,training_results/exp_results/exp_test4_model.pth,gate,verified,clean,0,667,1,1,2,2,triclinic,triclinic,Low symmetry,True,1,0.8726428151130676,13,0.0156077165156602,18,0.0119994794949889,True,0.9385561149096404,0.1725896335071078,0.8726428151130676,1.0,0.2036332190036773,0.2036332190036773,0.2036332190036773,0.0,0.2036332190036773,0.2036332190036773,False,clean input; no perturbation applied,forward_return_gate,single_softmax,52,Head,0.8,3.6350513474075674,True,False
opxrd_670,opxrd,final_gate_fls_model,training_results/exp_results/exp_test4_model.pth,gate,verified,clean,0,670,14,18,15,19,monoclinic,orthorhombic,Low symmetry,False,18,0.1177599057555198,160,0.1063646078109741,128,0.0655186623334884,False,4.570950245901097,0.8405449766796798,0.1177599057555198,1.0,0.1719216555356979,0.1719216555356979,0.1719216555356979,0.0,0.1719216555356979,0.1719216555356979,False,clean input; no perturbation applied,forward_return_gate,single_softmax,37,Head,0.8,3.6350513474075674,False,True
opxrd_676,opxrd,final_gate_fls_model,training_results/exp_results/exp_test4_model.pth,gate,verified,clean,0,676,13,13,14,14,monoclinic,monoclinic,Low symmetry,True,13,0.149514839053154,8,0.018665887415409,18,0.0180186051875352,True,4.95708676544167,0.9115510245147992,0.149514839053154,1.0,0.1480577439069748,0.1480577439069748,0.1480577439069748,0.0,0.1480577439069748,0.1480577439069748,False,clean input; no perturbation applied,forward_return_gate,single_softmax,109,Head,0.8,3.6350513474075674,False,True
opxrd_677,opxrd,final_gate_fls_model,training_results/exp_results/exp_test4_model.pth,gate,verified,clean,0,677,18,1,19,2,orthorhombic,triclinic,Low symmetry,False,1,0.661434531211853,18,0.0960313156247139,13,0.0422560274600982,True,1.9912543720107971,0.3661686891442356,0.661434531211853,0.9999999403953552,0.1396367400884628,0.1396367400884628,0.1396367400884628,0.0,0.1396367400884628,0.1396367400884628,False,clean input; no perturbation applied,forward_return_gate,single_softmax,27,Head,0.8,3.6350513474075674,True,False
opxrd_68,opxrd,final_gate_fls_model,training_results/exp_results/exp_test4_model.pth,gate,verified,clean,0,68,59,59,60,60,orthorhombic,orthorhombic,Low symmetry,True,59,0.9555423855781556,61,0.0013744242023676,13,0.0008456884534098,True,0.4176001745050758,0.0767918507219722,0.9555423855781556,1.0000001192092896,0.1735742837190628,0.1735742837190628,0.1735742837190628,0.0,0.1735742837190628,0.1735742837190628,False,clean input; no perturbation applied,forward_return_gate,single_softmax,24,Head,0.8,3.6350513474075674,True,False
opxrd_683,opxrd,final_gate_fls_model,training_results/exp_results/exp_test4_model.pth,gate,verified,clean,0,683,1,1,2,2,triclinic,triclinic,Low symmetry,True,1,0.7836753129959106,11,0.076969489455223,13,0.0113284001126885,True,1.3538019548632094,0.2489485492868397,0.7836753129959106,1.0,0.1694186180830001,0.1694186180830001,0.1694186180830001,0.0,0.1694186180830001,0.1694186180830001,False,clean input; no perturbation applied,forward_return_gate,single_softmax,52,Head,0.8,3.6350513474075674,True,False
opxrd_691,opxrd,final_gate_fls_model,training_results/exp_results/exp_test4_model.pth,gate,verified,clean,0,691,25,25,26,26,orthorhombic,orthorhombic,Low symmetry,True,25,0.8090028762817383,1,0.0068153459578752,14,0.0066694254055619,True,1.4684427768968995,0.2700296728823672,0.8090028762817383,1.0,0.2941548228263855,0.2941548228263855,0.2941548228263855,0.0,0.2941548228263855,0.2941548228263855,False,clean input; no perturbation applied,forward_return_gate,single_softmax,5,Medium,0.8,3.6350513474075674,True,False
opxrd_695,opxrd,final_gate_fls_model,training_results/exp_results/exp_test4_model.pth,gate,verified,clean,0,695,147,147,148,148,trigonal,trigonal,Medium symmetry,True,147,0.9779661297798156,138,0.0015709373401477,198,0.0007715405081398,True,0.2176720832989979,0.0400273830030072,0.9779661297798156,0.9999998807907104,0.1181548908352851,0.1181548908352851,0.1181548908352851,0.0,0.1181548908352851,0.1181548908352851,False,clean input; no perturbation applied,forward_return_gate,single_softmax,23,Head,0.8,3.6350513474075674,True,False
opxrd_7,opxrd,final_gate_fls_model,training_results/exp_results/exp_test4_model.pth,gate,verified,clean,0,7,60,128,61,129,orthorhombic,tetragonal,Low symmetry,False,128,0.1898602545261383,1,0.1072959527373313,13,0.1023629829287529,False,4.222249528015546,0.7764229405568566,0.1898602545261383,0.9999998807907104,0.2806349396705627,0.2806349396705627,0.2806349396705627,0.0,0.2806349396705627,0.2806349396705627,False,clean input; no perturbation applied,forward_return_gate,single_softmax,11,Head,0.8,3.6350513474075674,False,True
opxrd_707,opxrd,final_gate_fls_model,training_results/exp_results/exp_test4_model.pth,gate,verified,clean,0,707,190,190,191,191,hexagonal,hexagonal,Medium symmetry,True,190,0.9294925332069396,14,0.0014606934273615,13,0.0014096440281718,True,0.6273071711208342,0.1153545462442048,0.9294925332069396,1.0,0.2966248095035553,0.2966248095035553,0.2966248095035553,0.0,0.2966248095035553,0.2966248095035553,False,clean input; no perturbation applied,forward_return_gate,single_softmax,5,Head,0.8,3.6350513474075674,True,False
opxrd_708,opxrd,final_gate_fls_model,training_results/exp_results/exp_test4_model.pth,gate,verified,clean,0,708,44,44,45,45,orthorhombic,orthorhombic,Low symmetry,True,44,0.9656900763511658,174,0.0025842180475592,147,0.0014421730302274,True,0.3202613626287669,0.0588923670354087,0.9656900763511658,1.0,0.1959261745214462,0.1959261745214462,0.1959261745214462,0.0,0.1959261745214462,0.1959261745214462,False,clean input; no perturbation applied,forward_return_gate,single_softmax,3,Medium,0.8,3.6350513474075674,True,False
opxrd_710,opxrd,final_gate_fls_model,training_results/exp_results/exp_test4_model.pth,gate,verified,clean,0,710,8,13,9,14,monoclinic,monoclinic,Low symmetry,False,13,0.8878793716430664,14,0.0274967737495899,124,0.0094652902334928,False,0.7922209090845609,0.1456802786573243,0.8878793716430664,0.999999701976776,0.1774760484695434,0.1774760484695434,0.1774760484695434,0.0,0.1774760484695434,0.1774760484695434,False,clean input; no perturbation applied,forward_return_gate,single_softmax,2,Tail,0.8,3.6350513474075674,True,False
opxrd_727,opxrd,final_gate_fls_model,training_results/exp_results/exp_test4_model.pth,gate,verified,clean,0,727,1,161,2,162,triclinic,trigonal,Low symmetry,False,161,0.0686666741967201,13,0.0614590607583522,8,0.0609624236822128,False,4.942628540693843,0.9088923239099546,0.0686666741967201,1.0,0.1859868913888931,0.1859868913888931,0.1859868913888931,0.0,0.1859868913888931,0.1859868913888931,False,clean input; no perturbation applied,forward_return_gate,single_softmax,52,Head,0.8,3.6350513474075674,False,True
opxrd_730,opxrd,final_gate_fls_model,training_results/exp_results/exp_test4_model.pth,gate,verified,clean,0,730,13,13,14,14,monoclinic,monoclinic,Low symmetry,True,13,0.2518596947193146,8,0.0628514215350151,161,0.0356748588383197,True,4.308963627788653,0.7923686623544075,0.2518596947193146,0.9999999403953552,0.2878497838973999,0.2878497838973999,0.2878497838973999,0.0,0.2878497838973999,0.2878497838973999,False,clean input; no perturbation applied,forward_return_gate,single_softmax,109,Head,0.8,3.6350513474075674,False,True
opxrd_735,opxrd,final_gate_fls_model,training_results/exp_results/exp_test4_model.pth,gate,verified,clean,0,735,61,61,62,62,orthorhombic,orthorhombic,Low symmetry,True,61,0.4431109130382538,62,0.1401043683290481,139,0.0488677881658077,True,2.817618208234093,0.518127457907931,0.4431109130382538,1.0,0.2053060084581375,0.2053060084581375,0.2053060084581375,0.0,0.2053060084581375,0.2053060084581375,False,clean input; no perturbation applied,forward_return_gate,single_softmax,29,Head,0.8,3.6350513474075674,True,False
opxrd_738,opxrd,final_gate_fls_model,training_results/exp_results/exp_test4_model.pth,gate,verified,clean,0,738,60,1,61,2,orthorhombic,triclinic,Low symmetry,False,1,0.2409870475530624,13,0.0547658056020736,12,0.0514861866831779,False,4.206257095905484,0.7734821169311656,0.2409870475530624,1.0,0.2180025726556778,0.2180025726556778,0.2180025726556778,0.0,0.2180025726556778,0.2180025726556778,False,clean input; no perturbation applied,forward_return_gate,single_softmax,11,Head,0.8,3.6350513474075674,False,True
opxrd_740,opxrd,final_gate_fls_model,training_results/exp_results/exp_test4_model.pth,gate,verified,clean,0,740,3,13,4,14,monoclinic,monoclinic,Low symmetry,False,13,0.0939475372433662,18,0.0786796137690544,10,0.0681396648287773,False,4.4385725192961605,0.8162022411135175,0.0939475372433662,1.0,0.3213808238506317,0.3213808238506317,0.3213808238506317,0.0,0.3213808238506317,0.3213808238506317,False,clean input; no perturbation applied,forward_return_gate,single_softmax,14,Head,0.8,3.6350513474075674,False,True
opxrd_742,opxrd,final_gate_fls_model,training_results/exp_results/exp_test4_model.pth,gate,verified,clean,0,742,220,220,221,221,cubic,cubic,High symmetry,True,220,0.6686957478523254,1,0.006166620645672,18,0.0060912994667887,True,2.396725751687911,0.440730194529379,0.6686957478523254,1.0,0.1582246273756027,0.1582246273756027,0.1582246273756027,0.0,0.1582246273756027,0.1582246273756027,False,clean input; no perturbation applied,forward_return_gate,single_softmax,14,Head,0.8,3.6350513474075674,True,False
opxrd_743,opxrd,final_gate_fls_model,training_results/exp_results/exp_test4_model.pth,gate,verified,clean,0,743,71,71,72,72,orthorhombic,orthorhombic,Low symmetry,True,71,0.9406120777130128,14,0.0042563290335237,197,0.0037162178196012,True,0.5178999376237196,0.0952358191565745,0.9406120777130128,0.9999998807907104,0.2461617588996887,0.2461617588996887,0.2461617588996887,0.0,0.2461617588996887,0.2461617588996887,False,clean input; no perturbation applied,forward_return_gate,single_softmax,6,Head,0.8,3.6350513474075674,True,False
opxrd_745,opxrd,final_gate_fls_model,training_results/exp_results/exp_test4_model.pth,gate,verified,clean,0,745,73,73,74,74,orthorhombic,orthorhombic,Low symmetry,True,73,0.9206548929214478,14,0.0185190849006176,224,0.0008854310726746,True,0.646225712011568,0.1188334474915056,0.9206548929214478,0.9999999403953552,0.059559691697359,0.059559691697359,0.059559691697359,0.0,0.059559691697359,0.059559691697359,False,clean input; no perturbation applied,forward_return_gate,single_softmax,29,Head,0.8,3.6350513474075674,True,False
opxrd_749,opxrd,final_gate_fls_model,training_results/exp_results/exp_test4_model.pth,gate,verified,clean,0,749,62,13,63,14,orthorhombic,monoclinic,Low symmetry,False,13,0.5144578218460083,51,0.2931879162788391,56,0.0502319261431694,False,1.7149670977045506,0.3153626492520085,0.5144578218460083,1.0,0.1479015499353408,0.1479015499353408,0.1479015499353408,0.0,0.1479015499353408,0.1479015499353408,False,clean input; no perturbation applied,forward_return_gate,single_softmax,10,Head,0.8,3.6350513474075674,True,False
opxrd_752,opxrd,final_gate_fls_model,training_results/exp_results/exp_test4_model.pth,gate,verified,clean,0,752,35,35,36,36,orthorhombic,orthorhombic,Low symmetry,True,35,0.8670299053192139,42,0.0611693933606147,18,0.0183839201927185,True,0.7372715549166176,0.1355757268392259,0.8670299053192139,1.0,0.1213420927524566,0.1213420927524566,0.1213420927524566,0.0,0.1213420927524566,0.1213420927524566,False,clean input; no perturbation applied,forward_return_gate,single_softmax,6,Head,0.8,3.6350513474075674,True,False
opxrd_755,opxrd,final_gate_fls_model,training_results/exp_results/exp_test4_model.pth,gate,verified,clean,0,755,4,199,5,200,monoclinic,cubic,Low symmetry,False,199,0.0458408631384372,11,0.0407820902764797,124,0.0344170741736888,False,5.015065255413597,0.9222125994346044,0.0458408631384372,1.0,0.3391844034194946,0.3391844034194946,0.3391844034194946,0.0,0.3391844034194946,0.3391844034194946,False,clean input; no perturbation applied,forward_return_gate,single_softmax,3,Medium,0.8,3.6350513474075674,False,True
opxrd_756,opxrd,final_gate_fls_model,training_results/exp_results/exp_test4_model.pth,gate,verified,clean,0,756,166,166,167,167,trigonal,trigonal,Medium symmetry,True,166,0.8957661390304565,138,0.0104788914322853,229,0.009291891939938,True,0.8077095133230028,0.1485284541543287,0.8957661390304565,0.9999999403953552,0.4068204760551452,0.4068204760551452,0.4068204760551452,0.0,0.4068204760551452,0.4068204760551452,False,clean input; no perturbation applied,forward_return_gate,single_softmax,5,Medium,0.8,3.6350513474075674,True,False
opxrd_76,opxrd,final_gate_fls_model,training_results/exp_results/exp_test4_model.pth,gate,verified,clean,0,76,128,128,129,129,tetragonal,tetragonal,Medium symmetry,True,128,0.9870952367782592,1,0.0005735072190873,14,0.0004578650987241,True,0.1350172698102965,0.0248281170869925,0.9870952367782592,1.000000238418579,0.2691982090473175,0.2691982090473175,0.2691982090473175,0.0,0.2691982090473175,0.2691982090473175,False,clean input; no perturbation applied,forward_return_gate,single_softmax,29,Head,0.8,3.6350513474075674,True,False
opxrd_760,opxrd,final_gate_fls_model,training_results/exp_results/exp_test4_model.pth,gate,verified,clean,0,760,13,10,14,11,monoclinic,monoclinic,Low symmetry,False,10,0.6191540956497192,122,0.0416969060897827,1,0.0382311232388019,False,2.3416471778657675,0.4306018807087683,0.6191540956497192,0.9999998807907104,0.2659824192523956,0.2659824192523956,0.2659824192523956,0.0,0.2659824192523956,0.2659824192523956,False,clean input; no perturbation applied,forward_return_gate,single_softmax,109,Head,0.8,3.6350513474075674,True,False
opxrd_773,opxrd,final_gate_fls_model,training_results/exp_results/exp_test4_model.pth,gate,verified,clean,0,773,165,165,166,166,trigonal,trigonal,Medium symmetry,True,165,0.7500973343849182,13,0.0211403835564851,190,0.0204868502914905,True,1.7422872275296597,0.320386505704466,0.7500973343849182,1.0000001192092896,0.2625622153282165,0.2625622153282165,0.2625622153282165,0.0,0.2625622153282165,0.2625622153282165,False,clean input; no perturbation applied,forward_return_gate,single_softmax,12,Head,0.8,3.6350513474075674,True,False
opxrd_779,opxrd,final_gate_fls_model,training_results/exp_results/exp_test4_model.pth,gate,verified,clean,0,779,1,69,2,70,triclinic,orthorhombic,Low symmetry,False,69,0.1913391798734665,0,0.0810351967811584,197,0.0790425986051559,False,3.987799609229139,0.7333103073148763,0.1913391798734665,0.9999999403953552,0.2826755046844482,0.2826755046844482,0.2826755046844482,0.0,0.2826755046844482,0.2826755046844482,False,clean input; no perturbation applied,forward_return_gate,single_softmax,52,Head,0.8,3.6350513474075674,False,True
opxrd_781,opxrd,final_gate_fls_model,training_results/exp_results/exp_test4_model.pth,gate,verified,clean,0,781,73,73,74,74,orthorhombic,orthorhombic,Low symmetry,True,73,0.9280616044998168,14,0.0121699897572398,126,0.0009007643675431,True,0.6114507870283821,0.1124387402782208,0.9280616044998168,1.0000001192092896,0.0570176728069782,0.0570176728069782,0.0570176728069782,0.0,0.0570176728069782,0.0570176728069782,False,clean input; no perturbation applied,forward_return_gate,single_softmax,29,Head,0.8,3.6350513474075674,True,False
opxrd_782,opxrd,final_gate_fls_model,training_results/exp_results/exp_test4_model.pth,gate,verified,clean,0,782,12,12,13,13,monoclinic,monoclinic,Low symmetry,True,12,0.4120181798934936,14,0.0459952130913734,2,0.0219459123909473,True,3.6350513474075674,0.6684439745928145,0.4120181798934936,0.9999997615814208,0.1831152588129043,0.1831152588129043,0.1831152588129043,0.0,0.1831152588129043,0.1831152588129043,False,clean input; no perturbation applied,forward_return_gate,single_softmax,5,Medium,0.8,3.6350513474075674,True,False
opxrd_787,opxrd,final_gate_fls_model,training_results/exp_results/exp_test4_model.pth,gate,verified,clean,0,787,216,216,217,217,cubic,cubic,High symmetry,True,216,0.6817160248756409,13,0.0587280094623565,14,0.0335394330322742,True,1.9542684538374755,0.3593674058101304,0.6817160248756409,0.9999999403953552,0.2166827023029327,0.2166827023029327,0.2166827023029327,0.0,0.2166827023029327,0.2166827023029327,False,clean input; no perturbation applied,forward_return_gate,single_softmax,2,Medium,0.8,3.6350513474075674,True,False
opxrd_797,opxrd,final_gate_fls_model,training_results/exp_results/exp_test4_model.pth,gate,verified,clean,0,797,11,163,12,164,monoclinic,trigonal,Low symmetry,False,163,0.1486350148916244,165,0.0498436503112316,226,0.0434468984603881,False,4.657791379497008,0.8565140585305855,0.1486350148916244,1.0,0.2597846388816833,0.2597846388816833,0.2597846388816833,0.0,0.2597846388816833,0.2597846388816833,False,clean input; no perturbation applied,forward_return_gate,single_softmax,10,Head,0.8,3.6350513474075674,False,True
opxrd_801,opxrd,final_gate_fls_model,training_results/exp_results/exp_test4_model.pth,gate,verified,clean,0,801,87,87,88,88,tetragonal,tetragonal,Medium symmetry,True,87,0.8307314515113831,14,0.1095457822084426,32,0.0107546616345644,True,0.8345895631221666,0.1534713849709237,0.8307314515113831,0.9999998211860656,0.2169679105281829,0.2169679105281829,0.2169679105281829,0.0,0.2169679105281829,0.2169679105281829,False,clean input; no perturbation applied,forward_return_gate,single_softmax,11,Head,0.8,3.6350513474075674,True,False
opxrd_803,opxrd,final_gate_fls_model,training_results/exp_results/exp_test4_model.pth,gate,verified,clean,0,803,124,124,125,125,tetragonal,tetragonal,Medium symmetry,True,124,0.9544276595115662,13,0.0029944097623229,91,0.0025992048904299,True,0.413912113528642,0.0761136588886199,0.9544276595115662,1.0000001192092896,0.3233843445777893,0.3233843445777893,0.3233843445777893,0.0,0.3233843445777893,0.3233843445777893,False,clean input; no perturbation applied,forward_return_gate,single_softmax,13,Head,0.8,3.6350513474075674,True,False
opxrd_805,opxrd,final_gate_fls_model,training_results/exp_results/exp_test4_model.pth,gate,verified,clean,0,805,138,138,139,139,tetragonal,tetragonal,Medium symmetry,True,138,0.432030975818634,91,0.1199015080928802,126,0.0287256054580211,True,3.226910561414383,0.5933915962055636,0.432030975818634,1.0,0.3705779314041137,0.3705779314041137,0.3705779314041137,0.0,0.3705779314041137,0.3705779314041137,False,clean input; no perturbation applied,forward_return_gate,single_softmax,11,Head,0.8,3.6350513474075674,True,False
opxrd_808,opxrd,final_gate_fls_model,training_results/exp_results/exp_test4_model.pth,gate,verified,clean,0,808,128,175,129,176,tetragonal,hexagonal,Medium symmetry,False,175,0.1147489473223686,14,0.0561322048306465,10,0.044201835989952,False,4.798947624898474,0.8824710623517411,0.1147489473223686,1.0,0.2217262387275695,0.2217262387275695,0.2217262387275695,0.0,0.2217262387275695,0.2217262387275695,False,clean input; no perturbation applied,forward_return_gate,single_softmax,29,Head,0.8,3.6350513474075674,False,True
opxrd_809,opxrd,final_gate_fls_model,training_results/exp_results/exp_test4_model.pth,gate,verified,clean,0,809,61,35,62,36,orthorhombic,orthorhombic,Low symmetry,False,35,0.1536702662706375,42,0.1398805677890777,18,0.1047789305448532,False,3.92148601699224,0.7211160033208014,0.1536702662706375,0.9999998807907104,0.1382975876331329,0.1382975876331329,0.1382975876331329,0.0,0.1382975876331329,0.1382975876331329,False,clean input; no perturbation applied,forward_return_gate,single_softmax,29,Head,0.8,3.6350513474075674,False,True
opxrd_816,opxrd,final_gate_fls_model,training_results/exp_results/exp_test4_model.pth,gate,verified,clean,0,816,13,13,14,14,monoclinic,monoclinic,Low symmetry,True,13,0.4461946189403534,1,0.0589025765657424,28,0.0224169045686721,True,3.415984064892956,0.6281600305622171,0.4461946189403534,0.9999999403953552,0.2184218019247055,0.2184218019247055,0.2184218019247055,0.0,0.2184218019247055,0.2184218019247055,False,clean input; no perturbation applied,forward_return_gate,single_softmax,109,Head,0.8,3.6350513474075674,True,False
opxrd_817,opxrd,final_gate_fls_model,training_results/exp_results/exp_test4_model.pth,gate,verified,clean,0,817,13,25,14,26,monoclinic,orthorhombic,Low symmetry,False,25,0.0995677858591079,14,0.0952735468745231,13,0.0441466122865676,True,4.517859700795833,0.8307822383874764,0.0995677858591079,0.9999998807907104,0.3064878582954407,0.3064878582954407,0.3064878582954407,0.0,0.3064878582954407,0.3064878582954407,False,clean input; no perturbation applied,forward_return_gate,single_softmax,109,Head,0.8,3.6350513474075674,False,True
opxrd_818,opxrd,final_gate_fls_model,training_results/exp_results/exp_test4_model.pth,gate,verified,clean,0,818,190,190,191,191,hexagonal,hexagonal,Medium symmetry,True,190,0.9453086256980896,165,0.0013707926264032,13,0.0011126899626106,True,0.5000051242920154,0.0919451695880144,0.9453086256980896,0.9999998807907104,0.2830913662910461,0.2830913662910461,0.2830913662910461,0.0,0.2830913662910461,0.2830913662910461,False,clean input; no perturbation applied,forward_return_gate,single_softmax,5,Head,0.8,3.6350513474075674,True,False
opxrd_823,opxrd,final_gate_fls_model,training_results/exp_results/exp_test4_model.pth,gate,verified,clean,0,823,13,13,14,14,monoclinic,monoclinic,Low symmetry,True,13,0.2008589655160904,18,0.082245297729969,0,0.0780022665858268,True,4.236841821913385,0.7791062949305038,0.2008589655160904,1.0,0.181426003575325,0.181426003575325,0.181426003575325,0.0,0.181426003575325,0.181426003575325,False,clean input; no perturbation applied,forward_return_gate,single_softmax,109,Head,0.8,3.6350513474075674,False,True
opxrd_824,opxrd,final_gate_fls_model,training_results/exp_results/exp_test4_model.pth,gate,verified,clean,0,824,13,13,14,14,monoclinic,monoclinic,Low symmetry,True,13,0.9188855290412904,18,0.0051696924492716,197,0.0034099265467375,True,0.6906792993457291,0.1270079489669105,0.9188855290412904,1.000000238418579,0.2272514253854751,0.2272514253854751,0.2272514253854751,0.0,0.2272514253854751,0.2272514253854751,False,clean input; no perturbation applied,forward_return_gate,single_softmax,109,Head,0.8,3.6350513474075674,True,False
opxrd_826,opxrd,final_gate_fls_model,training_results/exp_results/exp_test4_model.pth,gate,verified,clean,0,826,124,124,125,125,tetragonal,tetragonal,Medium symmetry,True,124,0.9423884749412536,13,0.0082144076004624,91,0.0067109577357769,True,0.4865478877184602,0.0894705391515892,0.9423884749412536,1.0000001192092896,0.3361448645591736,0.3361448645591736,0.3361448645591736,0.0,0.3361448645591736,0.3361448645591736,False,clean input; no perturbation applied,forward_return_gate,single_softmax,13,Head,0.8,3.6350513474075674,True,False
opxrd_83,opxrd,final_gate_fls_model,training_results/exp_results/exp_test4_model.pth,gate,verified,clean,0,83,1,1,2,2,triclinic,triclinic,Low symmetry,True,1,0.1559490114450454,18,0.1550666391849517,2,0.0929407179355621,True,4.165372472021294,0.7659639066290276,0.1559490114450454,1.0,0.213111326098442,0.213111326098442,0.213111326098442,0.0,0.213111326098442,0.213111326098442,False,clean input; no perturbation applied,forward_return_gate,single_softmax,52,Head,0.8,3.6350513474075674,False,True
opxrd_831,opxrd,final_gate_fls_model,training_results/exp_results/exp_test4_model.pth,gate,verified,clean,0,831,222,165,223,166,cubic,trigonal,High symmetry,False,165,0.5418854355812073,166,0.2205804288387298,175,0.022856643423438,False,2.0985513480811053,0.3858993642548849,0.5418854355812073,0.9999998807907104,0.2540427148342132,0.2540427148342132,0.2540427148342132,0.0,0.2540427148342132,0.2540427148342132,False,clean input; no perturbation applied,forward_return_gate,single_softmax,1,Tail,0.8,3.6350513474075674,True,False
opxrd_833,opxrd,final_gate_fls_model,training_results/exp_results/exp_test4_model.pth,gate,verified,clean,0,833,138,138,139,139,tetragonal,tetragonal,Medium symmetry,True,138,0.9371625781059264,139,0.0081555712968111,126,0.002218555426225,True,0.5367699130506358,0.098705789775788,0.9371625781059264,0.9999999403953552,0.3858639895915985,0.3858639895915985,0.3858639895915985,0.0,0.3858639895915985,0.3858639895915985,False,clean input; no perturbation applied,forward_return_gate,single_softmax,11,Head,0.8,3.6350513474075674,True,False
opxrd_836,opxrd,final_gate_fls_model,training_results/exp_results/exp_test4_model.pth,gate,verified,clean,0,836,11,1,12,2,monoclinic,triclinic,Low symmetry,False,1,0.2358261346817016,11,0.1091800034046173,58,0.045025635510683,True,3.970941492766876,0.7302102943315054,0.2358261346817016,1.0,0.2084138244390487,0.2084138244390487,0.2084138244390487,0.0,0.2084138244390487,0.2084138244390487,False,clean input; no perturbation applied,forward_return_gate,single_softmax,10,Head,0.8,3.6350513474075674,False,True
opxrd_85,opxrd,final_gate_fls_model,training_results/exp_results/exp_test4_model.pth,gate,verified,clean,0,85,202,202,203,203,cubic,cubic,High symmetry,True,202,0.8907596468925476,13,0.0102182254195213,14,0.0071267527528107,True,0.8383668678751408,0.1541659877044248,0.8907596468925476,1.0000001192092896,0.1168398186564445,0.1168398186564445,0.1168398186564445,0.0,0.1168398186564445,0.1168398186564445,False,clean input; no perturbation applied,forward_return_gate,single_softmax,4,Medium,0.8,3.6350513474075674,True,False
opxrd_850,opxrd,final_gate_fls_model,training_results/exp_results/exp_test4_model.pth,gate,verified,clean,0,850,18,13,19,14,orthorhombic,monoclinic,Low symmetry,False,13,0.0951090976595878,1,0.0498799160122871,165,0.0236553456634283,False,5.021496239308895,0.923395183124538,0.0951090976595878,1.0,0.1923853009939193,0.1923853009939193,0.1923853009939193,0.0,0.1923853009939193,0.1923853009939193,False,clean input; no perturbation applied,forward_return_gate,single_softmax,27,Head,0.8,3.6350513474075674,False,True
opxrd_862,opxrd,final_gate_fls_model,training_results/exp_results/exp_test4_model.pth,gate,verified,clean,0,862,224,224,225,225,cubic,cubic,High symmetry,True,224,0.841295063495636,162,0.0008308431715704,128,0.0008211933891288,True,1.2973856122223073,0.2385742352255626,0.841295063495636,1.0000001192092896,0.1244083791971206,0.1244083791971206,0.1244083791971206,0.0,0.1244083791971206,0.1244083791971206,False,clean input; no perturbation applied,forward_return_gate,single_softmax,289,Head,0.8,3.6350513474075674,True,False
opxrd_866,opxrd,final_gate_fls_model,training_results/exp_results/exp_test4_model.pth,gate,verified,clean,0,866,224,224,225,225,cubic,cubic,High symmetry,True,224,0.8518003225326538,162,0.000798228487838,128,0.0007808522786945,True,1.2225294156221982,0.2248090449170506,0.8518003225326538,1.0,0.1065200567245483,0.1065200567245483,0.1065200567245483,0.0,0.1065200567245483,0.1065200567245483,False,clean input; no perturbation applied,forward_return_gate,single_softmax,289,Head,0.8,3.6350513474075674,True,False
opxrd_871,opxrd,final_gate_fls_model,training_results/exp_results/exp_test4_model.pth,gate,verified,clean,0,871,224,224,225,225,cubic,cubic,High symmetry,True,224,0.8878455758094788,10,0.0006786498124711,200,0.0006245230324566,True,0.9585490382168852,0.1762661012766085,0.8878455758094788,1.0000001192092896,0.0884141474962234,0.0884141474962234,0.0884141474962234,0.0,0.0884141474962234,0.0884141474962234,False,clean input; no perturbation applied,forward_return_gate,single_softmax,289,Head,0.8,3.6350513474075674,True,False
opxrd_875,opxrd,final_gate_fls_model,training_results/exp_results/exp_test4_model.pth,gate,verified,clean,0,875,224,224,225,225,cubic,cubic,High symmetry,True,224,0.8862306475639343,126,0.0010009536053985,188,0.0006994202849455,True,0.97013850400101,0.1783972702290561,0.8862306475639343,1.0,0.092570811510086,0.092570811510086,0.092570811510086,0.0,0.092570811510086,0.092570811510086,False,clean input; no perturbation applied,forward_return_gate,single_softmax,289,Head,0.8,3.6350513474075674,True,False
opxrd_883,opxrd,final_gate_fls_model,training_results/exp_results/exp_test4_model.pth,gate,verified,clean,0,883,224,224,225,225,cubic,cubic,High symmetry,True,224,0.8532956838607788,162,0.0007908212137408,128,0.0007670284248888,True,1.211870311007745,0.2228489586422948,0.8532956838607788,1.0,0.105936050415039,0.105936050415039,0.105936050415039,0.0,0.105936050415039,0.105936050415039,False,clean input; no perturbation applied,forward_return_gate,single_softmax,289,Head,0.8,3.6350513474075674,True,False
opxrd_885,opxrd,final_gate_fls_model,training_results/exp_results/exp_test4_model.pth,gate,verified,clean,0,885,224,224,225,225,cubic,cubic,High symmetry,True,224,0.8446609377861023,45,0.0013218352105468,147,0.000849213800393,True,1.2736632538964598,0.2342119674140354,0.8446609377861023,1.0,0.1284452825784683,0.1284452825784683,0.1284452825784683,0.0,0.1284452825784683,0.1284452825784683,False,clean input; no perturbation applied,forward_return_gate,single_softmax,289,Head,0.8,3.6350513474075674,True,False
opxrd_886,opxrd,final_gate_fls_model,training_results/exp_results/exp_test4_model.pth,gate,verified,clean,0,886,224,224,225,225,cubic,cubic,High symmetry,True,224,0.8689032793045044,10,0.000778421992436,162,0.0007090763538144,True,1.0992926601143214,0.2021472283992846,0.8689032793045044,0.9999999403953552,0.0800033509731292,0.0800033509731292,0.0800033509731292,0.0,0.0800033509731292,0.0800033509731292,False,clean input; no perturbation applied,forward_return_gate,single_softmax,289,Head,0.8,3.6350513474075674,True,False
opxrd_898,opxrd,final_gate_fls_model,training_results/exp_results/exp_test4_model.pth,gate,verified,clean,0,898,224,224,225,225,cubic,cubic,High symmetry,True,224,0.8396294116973877,162,0.0008408264257013,45,0.0008254438289441,True,1.3093820303159924,0.2407802380093029,0.8396294116973877,1.000000238418579,0.1271494925022125,0.1271494925022125,0.1271494925022125,0.0,0.1271494925022125,0.1271494925022125,False,clean input; no perturbation applied,forward_return_gate,single_softmax,289,Head,0.8,3.6350513474075674,True,False
opxrd_901,opxrd,final_gate_fls_model,training_results/exp_results/exp_test4_model.pth,gate,verified,clean,0,901,224,224,225,225,cubic,cubic,High symmetry,True,224,0.8575536012649536,10,0.0007727895281277,1,0.0007692893850617,True,1.181325877103216,0.2172321898955777,0.8575536012649536,1.0,0.1172489076852798,0.1172489076852798,0.1172489076852798,0.0,0.1172489076852798,0.1172489076852798,False,clean input; no perturbation applied,forward_return_gate,single_softmax,289,Head,0.8,3.6350513474075674,True,False
opxrd_904,opxrd,final_gate_fls_model,training_results/exp_results/exp_test4_model.pth,gate,verified,clean,0,904,224,224,225,225,cubic,cubic,High symmetry,True,224,0.8417462110519409,45,0.0010151572059839,162,0.000817731488496,True,1.2946205379399365,0.2380657699889791,0.8417462110519409,0.9999999403953552,0.1336992979049682,0.1336992979049682,0.1336992979049682,0.0,0.1336992979049682,0.1336992979049682,False,clean input; no perturbation applied,forward_return_gate,single_softmax,289,Head,0.8,3.6350513474075674,True,False
opxrd_907,opxrd,final_gate_fls_model,training_results/exp_results/exp_test4_model.pth,gate,verified,clean,0,907,224,224,225,225,cubic,cubic,High symmetry,True,224,0.9013277888298036,1,0.0010692987125366,6,0.0006275366758927,True,0.8557512478185465,0.1573627744660449,0.9013277888298036,0.9999998211860656,0.0916226357221603,0.0916226357221603,0.0916226357221603,0.0,0.0916226357221603,0.0916226357221603,False,clean input; no perturbation applied,forward_return_gate,single_softmax,289,Head,0.8,3.6350513474075674,True,False
opxrd_910,opxrd,final_gate_fls_model,training_results/exp_results/exp_test4_model.pth,gate,verified,clean,0,910,224,224,225,225,cubic,cubic,High symmetry,True,224,0.8335829973220825,128,0.0008663217304274,124,0.0008634505793452,True,1.3516973636636358,0.2485615392636279,0.8335829973220825,1.0,0.1171508729457855,0.1171508729457855,0.1171508729457855,0.0,0.1171508729457855,0.1171508729457855,False,clean input; no perturbation applied,forward_return_gate,single_softmax,289,Head,0.8,3.6350513474075674,True,False
opxrd_913,opxrd,final_gate_fls_model,training_results/exp_results/exp_test4_model.pth,gate,verified,clean,0,913,224,224,225,225,cubic,cubic,High symmetry,True,224,0.8987547159194946,145,0.000992652378045,198,0.0008869455195963,True,0.8761276332707524,0.1611097564967724,0.8987547159194946,1.0,0.0722191631793975,0.0722191631793975,0.0722191631793975,0.0,0.0722191631793975,0.0722191631793975,False,clean input; no perturbation applied,forward_return_gate,single_softmax,289,Head,0.8,3.6350513474075674,True,False
opxrd_917,opxrd,final_gate_fls_model,training_results/exp_results/exp_test4_model.pth,gate,verified,clean,0,917,224,224,225,225,cubic,cubic,High symmetry,True,224,0.8384352326393127,45,0.0010217552771791,162,0.0008514351211488,True,1.3180036681791067,0.2423656576718972,0.8384352326393127,1.0,0.12922303378582,0.12922303378582,0.12922303378582,0.0,0.12922303378582,0.12922303378582,False,clean input; no perturbation applied,forward_return_gate,single_softmax,289,Head,0.8,3.6350513474075674,True,False
opxrd_927,opxrd,final_gate_fls_model,training_results/exp_results/exp_test4_model.pth,gate,verified,clean,0,927,224,224,225,225,cubic,cubic,High symmetry,True,224,0.835242509841919,162,0.0008706153021194,61,0.0008693305426277,True,1.340172628078994,0.2464422734475279,0.835242509841919,1.0,0.1211520433425903,0.1211520433425903,0.1211520433425903,0.0,0.1211520433425903,0.1211520433425903,False,clean input; no perturbation applied,forward_return_gate,single_softmax,289,Head,0.8,3.6350513474075674,True,False
opxrd_930,opxrd,final_gate_fls_model,training_results/exp_results/exp_test4_model.pth,gate,verified,clean,0,930,224,224,225,225,cubic,cubic,High symmetry,True,224,0.8858166933059692,1,0.0013515537139028,145,0.0010348302312195,True,0.9720820169952458,0.1787546598300217,0.8858166933059692,0.9999999403953552,0.0908543094992637,0.0908543094992637,0.0908543094992637,0.0,0.0908543094992637,0.0908543094992637,False,clean input; no perturbation applied,forward_return_gate,single_softmax,289,Head,0.8,3.6350513474075674,True,False
opxrd_935,opxrd,final_gate_fls_model,training_results/exp_results/exp_test4_model.pth,gate,verified,clean,0,935,224,224,225,225,cubic,cubic,High symmetry,True,224,0.8360506892204285,162,0.0008492233464494,124,0.0008467814768664,True,1.3344281510014468,0.245385930435369,0.8360506892204285,1.0,0.1216488629579544,0.1216488629579544,0.1216488629579544,0.0,0.1216488629579544,0.1216488629579544,False,clean input; no perturbation applied,forward_return_gate,single_softmax,289,Head,0.8,3.6350513474075674,True,False
opxrd_938,opxrd,final_gate_fls_model,training_results/exp_results/exp_test4_model.pth,gate,verified,clean,0,938,224,224,225,225,cubic,cubic,High symmetry,True,224,0.8389629125595093,45,0.0008433661423623,162,0.0008354668971151,True,1.3142071491102902,0.24166752164755,0.8389629125595093,0.9999999403953552,0.1298068314790725,0.1298068314790725,0.1298068314790725,0.0,0.1298068314790725,0.1298068314790725,False,clean input; no perturbation applied,forward_return_gate,single_softmax,289,Head,0.8,3.6350513474075674,True,False
opxrd_94,opxrd,final_gate_fls_model,training_results/exp_results/exp_test4_model.pth,gate,verified,clean,0,94,14,14,15,15,monoclinic,monoclinic,Low symmetry,True,14,0.857733428478241,10,0.0150160575285553,13,0.0144266933202743,True,1.067731276128167,0.1963434542736726,0.857733428478241,1.000000238418579,0.3051097393035888,0.3051097393035888,0.3051097393035888,0.0,0.3051097393035888,0.3051097393035888,False,clean input; no perturbation applied,forward_return_gate,single_softmax,37,Head,0.8,3.6350513474075674,True,False
opxrd_943,opxrd,final_gate_fls_model,training_results/exp_results/exp_test4_model.pth,gate,verified,clean,0,943,224,224,225,225,cubic,cubic,High symmetry,True,224,0.8393844962120056,61,0.0011491825571283,139,0.0010282817529514,True,1.310272253892859,0.2409439398470833,0.8393844962120056,0.9999999403953552,0.1436927169561386,0.1436927169561386,0.1436927169561386,0.0,0.1436927169561386,0.1436927169561386,False,clean input; no perturbation applied,forward_return_gate,single_softmax,289,Head,0.8,3.6350513474075674,True,False
opxrd_944,opxrd,final_gate_fls_model,training_results/exp_results/exp_test4_model.pth,gate,verified,clean,0,944,224,224,225,225,cubic,cubic,High symmetry,True,224,0.8545387387275696,45,0.0022071211133152,147,0.0008371765143238,True,1.2020607318326788,0.2210450902877143,0.8545387387275696,1.0,0.1350680142641067,0.1350680142641067,0.1350680142641067,0.0,0.1350680142641067,0.1350680142641067,False,clean input; no perturbation applied,forward_return_gate,single_softmax,289,Head,0.8,3.6350513474075674,True,False
opxrd_950,opxrd,final_gate_fls_model,training_results/exp_results/exp_test4_model.pth,gate,verified,clean,0,950,224,224,225,225,cubic,cubic,High symmetry,True,224,0.8479552865028381,128,0.0007892682915553,61,0.0007774453843012,True,1.2499299079285622,0.2298476791019922,0.8479552865028381,1.0000001192092896,0.1457442343235016,0.1457442343235016,0.1457442343235016,0.0,0.1457442343235016,0.1457442343235016,False,clean input; no perturbation applied,forward_return_gate,single_softmax,289,Head,0.8,3.6350513474075674,True,False
opxrd_958,opxrd,final_gate_fls_model,training_results/exp_results/exp_test4_model.pth,gate,verified,clean,0,958,224,224,225,225,cubic,cubic,High symmetry,True,224,0.8726893067359924,1,0.0009057857678271,61,0.0008572349324822,True,1.070958954054002,0.1969369869793356,0.8726893067359924,1.0000001192092896,0.1266274899244308,0.1266274899244308,0.1266274899244308,0.0,0.1266274899244308,0.1266274899244308,False,clean input; no perturbation applied,forward_return_gate,single_softmax,289,Head,0.8,3.6350513474075674,True,False
opxrd_965,opxrd,final_gate_fls_model,training_results/exp_results/exp_test4_model.pth,gate,verified,clean,0,965,224,224,225,225,cubic,cubic,High symmetry,True,224,0.8462116122245789,10,0.0008703668136149,162,0.0008268483215942,True,1.2626815901617787,0.2321925662411504,0.8462116122245789,1.0,0.0926621854305267,0.0926621854305267,0.0926621854305267,0.0,0.0926621854305267,0.0926621854305267,False,clean input; no perturbation applied,forward_return_gate,single_softmax,289,Head,0.8,3.6350513474075674,True,False
opxrd_97,opxrd,final_gate_fls_model,training_results/exp_results/exp_test4_model.pth,gate,verified,clean,0,97,14,18,15,19,monoclinic,orthorhombic,Low symmetry,False,18,0.5521885752677917,1,0.3208632469177246,14,0.0115210777148604,True,1.5802507423676455,0.2905898668624886,0.5521885752677917,1.0,0.0941800996661186,0.0941800996661186,0.0941800996661186,0.0,0.0941800996661186,0.0941800996661186,False,clean input; no perturbation applied,forward_return_gate,single_softmax,37,Head,0.8,3.6350513474075674,True,False
opxrd_970,opxrd,final_gate_fls_model,training_results/exp_results/exp_test4_model.pth,gate,verified,clean,0,970,224,224,225,225,cubic,cubic,High symmetry,True,224,0.8469842076301575,128,0.000804588838946,162,0.0007873042486608,True,1.2568080703272952,0.2311124937558437,0.8469842076301575,1.0,0.1398769170045852,0.1398769170045852,0.1398769170045852,0.0,0.1398769170045852,0.1398769170045852,False,clean input; no perturbation applied,forward_return_gate,single_softmax,289,Head,0.8,3.6350513474075674,True,False
opxrd_98,opxrd,final_gate_fls_model,training_results/exp_results/exp_test4_model.pth,gate,verified,clean,0,98,1,13,2,14,triclinic,monoclinic,Low symmetry,False,13,0.1200018003582954,1,0.0372488461434841,60,0.0204325970262289,True,4.973297337144111,0.9145319614930152,0.1200018003582954,1.0,0.1752545982599258,0.1752545982599258,0.1752545982599258,0.0,0.1752545982599258,0.1752545982599258,False,clean input; no perturbation applied,forward_return_gate,single_softmax,52,Head,0.8,3.6350513474075674,False,True
opxrd_983,opxrd,final_gate_fls_model,training_results/exp_results/exp_test4_model.pth,gate,verified,clean,0,983,224,224,225,225,cubic,cubic,High symmetry,True,224,0.8383316397666931,162,0.0008424044935964,45,0.0008249217062257,True,1.318493891760724,0.2424558041287194,0.8383316397666931,1.0,0.1272751241922378,0.1272751241922378,0.1272751241922378,0.0,0.1272751241922378,0.1272751241922378,False,clean input; no perturbation applied,forward_return_gate,single_softmax,289,Head,0.8,3.6350513474075674,True,False
opxrd_986,opxrd,final_gate_fls_model,training_results/exp_results/exp_test4_model.pth,gate,verified,clean,0,986,224,224,225,225,cubic,cubic,High symmetry,True,224,0.8778267502784729,10,0.0007869369001127,126,0.0007176179205998,True,1.0332254941550572,0.1899982393525717,0.8778267502784729,1.0,0.0813246816396713,0.0813246816396713,0.0813246816396713,0.0,0.0813246816396713,0.0813246816396713,False,clean input; no perturbation applied,forward_return_gate,single_softmax,289,Head,0.8,3.6350513474075674,True,False
opxrd_994,opxrd,final_gate_fls_model,training_results/exp_results/exp_test4_model.pth,gate,verified,clean,0,994,224,224,225,225,cubic,cubic,High symmetry,True,224,0.8408610224723816,45,0.0009162732749246,162,0.0008202469907701,True,1.3007455781365702,0.239192094164977,0.8408610224723816,0.9999999403953552,0.1380127817392349,0.1380127817392349,0.1380127817392349,0.0,0.1380127817392349,0.1380127817392349,False,clean input; no perturbation applied,forward_return_gate,single_softmax,289,Head,0.8,3.6350513474075674,True,False
opxrd_998,opxrd,final_gate_fls_model,training_results/exp_results/exp_test4_model.pth,gate,verified,clean,0,998,224,224,225,225,cubic,cubic,High symmetry,True,224,0.8424665331840515,45,0.0008383440435864,162,0.0008034636266529,True,1.289295586553954,0.2370865729078985,0.8424665331840515,0.9999998807907104,0.1456890255212783,0.1456890255212783,0.1456890255212783,0.0,0.1456890255212783,0.1456890255212783,False,clean input; no perturbation applied,forward_return_gate,single_softmax,289,Head,0.8,3.6350513474075674,True,False
opxrd_aug_source_715_label_52,opxrd,final_gate_fls_model,training_results/exp_results/exp_test4_model.pth,gate,verified,clean,0,1218,52,52,53,53,orthorhombic,orthorhombic,Low symmetry,True,52,0.98484867811203,100,0.0013885247753933,13,0.0009877047268673,True,0.1514774768596392,0.0278549591233588,0.98484867811203,1.0,0.2207881957292556,0.2207881957292556,0.2207881957292556,0.0,0.2207881957292556,0.2207881957292556,False,clean input; no perturbation applied,forward_return_gate,single_softmax,1,Tail,0.8,3.6350513474075674,True,False
